timestamp,day_of_week,hour,distance_cm,battery_pct,alert_type,mode
2026-03-09 08:00:00,Monday,8,195.7,100.0,low_battery,navigation
2026-03-09 08:00:30,Monday,8,194.8,100.0,none,indoor_assist
2026-03-09 08:01:00,Monday,8,210.0,100.0,none,navigation
2026-03-09 08:01:30,Monday,8,192.0,99.9,obstacle_medium,indoor_assist
2026-03-09 08:02:00,Monday,8,219.7,99.9,none,indoor_assist
2026-03-09 08:02:30,Monday,8,203.3,99.9,obstacle_medium,indoor_assist
2026-03-09 08:03:00,Monday,8,201.2,99.9,none,indoor_assist
2026-03-09 08:03:30,Monday,8,196.8,99.9,none,navigation
2026-03-09 08:04:00,Monday,8,226.2,99.8,obstacle_medium,navigation
2026-03-09 08:04:30,Monday,8,192.8,99.8,none,indoor_assist
2026-03-09 08:05:00,Monday,8,217.0,99.8,none,standby
2026-03-09 08:05:30,Monday,8,154.6,99.8,none,indoor_assist
2026-03-09 08:06:00,Monday,8,219.9,99.8,none,indoor_assist
2026-03-09 08:06:30,Monday,8,163.4,99.7,none,navigation
2026-03-09 08:07:00,Monday,8,203.4,99.7,obstacle_near,navigation
2026-03-09 08:07:30,Monday,8,224.6,99.7,obstacle_medium,navigation
2026-03-09 08:08:00,Monday,8,181.2,99.7,none,navigation
2026-03-09 08:08:30,Monday,8,178.5,99.7,low_battery,standby
2026-03-09 08:09:00,Monday,8,175.4,99.6,obstacle_medium,indoor_assist
2026-03-09 08:09:30,Monday,8,167.0,99.6,obstacle_medium,navigation
2026-03-09 08:10:00,Monday,8,242.8,99.6,none,indoor_assist
2026-03-09 08:10:30,Monday,8,197.2,99.6,none,indoor_assist
2026-03-09 08:11:00,Monday,8,201.0,99.6,none,navigation
2026-03-09 08:11:30,Monday,8,207.6,99.5,obstacle_medium,standby
2026-03-09 08:12:00,Monday,8,218.6,99.5,none,navigation
2026-03-09 08:12:30,Monday,8,181.7,99.5,none,navigation
2026-03-09 08:13:00,Monday,8,197.9,99.5,none,navigation
2026-03-09 08:13:30,Monday,8,222.5,99.5,none,standby
2026-03-09 08:14:00,Monday,8,183.0,99.4,none,indoor_assist
2026-03-09 08:14:30,Monday,8,212.5,99.4,obstacle_medium,navigation
2026-03-09 08:15:00,Monday,8,232.5,99.4,none,navigation
2026-03-09 08:15:30,Monday,8,226.8,99.4,obstacle_near,navigation
2026-03-09 08:16:00,Monday,8,236.8,99.4,none,standby
2026-03-09 08:16:30,Monday,8,199.1,99.3,obstacle_near,indoor_assist
2026-03-09 08:17:00,Monday,8,184.5,99.3,low_battery,indoor_assist
2026-03-09 08:17:30,Monday,8,166.1,99.3,obstacle_medium,navigation
2026-03-09 08:18:00,Monday,8,128.7,99.3,none,navigation
2026-03-09 08:18:30,Monday,8,221.3,99.3,none,navigation
2026-03-09 08:19:00,Monday,8,251.7,99.2,low_battery,indoor_assist
2026-03-09 08:19:30,Monday,8,168.3,99.2,none,navigation
2026-03-09 08:20:00,Monday,8,202.9,99.2,none,indoor_assist
2026-03-09 08:20:30,Monday,8,162.8,99.2,obstacle_near,navigation
2026-03-09 08:21:00,Monday,8,268.5,99.2,none,indoor_assist
2026-03-09 08:21:30,Monday,8,208.4,99.1,none,navigation
2026-03-09 08:22:00,Monday,8,252.4,99.1,obstacle_medium,navigation
2026-03-09 08:22:30,Monday,8,149.6,99.1,obstacle_near,indoor_assist
2026-03-09 08:23:00,Monday,8,201.6,99.1,none,indoor_assist
2026-03-09 08:23:30,Monday,8,184.4,99.1,low_battery,standby
2026-03-09 08:24:00,Monday,8,181.7,99.0,none,indoor_assist
2026-03-09 08:24:30,Monday,8,209.6,99.0,obstacle_medium,navigation
2026-03-09 08:25:00,Monday,8,243.4,99.0,none,indoor_assist
2026-03-09 08:25:30,Monday,8,198.7,99.0,obstacle_medium,navigation
2026-03-09 08:26:00,Monday,8,179.0,99.0,fall_detected,navigation
2026-03-09 08:26:30,Monday,8,234.0,98.9,obstacle_near,indoor_assist
2026-03-09 08:27:00,Monday,8,208.6,98.9,none,navigation
2026-03-09 08:27:30,Monday,8,264.6,98.9,fall_detected,indoor_assist
2026-03-09 08:28:00,Monday,8,203.6,98.9,none,indoor_assist
2026-03-09 08:28:30,Monday,8,215.6,98.9,none,indoor_assist
2026-03-09 08:29:00,Monday,8,206.9,98.8,obstacle_medium,navigation
2026-03-09 08:29:30,Monday,8,181.8,98.8,none,navigation
2026-03-09 08:30:00,Monday,8,194.1,98.8,none,navigation
2026-03-09 08:30:30,Monday,8,155.5,98.8,none,navigation
2026-03-09 08:31:00,Monday,8,214.6,98.8,obstacle_medium,navigation
2026-03-09 08:31:30,Monday,8,182.7,98.7,none,navigation
2026-03-09 08:32:00,Monday,8,200.1,98.7,none,standby
2026-03-09 08:32:30,Monday,8,268.0,98.7,none,navigation
2026-03-09 08:33:00,Monday,8,257.0,98.7,none,standby
2026-03-09 08:33:30,Monday,8,199.7,98.7,none,navigation
2026-03-09 08:34:00,Monday,8,179.3,98.6,none,navigation
2026-03-09 08:34:30,Monday,8,201.9,98.6,none,standby
2026-03-09 08:35:00,Monday,8,195.0,98.6,none,navigation
2026-03-09 08:35:30,Monday,8,252.3,98.6,none,standby
2026-03-09 08:36:00,Monday,8,155.1,98.6,obstacle_medium,navigation
2026-03-09 08:36:30,Monday,8,183.6,98.5,none,indoor_assist
2026-03-09 08:37:00,Monday,8,151.9,98.5,obstacle_near,indoor_assist
2026-03-09 08:37:30,Monday,8,186.9,98.5,none,standby
2026-03-09 08:38:00,Monday,8,241.9,98.5,obstacle_medium,navigation
2026-03-09 08:38:30,Monday,8,263.8,98.5,none,indoor_assist
2026-03-09 08:39:00,Monday,8,201.4,98.4,none,navigation
2026-03-09 08:39:30,Monday,8,215.1,98.4,none,indoor_assist
2026-03-09 08:40:00,Monday,8,165.3,98.4,none,standby
2026-03-09 08:40:30,Monday,8,219.3,98.4,obstacle_medium,indoor_assist
2026-03-09 08:41:00,Monday,8,202.1,98.4,none,navigation
2026-03-09 08:41:30,Monday,8,230.0,98.3,none,indoor_assist
2026-03-09 08:42:00,Monday,8,229.8,98.3,none,standby
2026-03-09 08:42:30,Monday,8,214.6,98.3,obstacle_near,navigation
2026-03-09 08:43:00,Monday,8,193.3,98.3,none,standby
2026-03-09 08:43:30,Monday,8,269.5,98.3,none,navigation
2026-03-09 08:44:00,Monday,8,223.5,98.2,none,standby
2026-03-09 08:44:30,Monday,8,159.5,98.2,none,navigation
2026-03-09 08:45:00,Monday,8,210.4,98.2,none,standby
2026-03-09 08:45:30,Monday,8,176.9,98.2,obstacle_medium,navigation
2026-03-09 08:46:00,Monday,8,229.8,98.2,low_battery,indoor_assist
2026-03-09 08:46:30,Monday,8,223.7,98.1,none,navigation
2026-03-09 08:47:00,Monday,8,184.4,98.1,none,standby
2026-03-09 08:47:30,Monday,8,182.5,98.1,none,navigation
2026-03-09 08:48:00,Monday,8,178.6,98.1,obstacle_near,indoor_assist
2026-03-09 08:48:30,Monday,8,211.2,98.1,none,navigation
2026-03-09 08:49:00,Monday,8,197.9,98.0,none,navigation
2026-03-09 08:49:30,Monday,8,162.1,98.0,obstacle_near,standby
2026-03-09 08:50:00,Monday,8,231.0,98.0,none,indoor_assist
2026-03-09 08:50:30,Monday,8,178.6,98.0,obstacle_medium,navigation
2026-03-09 08:51:00,Monday,8,177.0,98.0,none,standby
2026-03-09 08:51:30,Monday,8,260.0,97.9,none,navigation
2026-03-09 08:52:00,Monday,8,200.0,97.9,none,standby
2026-03-09 08:52:30,Monday,8,214.0,97.9,none,indoor_assist
2026-03-09 08:53:00,Monday,8,239.0,97.9,none,standby
2026-03-09 08:53:30,Monday,8,257.1,97.9,none,standby
2026-03-09 08:54:00,Monday,8,248.4,97.8,none,standby
2026-03-09 08:54:30,Monday,8,207.6,97.8,none,standby
2026-03-09 08:55:00,Monday,8,208.8,97.8,none,navigation
2026-03-09 08:55:30,Monday,8,178.1,97.8,none,standby
2026-03-09 08:56:00,Monday,8,209.5,97.8,none,navigation
2026-03-09 08:56:30,Monday,8,254.4,97.7,none,navigation
2026-03-09 08:57:00,Monday,8,219.4,97.7,none,standby
2026-03-09 08:57:30,Monday,8,202.9,97.7,none,navigation
2026-03-09 08:58:00,Monday,8,180.9,97.7,none,indoor_assist
2026-03-09 08:58:30,Monday,8,176.5,97.7,none,navigation
2026-03-09 08:59:00,Monday,8,218.5,97.6,none,navigation
2026-03-09 08:59:30,Monday,8,196.5,97.6,obstacle_medium,navigation
2026-03-09 09:00:00,Monday,9,116.5,97.6,none,indoor_assist
2026-03-09 09:00:30,Monday,9,94.2,97.6,none,indoor_assist
2026-03-09 09:01:00,Monday,9,118.6,97.6,obstacle_near,standby
2026-03-09 09:01:30,Monday,9,167.1,97.5,none,indoor_assist
2026-03-09 09:02:00,Monday,9,117.7,97.5,none,navigation
2026-03-09 09:02:30,Monday,9,75.3,97.5,obstacle_medium,navigation
2026-03-09 09:03:00,Monday,9,97.2,97.5,none,navigation
2026-03-09 09:03:30,Monday,9,173.6,97.5,none,navigation
2026-03-09 09:04:00,Monday,9,99.5,97.4,obstacle_medium,navigation
2026-03-09 09:04:30,Monday,9,134.5,97.4,none,indoor_assist
2026-03-09 09:05:00,Monday,9,154.0,97.4,none,indoor_assist
2026-03-09 09:05:30,Monday,9,96.2,97.4,obstacle_near,navigation
2026-03-09 09:06:00,Monday,9,84.3,97.4,none,navigation
2026-03-09 09:06:30,Monday,9,136.8,97.3,none,navigation
2026-03-09 09:07:00,Monday,9,56.4,97.3,obstacle_medium,navigation
2026-03-09 09:07:30,Monday,9,130.8,97.3,obstacle_medium,indoor_assist
2026-03-09 09:08:00,Monday,9,101.8,97.3,none,indoor_assist
2026-03-09 09:08:30,Monday,9,99.9,97.3,none,navigation
2026-03-09 09:09:00,Monday,9,122.1,97.2,fall_detected,navigation
2026-03-09 09:09:30,Monday,9,126.3,97.2,none,navigation
2026-03-09 09:10:00,Monday,9,83.7,97.2,obstacle_medium,indoor_assist
2026-03-09 09:10:30,Monday,9,141.7,97.2,none,navigation
2026-03-09 09:11:00,Monday,9,118.2,97.2,none,indoor_assist
2026-03-09 09:11:30,Monday,9,117.4,97.1,obstacle_medium,navigation
2026-03-09 09:12:00,Monday,9,153.9,97.1,none,navigation
2026-03-09 09:12:30,Monday,9,187.5,97.1,fall_detected,indoor_assist
2026-03-09 09:13:00,Monday,9,68.1,97.1,obstacle_medium,standby
2026-03-09 09:13:30,Monday,9,134.6,97.1,none,standby
2026-03-09 09:14:00,Monday,9,152.1,97.0,none,indoor_assist
2026-03-09 09:14:30,Monday,9,93.9,97.0,none,indoor_assist
2026-03-09 09:15:00,Monday,9,159.5,97.0,none,navigation
2026-03-09 09:15:30,Monday,9,90.2,97.0,fall_detected,indoor_assist
2026-03-09 09:16:00,Monday,9,123.6,97.0,none,navigation
2026-03-09 09:16:30,Monday,9,83.8,96.9,obstacle_near,navigation
2026-03-09 09:17:00,Monday,9,116.4,96.9,none,navigation
2026-03-09 09:17:30,Monday,9,146.1,96.9,fall_detected,indoor_assist
2026-03-09 09:18:00,Monday,9,117.0,96.9,none,indoor_assist
2026-03-09 09:18:30,Monday,9,109.5,96.9,none,navigation
2026-03-09 09:19:00,Monday,9,63.0,96.8,obstacle_medium,indoor_assist
2026-03-09 09:19:30,Monday,9,151.3,96.8,none,indoor_assist
2026-03-09 09:20:00,Monday,9,117.6,96.8,none,indoor_assist
2026-03-09 09:20:30,Monday,9,122.2,96.8,none,standby
2026-03-09 09:21:00,Monday,9,76.5,96.8,obstacle_medium,indoor_assist
2026-03-09 09:21:30,Monday,9,144.2,96.7,obstacle_medium,navigation
2026-03-09 09:22:00,Monday,9,113.3,96.7,none,indoor_assist
2026-03-09 09:22:30,Monday,9,122.9,96.7,none,navigation
2026-03-09 09:23:00,Monday,9,104.7,96.7,none,navigation
2026-03-09 09:23:30,Monday,9,123.2,96.7,none,indoor_assist
2026-03-09 09:24:00,Monday,9,162.4,96.6,obstacle_medium,navigation
2026-03-09 09:24:30,Monday,9,127.3,96.6,obstacle_near,navigation
2026-03-09 09:25:00,Monday,9,126.4,96.6,none,navigation
2026-03-09 09:25:30,Monday,9,145.9,96.6,none,indoor_assist
2026-03-09 09:26:00,Monday,9,119.8,96.6,obstacle_near,indoor_assist
2026-03-09 09:26:30,Monday,9,132.4,96.5,none,navigation
2026-03-09 09:27:00,Monday,9,89.3,96.5,none,indoor_assist
2026-03-09 09:27:30,Monday,9,77.7,96.5,obstacle_medium,navigation
2026-03-09 09:28:00,Monday,9,137.1,96.5,obstacle_medium,indoor_assist
2026-03-09 09:28:30,Monday,9,122.2,96.5,none,navigation
2026-03-09 09:29:00,Monday,9,104.0,96.4,obstacle_medium,indoor_assist
2026-03-09 09:29:30,Monday,9,71.4,96.4,obstacle_medium,navigation
2026-03-09 09:30:00,Monday,9,152.7,96.4,obstacle_medium,navigation
2026-03-09 09:30:30,Monday,9,49.7,96.4,obstacle_medium,indoor_assist
2026-03-09 09:31:00,Monday,9,149.1,96.4,none,navigation
2026-03-09 09:31:30,Monday,9,112.2,96.3,none,indoor_assist
2026-03-09 09:32:00,Monday,9,161.4,96.3,none,indoor_assist
2026-03-09 09:32:30,Monday,9,150.8,96.3,obstacle_medium,standby
2026-03-09 09:33:00,Monday,9,125.6,96.3,none,navigation
2026-03-09 09:33:30,Monday,9,92.9,96.3,none,navigation
2026-03-09 09:34:00,Monday,9,152.7,96.2,obstacle_medium,standby
2026-03-09 09:34:30,Monday,9,74.8,96.2,obstacle_medium,indoor_assist
2026-03-09 09:35:00,Monday,9,111.5,96.2,none,standby
2026-03-09 09:35:30,Monday,9,89.1,96.2,low_battery,indoor_assist
2026-03-09 09:36:00,Monday,9,86.5,96.2,none,indoor_assist
2026-03-09 09:36:30,Monday,9,111.8,96.1,low_battery,standby
2026-03-09 09:37:00,Monday,9,126.2,96.1,none,navigation
2026-03-09 09:37:30,Monday,9,108.8,96.1,none,indoor_assist
2026-03-09 09:38:00,Monday,9,114.8,96.1,none,navigation
2026-03-09 09:38:30,Monday,9,125.0,96.1,obstacle_medium,indoor_assist
2026-03-09 09:39:00,Monday,9,86.8,96.0,none,navigation
2026-03-09 09:39:30,Monday,9,172.1,96.0,obstacle_near,standby
2026-03-09 09:40:00,Monday,9,161.1,96.0,none,indoor_assist
2026-03-09 09:40:30,Monday,9,144.5,96.0,none,indoor_assist
2026-03-09 09:41:00,Monday,9,66.8,96.0,obstacle_medium,navigation
2026-03-09 09:41:30,Monday,9,123.1,95.9,none,navigation
2026-03-09 09:42:00,Monday,9,90.4,95.9,none,navigation
2026-03-09 09:42:30,Monday,9,103.3,95.9,none,navigation
2026-03-09 09:43:00,Monday,9,113.0,95.9,low_battery,navigation
2026-03-09 09:43:30,Monday,9,97.2,95.9,obstacle_medium,navigation
2026-03-09 09:44:00,Monday,9,70.4,95.8,obstacle_medium,navigation
2026-03-09 09:44:30,Monday,9,108.6,95.8,none,indoor_assist
2026-03-09 09:45:00,Monday,9,156.2,95.8,low_battery,navigation
2026-03-09 09:45:30,Monday,9,114.6,95.8,obstacle_medium,navigation
2026-03-09 09:46:00,Monday,9,122.2,95.8,none,navigation
2026-03-09 09:46:30,Monday,9,124.6,95.7,none,indoor_assist
2026-03-09 09:47:00,Monday,9,114.9,95.7,none,navigation
2026-03-09 09:47:30,Monday,9,105.3,95.7,none,indoor_assist
2026-03-09 09:48:00,Monday,9,88.3,95.7,obstacle_medium,navigation
2026-03-09 09:48:30,Monday,9,126.2,95.7,none,navigation
2026-03-09 09:49:00,Monday,9,133.3,95.6,obstacle_near,indoor_assist
2026-03-09 09:49:30,Monday,9,92.7,95.6,obstacle_near,navigation
2026-03-09 09:50:00,Monday,9,96.4,95.6,none,navigation
2026-03-09 09:50:30,Monday,9,110.2,95.6,none,indoor_assist
2026-03-09 09:51:00,Monday,9,125.4,95.6,none,navigation
2026-03-09 09:51:30,Monday,9,99.2,95.5,none,standby
2026-03-09 09:52:00,Monday,9,145.6,95.5,none,indoor_assist
2026-03-09 09:52:30,Monday,9,118.4,95.5,none,standby
2026-03-09 09:53:00,Monday,9,125.4,95.5,none,navigation
2026-03-09 09:53:30,Monday,9,139.9,95.5,obstacle_medium,navigation
2026-03-09 09:54:00,Monday,9,152.8,95.4,none,navigation
2026-03-09 09:54:30,Monday,9,120.6,95.4,fall_detected,indoor_assist
2026-03-09 09:55:00,Monday,9,110.4,95.4,none,standby
2026-03-09 09:55:30,Monday,9,88.4,95.4,none,indoor_assist
2026-03-09 09:56:00,Monday,9,83.0,95.4,none,indoor_assist
2026-03-09 09:56:30,Monday,9,60.7,95.3,obstacle_medium,standby
2026-03-09 09:57:00,Monday,9,125.3,95.3,obstacle_medium,navigation
2026-03-09 09:57:30,Monday,9,109.8,95.3,none,indoor_assist
2026-03-09 09:58:00,Monday,9,116.3,95.3,none,indoor_assist
2026-03-09 09:58:30,Monday,9,135.0,95.3,none,indoor_assist
2026-03-09 09:59:00,Monday,9,107.7,95.2,obstacle_near,navigation
2026-03-09 09:59:30,Monday,9,120.5,95.2,none,navigation
2026-03-09 10:00:00,Monday,10,184.4,100.0,none,indoor_assist
2026-03-09 10:00:30,Monday,10,161.6,100.0,none,standby
2026-03-09 10:01:00,Monday,10,108.8,100.0,obstacle_near,indoor_assist
2026-03-09 10:01:30,Monday,10,99.0,99.9,none,indoor_assist
2026-03-09 10:02:00,Monday,10,136.4,99.9,none,indoor_assist
2026-03-09 10:02:30,Monday,10,110.4,99.9,none,navigation
2026-03-09 10:03:00,Monday,10,104.4,99.9,none,standby
2026-03-09 10:03:30,Monday,10,142.1,99.9,none,indoor_assist
2026-03-09 10:04:00,Monday,10,102.8,99.8,none,indoor_assist
2026-03-09 10:04:30,Monday,10,190.2,99.8,none,navigation
2026-03-09 10:05:00,Monday,10,84.7,99.8,none,indoor_assist
2026-03-09 10:05:30,Monday,10,191.2,99.8,none,indoor_assist
2026-03-09 10:06:00,Monday,10,90.1,99.8,obstacle_medium,navigation
2026-03-09 10:06:30,Monday,10,111.8,99.7,none,indoor_assist
2026-03-09 10:07:00,Monday,10,121.3,99.7,none,standby
2026-03-09 10:07:30,Monday,10,99.8,99.7,none,indoor_assist
2026-03-09 10:08:00,Monday,10,178.3,99.7,none,navigation
2026-03-09 10:08:30,Monday,10,175.8,99.7,obstacle_medium,indoor_assist
2026-03-09 10:09:00,Monday,10,107.4,99.6,none,standby
2026-03-09 10:09:30,Monday,10,115.7,99.6,none,navigation
2026-03-09 10:10:00,Monday,10,137.4,99.6,none,indoor_assist
2026-03-09 10:10:30,Monday,10,89.4,99.6,low_battery,indoor_assist
2026-03-09 10:11:00,Monday,10,142.3,99.6,none,navigation
2026-03-09 10:11:30,Monday,10,117.2,99.5,none,indoor_assist
2026-03-09 10:12:00,Monday,10,163.5,99.5,low_battery,indoor_assist
2026-03-09 10:12:30,Monday,10,78.8,99.5,obstacle_medium,standby
2026-03-09 10:13:00,Monday,10,64.5,99.5,obstacle_medium,navigation
2026-03-09 10:13:30,Monday,10,117.3,99.5,none,standby
2026-03-09 10:14:00,Monday,10,103.0,99.4,none,navigation
2026-03-09 10:14:30,Monday,10,121.1,99.4,none,indoor_assist
2026-03-09 10:15:00,Monday,10,94.6,99.4,obstacle_medium,indoor_assist
2026-03-09 10:15:30,Monday,10,127.3,99.4,none,navigation
2026-03-09 10:16:00,Monday,10,121.4,99.4,none,indoor_assist
2026-03-09 10:16:30,Monday,10,111.2,99.3,none,navigation
2026-03-09 10:17:00,Monday,10,91.3,99.3,none,navigation
2026-03-09 10:17:30,Monday,10,72.4,99.3,obstacle_medium,indoor_assist
2026-03-09 10:18:00,Monday,10,68.9,99.3,obstacle_medium,navigation
2026-03-09 10:18:30,Monday,10,87.5,99.3,none,navigation
2026-03-09 10:19:00,Monday,10,114.7,99.2,none,navigation
2026-03-09 10:19:30,Monday,10,89.6,99.2,none,standby
2026-03-09 10:20:00,Monday,10,95.7,99.2,none,standby
2026-03-09 10:20:30,Monday,10,159.1,99.2,none,standby
2026-03-09 10:21:00,Monday,10,100.9,99.2,none,indoor_assist
2026-03-09 10:21:30,Monday,10,137.9,99.1,none,navigation
2026-03-09 10:22:00,Monday,10,158.5,99.1,none,standby
2026-03-09 10:22:30,Monday,10,137.7,99.1,none,navigation
2026-03-09 10:23:00,Monday,10,154.6,99.1,none,navigation
2026-03-09 10:23:30,Monday,10,144.7,99.1,none,standby
2026-03-09 10:24:00,Monday,10,171.3,99.0,low_battery,navigation
2026-03-09 10:24:30,Monday,10,135.2,99.0,obstacle_medium,indoor_assist
2026-03-09 10:25:00,Monday,10,71.3,99.0,obstacle_medium,navigation
2026-03-09 10:25:30,Monday,10,98.6,99.0,none,indoor_assist
2026-03-09 10:26:00,Monday,10,123.8,99.0,obstacle_medium,navigation
2026-03-09 10:26:30,Monday,10,186.2,98.9,low_battery,navigation
2026-03-09 10:27:00,Monday,10,174.1,98.9,none,indoor_assist
2026-03-09 10:27:30,Monday,10,123.2,98.9,obstacle_medium,navigation
2026-03-09 10:28:00,Monday,10,97.4,98.9,none,navigation
2026-03-09 10:28:30,Monday,10,152.9,98.9,low_battery,indoor_assist
2026-03-09 10:29:00,Monday,10,129.3,98.8,none,navigation
2026-03-09 10:29:30,Monday,10,148.1,98.8,none,indoor_assist
2026-03-09 10:30:00,Monday,10,145.1,98.8,none,indoor_assist
2026-03-09 10:30:30,Monday,10,118.8,98.8,low_battery,indoor_assist
2026-03-09 10:31:00,Monday,10,100.5,98.8,obstacle_near,indoor_assist
2026-03-09 10:31:30,Monday,10,74.4,98.7,obstacle_medium,standby
2026-03-09 10:32:00,Monday,10,107.9,98.7,none,navigation
2026-03-09 10:32:30,Monday,10,172.3,98.7,none,indoor_assist
2026-03-09 10:33:00,Monday,10,99.0,98.7,none,indoor_assist
2026-03-09 10:33:30,Monday,10,76.9,98.7,obstacle_medium,standby
2026-03-09 10:34:00,Monday,10,104.4,98.6,none,indoor_assist
2026-03-09 10:34:30,Monday,10,99.5,98.6,none,navigation
2026-03-09 10:35:00,Monday,10,106.1,98.6,obstacle_medium,navigation
2026-03-09 10:35:30,Monday,10,167.8,98.6,none,standby
2026-03-09 10:36:00,Monday,10,54.9,98.6,obstacle_medium,navigation
2026-03-09 10:36:30,Monday,10,107.2,98.5,none,navigation
2026-03-09 10:37:00,Monday,10,137.3,98.5,none,navigation
2026-03-09 10:37:30,Monday,10,73.4,98.5,obstacle_medium,navigation
2026-03-09 10:38:00,Monday,10,178.2,98.5,none,standby
2026-03-09 10:38:30,Monday,10,107.6,98.5,none,indoor_assist
2026-03-09 10:39:00,Monday,10,84.7,98.4,obstacle_near,indoor_assist
2026-03-09 10:39:30,Monday,10,159.6,98.4,none,indoor_assist
2026-03-09 10:40:00,Monday,10,101.4,98.4,none,standby
2026-03-09 10:40:30,Monday,10,84.9,98.4,obstacle_medium,navigation
2026-03-09 10:41:00,Monday,10,181.5,98.4,none,standby
2026-03-09 10:41:30,Monday,10,129.8,98.3,obstacle_medium,navigation
2026-03-09 10:42:00,Monday,10,149.4,98.3,none,navigation
2026-03-09 10:42:30,Monday,10,61.2,98.3,obstacle_medium,standby
2026-03-09 10:43:00,Monday,10,108.3,98.3,obstacle_medium,standby
2026-03-09 10:43:30,Monday,10,152.9,98.3,obstacle_medium,navigation
2026-03-09 10:44:00,Monday,10,96.3,98.2,none,navigation
2026-03-09 10:44:30,Monday,10,76.6,98.2,obstacle_medium,navigation
2026-03-09 10:45:00,Monday,10,108.2,98.2,none,navigation
2026-03-09 10:45:30,Monday,10,127.0,98.2,none,navigation
2026-03-09 10:46:00,Monday,10,97.7,98.2,none,standby
2026-03-09 10:46:30,Monday,10,143.6,98.1,obstacle_medium,indoor_assist
2026-03-09 10:47:00,Monday,10,40.4,98.1,obstacle_medium,navigation
2026-03-09 10:47:30,Monday,10,97.2,98.1,obstacle_medium,navigation
2026-03-09 10:48:00,Monday,10,139.1,98.1,none,indoor_assist
2026-03-09 10:48:30,Monday,10,93.0,98.1,none,navigation
2026-03-09 10:49:00,Monday,10,125.1,98.0,obstacle_medium,indoor_assist
2026-03-09 10:49:30,Monday,10,98.2,98.0,obstacle_near,indoor_assist
2026-03-09 10:50:00,Monday,10,125.6,98.0,none,navigation
2026-03-09 10:50:30,Monday,10,140.2,98.0,obstacle_medium,standby
2026-03-09 10:51:00,Monday,10,179.3,98.0,obstacle_medium,navigation
2026-03-09 10:51:30,Monday,10,121.1,97.9,low_battery,navigation
2026-03-09 10:52:00,Monday,10,116.4,97.9,obstacle_near,indoor_assist
2026-03-09 10:52:30,Monday,10,114.2,97.9,fall_detected,navigation
2026-03-09 10:53:00,Monday,10,124.5,97.9,none,indoor_assist
2026-03-09 10:53:30,Monday,10,128.7,97.9,none,navigation
2026-03-09 10:54:00,Monday,10,126.3,97.8,obstacle_medium,indoor_assist
2026-03-09 10:54:30,Monday,10,84.6,97.8,none,navigation
2026-03-09 10:55:00,Monday,10,132.5,97.8,none,navigation
2026-03-09 10:55:30,Monday,10,61.1,97.8,obstacle_medium,navigation
2026-03-09 10:56:00,Monday,10,89.9,97.8,none,navigation
2026-03-09 10:56:30,Monday,10,124.0,97.7,none,navigation
2026-03-09 10:57:00,Monday,10,155.9,97.7,obstacle_near,navigation
2026-03-09 10:57:30,Monday,10,140.0,97.7,none,indoor_assist
2026-03-09 10:58:00,Monday,10,75.9,97.7,obstacle_medium,navigation
2026-03-09 10:58:30,Monday,10,206.4,97.7,none,navigation
2026-03-09 10:59:00,Monday,10,102.5,97.6,none,indoor_assist
2026-03-09 10:59:30,Monday,10,63.9,97.6,obstacle_medium,navigation
2026-03-09 11:00:00,Monday,11,99.4,97.6,none,navigation
2026-03-09 11:00:30,Monday,11,126.5,97.6,none,navigation
2026-03-09 11:01:00,Monday,11,80.2,97.6,none,navigation
2026-03-09 11:01:30,Monday,11,139.7,97.5,none,navigation
2026-03-09 11:02:00,Monday,11,126.5,97.5,obstacle_medium,indoor_assist
2026-03-09 11:02:30,Monday,11,108.4,97.5,none,indoor_assist
2026-03-09 11:03:00,Monday,11,87.0,97.5,none,navigation
2026-03-09 11:03:30,Monday,11,100.1,97.5,none,indoor_assist
2026-03-09 11:04:00,Monday,11,120.1,97.4,none,standby
2026-03-09 11:04:30,Monday,11,59.6,97.4,obstacle_medium,navigation
2026-03-09 11:05:00,Monday,11,101.7,97.4,none,navigation
2026-03-09 11:05:30,Monday,11,110.2,97.4,obstacle_medium,indoor_assist
2026-03-09 11:06:00,Monday,11,85.7,97.4,none,indoor_assist
2026-03-09 11:06:30,Monday,11,157.6,97.3,none,standby
2026-03-09 11:07:00,Monday,11,137.2,97.3,none,navigation
2026-03-09 11:07:30,Monday,11,82.4,97.3,none,indoor_assist
2026-03-09 11:08:00,Monday,11,117.9,97.3,none,navigation
2026-03-09 11:08:30,Monday,11,138.8,97.3,none,navigation
2026-03-09 11:09:00,Monday,11,146.5,97.2,none,navigation
2026-03-09 11:09:30,Monday,11,91.7,97.2,none,navigation
2026-03-09 11:10:00,Monday,11,119.5,97.2,none,navigation
2026-03-09 11:10:30,Monday,11,99.1,97.2,none,indoor_assist
2026-03-09 11:11:00,Monday,11,126.5,97.2,obstacle_medium,navigation
2026-03-09 11:11:30,Monday,11,81.7,97.1,obstacle_medium,indoor_assist
2026-03-09 11:12:00,Monday,11,109.0,97.1,none,navigation
2026-03-09 11:12:30,Monday,11,98.8,97.1,none,navigation
2026-03-09 11:13:00,Monday,11,120.5,97.1,none,navigation
2026-03-09 11:13:30,Monday,11,105.3,97.1,none,navigation
2026-03-09 11:14:00,Monday,11,115.4,97.0,none,indoor_assist
2026-03-09 11:14:30,Monday,11,112.1,97.0,obstacle_near,navigation
2026-03-09 11:15:00,Monday,11,123.9,97.0,low_battery,navigation
2026-03-09 11:15:30,Monday,11,135.8,97.0,obstacle_near,indoor_assist
2026-03-09 11:16:00,Monday,11,133.2,97.0,none,indoor_assist
2026-03-09 11:16:30,Monday,11,146.2,96.9,none,indoor_assist
2026-03-09 11:17:00,Monday,11,173.7,96.9,obstacle_near,navigation
2026-03-09 11:17:30,Monday,11,146.1,96.9,none,standby
2026-03-09 11:18:00,Monday,11,85.2,96.9,none,navigation
2026-03-09 11:18:30,Monday,11,102.1,96.9,obstacle_medium,navigation
2026-03-09 11:19:00,Monday,11,95.6,96.8,none,indoor_assist
2026-03-09 11:19:30,Monday,11,168.1,96.8,none,navigation
2026-03-09 11:20:00,Monday,11,132.5,96.8,none,indoor_assist
2026-03-09 11:20:30,Monday,11,101.4,96.8,none,navigation
2026-03-09 11:21:00,Monday,11,105.6,96.8,obstacle_medium,indoor_assist
2026-03-09 11:21:30,Monday,11,142.8,96.7,obstacle_medium,indoor_assist
2026-03-09 11:22:00,Monday,11,143.1,96.7,none,indoor_assist
2026-03-09 11:22:30,Monday,11,104.5,96.7,none,navigation
2026-03-09 11:23:00,Monday,11,132.0,96.7,none,indoor_assist
2026-03-09 11:23:30,Monday,11,135.8,96.7,none,navigation
2026-03-09 11:24:00,Monday,11,125.0,96.6,none,indoor_assist
2026-03-09 11:24:30,Monday,11,85.3,96.6,none,standby
2026-03-09 11:25:00,Monday,11,80.8,96.6,none,standby
2026-03-09 11:25:30,Monday,11,103.2,96.6,none,navigation
2026-03-09 11:26:00,Monday,11,149.5,96.6,none,navigation
2026-03-09 11:26:30,Monday,11,133.5,96.5,obstacle_near,indoor_assist
2026-03-09 11:27:00,Monday,11,107.8,96.5,obstacle_near,indoor_assist
2026-03-09 11:27:30,Monday,11,150.6,96.5,obstacle_near,standby
2026-03-09 11:28:00,Monday,11,145.5,96.5,none,navigation
2026-03-09 11:28:30,Monday,11,87.3,96.5,none,indoor_assist
2026-03-09 11:29:00,Monday,11,146.0,96.4,none,indoor_assist
2026-03-09 11:29:30,Monday,11,100.0,96.4,none,navigation
2026-03-09 11:30:00,Monday,11,126.3,96.4,obstacle_medium,standby
2026-03-09 11:30:30,Monday,11,128.7,96.4,none,indoor_assist
2026-03-09 11:31:00,Monday,11,101.5,96.4,fall_detected,navigation
2026-03-09 11:31:30,Monday,11,119.5,96.3,none,indoor_assist
2026-03-09 11:32:00,Monday,11,135.7,96.3,low_battery,navigation
2026-03-09 11:32:30,Monday,11,144.3,96.3,none,indoor_assist
2026-03-09 11:33:00,Monday,11,130.6,96.3,obstacle_near,navigation
2026-03-09 11:33:30,Monday,11,78.0,96.3,obstacle_medium,navigation
2026-03-09 11:34:00,Monday,11,112.8,96.2,none,standby
2026-03-09 11:34:30,Monday,11,76.7,96.2,obstacle_medium,indoor_assist
2026-03-09 11:35:00,Monday,11,137.6,96.2,none,indoor_assist
2026-03-09 11:35:30,Monday,11,141.6,96.2,none,indoor_assist
2026-03-09 11:36:00,Monday,11,143.9,96.2,none,indoor_assist
2026-03-09 11:36:30,Monday,11,110.2,96.1,none,indoor_assist
2026-03-09 11:37:00,Monday,11,143.4,96.1,none,indoor_assist
2026-03-09 11:37:30,Monday,11,76.8,96.1,obstacle_medium,navigation
2026-03-09 11:38:00,Monday,11,101.6,96.1,obstacle_medium,navigation
2026-03-09 11:38:30,Monday,11,141.7,96.1,none,navigation
2026-03-09 11:39:00,Monday,11,122.4,96.0,obstacle_near,indoor_assist
2026-03-09 11:39:30,Monday,11,136.1,96.0,obstacle_medium,indoor_assist
2026-03-09 11:40:00,Monday,11,151.7,96.0,obstacle_near,navigation
2026-03-09 11:40:30,Monday,11,66.5,96.0,obstacle_medium,navigation
2026-03-09 11:41:00,Monday,11,107.2,96.0,none,indoor_assist
2026-03-09 11:41:30,Monday,11,132.5,95.9,none,navigation
2026-03-09 11:42:00,Monday,11,91.5,95.9,none,navigation
2026-03-09 11:42:30,Monday,11,131.8,95.9,none,navigation
2026-03-09 11:43:00,Monday,11,119.7,95.9,none,navigation
2026-03-09 11:43:30,Monday,11,87.3,95.9,none,navigation
2026-03-09 11:44:00,Monday,11,134.6,95.8,none,standby
2026-03-09 11:44:30,Monday,11,95.3,95.8,none,navigation
2026-03-09 11:45:00,Monday,11,92.9,95.8,none,indoor_assist
2026-03-09 11:45:30,Monday,11,144.8,95.8,none,navigation
2026-03-09 11:46:00,Monday,11,120.0,95.8,none,indoor_assist
2026-03-09 11:46:30,Monday,11,163.0,95.7,obstacle_medium,indoor_assist
2026-03-09 11:47:00,Monday,11,134.6,95.7,none,navigation
2026-03-09 11:47:30,Monday,11,100.2,95.7,none,navigation
2026-03-09 11:48:00,Monday,11,53.0,95.7,obstacle_medium,navigation
2026-03-09 11:48:30,Monday,11,147.8,95.7,none,navigation
2026-03-09 11:49:00,Monday,11,153.5,95.6,fall_detected,standby
2026-03-09 11:49:30,Monday,11,131.6,95.6,none,navigation
2026-03-09 11:50:00,Monday,11,172.0,95.6,none,indoor_assist
2026-03-09 11:50:30,Monday,11,95.8,95.6,obstacle_medium,navigation
2026-03-09 11:51:00,Monday,11,142.2,95.6,obstacle_medium,indoor_assist
2026-03-09 11:51:30,Monday,11,79.4,95.5,obstacle_medium,navigation
2026-03-09 11:52:00,Monday,11,140.3,95.5,none,indoor_assist
2026-03-09 11:52:30,Monday,11,131.0,95.5,none,indoor_assist
2026-03-09 11:53:00,Monday,11,138.9,95.5,none,navigation
2026-03-09 11:53:30,Monday,11,135.9,95.5,none,indoor_assist
2026-03-09 11:54:00,Monday,11,106.0,95.4,none,indoor_assist
2026-03-09 11:54:30,Monday,11,123.9,95.4,obstacle_near,indoor_assist
2026-03-09 11:55:00,Monday,11,120.8,95.4,none,indoor_assist
2026-03-09 11:55:30,Monday,11,136.7,95.4,fall_detected,navigation
2026-03-09 11:56:00,Monday,11,113.5,95.4,none,navigation
2026-03-09 11:56:30,Monday,11,109.1,95.3,none,indoor_assist
2026-03-09 11:57:00,Monday,11,158.0,95.3,none,navigation
2026-03-09 11:57:30,Monday,11,117.2,95.3,none,standby
2026-03-09 11:58:00,Monday,11,119.9,95.3,none,navigation
2026-03-09 11:58:30,Monday,11,125.4,95.3,none,indoor_assist
2026-03-09 11:59:00,Monday,11,126.6,95.2,none,navigation
2026-03-09 11:59:30,Monday,11,71.5,95.2,obstacle_medium,indoor_assist
2026-03-09 12:00:00,Monday,12,223.6,95.2,none,indoor_assist
2026-03-09 12:00:30,Monday,12,246.5,95.2,none,indoor_assist
2026-03-09 12:01:00,Monday,12,247.9,95.2,none,navigation
2026-03-09 12:01:30,Monday,12,220.0,95.1,obstacle_near,navigation
2026-03-09 12:02:00,Monday,12,267.4,95.1,none,standby
2026-03-09 12:02:30,Monday,12,218.2,95.1,none,navigation
2026-03-09 12:03:00,Monday,12,200.4,95.1,none,indoor_assist
2026-03-09 12:03:30,Monday,12,180.5,95.1,none,navigation
2026-03-09 12:04:00,Monday,12,220.4,95.0,none,indoor_assist
2026-03-09 12:04:30,Monday,12,220.3,95.0,none,navigation
2026-03-09 12:05:00,Monday,12,234.7,95.0,none,standby
2026-03-09 12:05:30,Monday,12,194.2,95.0,none,indoor_assist
2026-03-09 12:06:00,Monday,12,198.3,95.0,none,indoor_assist
2026-03-09 12:06:30,Monday,12,188.0,94.9,none,navigation
2026-03-09 12:07:00,Monday,12,238.7,94.9,none,indoor_assist
2026-03-09 12:07:30,Monday,12,221.3,94.9,none,indoor_assist
2026-03-09 12:08:00,Monday,12,194.7,94.9,none,navigation
2026-03-09 12:08:30,Monday,12,207.1,94.9,none,navigation
2026-03-09 12:09:00,Monday,12,272.4,94.8,obstacle_near,indoor_assist
2026-03-09 12:09:30,Monday,12,190.9,94.8,none,indoor_assist
2026-03-09 12:10:00,Monday,12,168.2,94.8,obstacle_medium,indoor_assist
2026-03-09 12:10:30,Monday,12,133.0,94.8,none,navigation
2026-03-09 12:11:00,Monday,12,247.5,94.8,none,navigation
2026-03-09 12:11:30,Monday,12,221.4,94.7,none,indoor_assist
2026-03-09 12:12:00,Monday,12,168.5,94.7,none,indoor_assist
2026-03-09 12:12:30,Monday,12,134.0,94.7,none,indoor_assist
2026-03-09 12:13:00,Monday,12,165.2,94.7,fall_detected,navigation
2026-03-09 12:13:30,Monday,12,226.0,94.7,none,navigation
2026-03-09 12:14:00,Monday,12,170.8,94.6,low_battery,navigation
2026-03-09 12:14:30,Monday,12,225.1,94.6,none,standby
2026-03-09 12:15:00,Monday,12,185.2,94.6,none,navigation
2026-03-09 12:15:30,Monday,12,265.2,94.6,none,navigation
2026-03-09 12:16:00,Monday,12,226.2,94.6,obstacle_medium,indoor_assist
2026-03-09 12:16:30,Monday,12,180.6,94.5,none,navigation
2026-03-09 12:17:00,Monday,12,193.7,94.5,none,standby
2026-03-09 12:17:30,Monday,12,209.0,94.5,none,indoor_assist
2026-03-09 12:18:00,Monday,12,238.4,94.5,none,indoor_assist
2026-03-09 12:18:30,Monday,12,181.2,94.5,obstacle_medium,navigation
2026-03-09 12:19:00,Monday,12,234.1,94.4,obstacle_near,indoor_assist
2026-03-09 12:19:30,Monday,12,240.6,94.4,none,indoor_assist
2026-03-09 12:20:00,Monday,12,160.9,94.4,obstacle_medium,navigation
2026-03-09 12:20:30,Monday,12,186.8,94.4,none,indoor_assist
2026-03-09 12:21:00,Monday,12,149.3,94.4,none,navigation
2026-03-09 12:21:30,Monday,12,191.7,94.3,none,indoor_assist
2026-03-09 12:22:00,Monday,12,156.9,94.3,none,standby
2026-03-09 12:22:30,Monday,12,214.0,94.3,none,indoor_assist
2026-03-09 12:23:00,Monday,12,232.4,94.3,none,standby
2026-03-09 12:23:30,Monday,12,271.1,94.3,obstacle_near,navigation
2026-03-09 12:24:00,Monday,12,210.3,94.2,none,indoor_assist
2026-03-09 12:24:30,Monday,12,214.8,94.2,none,standby
2026-03-09 12:25:00,Monday,12,245.8,94.2,low_battery,indoor_assist
2026-03-09 12:25:30,Monday,12,164.4,94.2,none,navigation
2026-03-09 12:26:00,Monday,12,187.9,94.2,none,navigation
2026-03-09 12:26:30,Monday,12,235.0,94.1,none,navigation
2026-03-09 12:27:00,Monday,12,174.0,94.1,none,indoor_assist
2026-03-09 12:27:30,Monday,12,159.8,94.1,none,indoor_assist
2026-03-09 12:28:00,Monday,12,209.0,94.1,none,indoor_assist
2026-03-09 12:28:30,Monday,12,201.6,94.1,none,indoor_assist
2026-03-09 12:29:00,Monday,12,162.9,94.0,none,indoor_assist
2026-03-09 12:29:30,Monday,12,221.4,94.0,low_battery,standby
2026-03-09 12:30:00,Monday,12,146.1,94.0,none,navigation
2026-03-09 12:30:30,Monday,12,205.8,94.0,obstacle_near,navigation
2026-03-09 12:31:00,Monday,12,167.9,94.0,obstacle_medium,indoor_assist
2026-03-09 12:31:30,Monday,12,212.8,93.9,none,indoor_assist
2026-03-09 12:32:00,Monday,12,194.1,93.9,none,navigation
2026-03-09 12:32:30,Monday,12,140.7,93.9,none,indoor_assist
2026-03-09 12:33:00,Monday,12,185.9,93.9,low_battery,navigation
2026-03-09 12:33:30,Monday,12,230.5,93.9,obstacle_medium,navigation
2026-03-09 12:34:00,Monday,12,169.0,93.8,fall_detected,standby
2026-03-09 12:34:30,Monday,12,227.6,93.8,obstacle_medium,navigation
2026-03-09 12:35:00,Monday,12,177.1,93.8,none,navigation
2026-03-09 12:35:30,Monday,12,187.8,93.8,none,navigation
2026-03-09 12:36:00,Monday,12,197.7,93.8,none,indoor_assist
2026-03-09 12:36:30,Monday,12,206.1,93.7,none,navigation
2026-03-09 12:37:00,Monday,12,194.2,93.7,none,standby
2026-03-09 12:37:30,Monday,12,207.7,93.7,none,navigation
2026-03-09 12:38:00,Monday,12,143.4,93.7,none,standby
2026-03-09 12:38:30,Monday,12,186.7,93.7,none,indoor_assist
2026-03-09 12:39:00,Monday,12,179.8,93.6,none,navigation
2026-03-09 12:39:30,Monday,12,222.6,93.6,none,navigation
2026-03-09 12:40:00,Monday,12,149.0,93.6,low_battery,standby
2026-03-09 12:40:30,Monday,12,198.6,93.6,none,navigation
2026-03-09 12:41:00,Monday,12,229.7,93.6,none,navigation
2026-03-09 12:41:30,Monday,12,195.3,93.5,none,indoor_assist
2026-03-09 12:42:00,Monday,12,211.3,93.5,none,navigation
2026-03-09 12:42:30,Monday,12,234.0,93.5,obstacle_medium,navigation
2026-03-09 12:43:00,Monday,12,167.3,93.5,none,indoor_assist
2026-03-09 12:43:30,Monday,12,205.4,93.5,none,indoor_assist
2026-03-09 12:44:00,Monday,12,247.9,93.4,none,navigation
2026-03-09 12:44:30,Monday,12,278.2,93.4,none,indoor_assist
2026-03-09 12:45:00,Monday,12,153.8,93.4,low_battery,indoor_assist
2026-03-09 12:45:30,Monday,12,190.5,93.4,none,indoor_assist
2026-03-09 12:46:00,Monday,12,239.4,93.4,none,indoor_assist
2026-03-09 12:46:30,Monday,12,195.0,93.3,none,navigation
2026-03-09 12:47:00,Monday,12,122.6,93.3,none,indoor_assist
2026-03-09 12:47:30,Monday,12,212.5,93.3,none,indoor_assist
2026-03-09 12:48:00,Monday,12,184.1,93.3,none,indoor_assist
2026-03-09 12:48:30,Monday,12,190.8,93.3,none,navigation
2026-03-09 12:49:00,Monday,12,196.8,93.2,none,navigation
2026-03-09 12:49:30,Monday,12,193.1,93.2,obstacle_near,navigation
2026-03-09 12:50:00,Monday,12,226.7,93.2,none,indoor_assist
2026-03-09 12:50:30,Monday,12,237.4,93.2,none,standby
2026-03-09 12:51:00,Monday,12,199.0,93.2,obstacle_medium,navigation
2026-03-09 12:51:30,Monday,12,189.3,93.1,none,indoor_assist
2026-03-09 12:52:00,Monday,12,174.3,93.1,obstacle_medium,standby
2026-03-09 12:52:30,Monday,12,195.9,93.1,none,navigation
2026-03-09 12:53:00,Monday,12,206.6,93.1,none,indoor_assist
2026-03-09 12:53:30,Monday,12,152.5,93.1,none,navigation
2026-03-09 12:54:00,Monday,12,200.8,93.0,obstacle_medium,standby
2026-03-09 12:54:30,Monday,12,238.3,93.0,low_battery,navigation
2026-03-09 12:55:00,Monday,12,212.4,93.0,none,navigation
2026-03-09 12:55:30,Monday,12,245.2,93.0,none,indoor_assist
2026-03-09 12:56:00,Monday,12,197.8,93.0,none,navigation
2026-03-09 12:56:30,Monday,12,215.1,92.9,none,indoor_assist
2026-03-09 12:57:00,Monday,12,252.0,92.9,low_battery,navigation
2026-03-09 12:57:30,Monday,12,184.7,92.9,none,navigation
2026-03-09 12:58:00,Monday,12,178.4,92.9,none,navigation
2026-03-09 12:58:30,Monday,12,208.2,92.9,none,standby
2026-03-09 12:59:00,Monday,12,194.6,92.8,none,indoor_assist
2026-03-09 12:59:30,Monday,12,184.6,92.8,fall_detected,indoor_assist
2026-03-09 13:00:00,Monday,13,158.0,100.0,obstacle_near,navigation
2026-03-09 13:00:30,Monday,13,191.7,100.0,none,navigation
2026-03-09 13:01:00,Monday,13,200.4,100.0,none,standby
2026-03-09 13:01:30,Monday,13,197.0,99.9,none,standby
2026-03-09 13:02:00,Monday,13,224.7,99.9,obstacle_medium,standby
2026-03-09 13:02:30,Monday,13,176.4,99.9,none,indoor_assist
2026-03-09 13:03:00,Monday,13,210.9,99.9,none,indoor_assist
2026-03-09 13:03:30,Monday,13,192.9,99.9,none,standby
2026-03-09 13:04:00,Monday,13,215.9,99.8,none,navigation
2026-03-09 13:04:30,Monday,13,190.3,99.8,none,standby
2026-03-09 13:05:00,Monday,13,172.0,99.8,none,standby
2026-03-09 13:05:30,Monday,13,221.2,99.8,none,standby
2026-03-09 13:06:00,Monday,13,238.8,99.8,obstacle_medium,standby
2026-03-09 13:06:30,Monday,13,202.3,99.7,low_battery,standby
2026-03-09 13:07:00,Monday,13,166.3,99.7,none,standby
2026-03-09 13:07:30,Monday,13,190.6,99.7,none,navigation
2026-03-09 13:08:00,Monday,13,213.6,99.7,none,navigation
2026-03-09 13:08:30,Monday,13,211.6,99.7,obstacle_medium,indoor_assist
2026-03-09 13:09:00,Monday,13,209.8,99.6,none,navigation
2026-03-09 13:09:30,Monday,13,162.4,99.6,none,standby
2026-03-09 13:10:00,Monday,13,216.8,99.6,obstacle_medium,indoor_assist
2026-03-09 13:10:30,Monday,13,168.0,99.6,obstacle_medium,navigation
2026-03-09 13:11:00,Monday,13,189.9,99.6,low_battery,navigation
2026-03-09 13:11:30,Monday,13,220.3,99.5,none,standby
2026-03-09 13:12:00,Monday,13,184.6,99.5,obstacle_near,indoor_assist
2026-03-09 13:12:30,Monday,13,245.5,99.5,none,navigation
2026-03-09 13:13:00,Monday,13,218.9,99.5,none,indoor_assist
2026-03-09 13:13:30,Monday,13,217.4,99.5,none,indoor_assist
2026-03-09 13:14:00,Monday,13,194.4,99.4,none,navigation
2026-03-09 13:14:30,Monday,13,213.9,99.4,none,navigation
2026-03-09 13:15:00,Monday,13,211.6,99.4,none,indoor_assist
2026-03-09 13:15:30,Monday,13,212.9,99.4,none,indoor_assist
2026-03-09 13:16:00,Monday,13,163.4,99.4,none,navigation
2026-03-09 13:16:30,Monday,13,206.8,99.3,fall_detected,indoor_assist
2026-03-09 13:17:00,Monday,13,208.7,99.3,none,indoor_assist
2026-03-09 13:17:30,Monday,13,191.1,99.3,obstacle_near,indoor_assist
2026-03-09 13:18:00,Monday,13,235.0,99.3,none,indoor_assist
2026-03-09 13:18:30,Monday,13,214.3,99.3,obstacle_medium,navigation
2026-03-09 13:19:00,Monday,13,185.2,99.2,obstacle_medium,indoor_assist
2026-03-09 13:19:30,Monday,13,198.1,99.2,obstacle_medium,indoor_assist
2026-03-09 13:20:00,Monday,13,211.9,99.2,none,navigation
2026-03-09 13:20:30,Monday,13,169.2,99.2,obstacle_near,navigation
2026-03-09 13:21:00,Monday,13,216.8,99.2,none,indoor_assist
2026-03-09 13:21:30,Monday,13,155.0,99.1,none,indoor_assist
2026-03-09 13:22:00,Monday,13,226.5,99.1,obstacle_near,standby
2026-03-09 13:22:30,Monday,13,207.7,99.1,none,navigation
2026-03-09 13:23:00,Monday,13,207.0,99.1,none,indoor_assist
2026-03-09 13:23:30,Monday,13,196.9,99.1,none,standby
2026-03-09 13:24:00,Monday,13,180.9,99.0,none,navigation
2026-03-09 13:24:30,Monday,13,175.1,99.0,none,standby
2026-03-09 13:25:00,Monday,13,167.7,99.0,none,indoor_assist
2026-03-09 13:25:30,Monday,13,232.0,99.0,none,navigation
2026-03-09 13:26:00,Monday,13,216.2,99.0,none,indoor_assist
2026-03-09 13:26:30,Monday,13,233.5,98.9,obstacle_medium,navigation
2026-03-09 13:27:00,Monday,13,225.0,98.9,none,indoor_assist
2026-03-09 13:27:30,Monday,13,203.6,98.9,none,indoor_assist
2026-03-09 13:28:00,Monday,13,200.4,98.9,low_battery,standby
2026-03-09 13:28:30,Monday,13,227.7,98.9,none,navigation
2026-03-09 13:29:00,Monday,13,211.4,98.8,none,standby
2026-03-09 13:29:30,Monday,13,170.9,98.8,obstacle_near,navigation
2026-03-09 13:30:00,Monday,13,206.3,98.8,none,indoor_assist
2026-03-09 13:30:30,Monday,13,204.6,98.8,obstacle_near,indoor_assist
2026-03-09 13:31:00,Monday,13,182.1,98.8,obstacle_medium,standby
2026-03-09 13:31:30,Monday,13,212.6,98.7,obstacle_near,indoor_assist
2026-03-09 13:32:00,Monday,13,186.5,98.7,none,navigation
2026-03-09 13:32:30,Monday,13,253.5,98.7,none,indoor_assist
2026-03-09 13:33:00,Monday,13,189.1,98.7,obstacle_medium,indoor_assist
2026-03-09 13:33:30,Monday,13,223.0,98.7,obstacle_medium,navigation
2026-03-09 13:34:00,Monday,13,267.8,98.6,none,standby
2026-03-09 13:34:30,Monday,13,227.3,98.6,none,navigation
2026-03-09 13:35:00,Monday,13,119.7,98.6,none,indoor_assist
2026-03-09 13:35:30,Monday,13,202.2,98.6,none,navigation
2026-03-09 13:36:00,Monday,13,185.2,98.6,none,indoor_assist
2026-03-09 13:36:30,Monday,13,208.6,98.5,none,indoor_assist
2026-03-09 13:37:00,Monday,13,185.3,98.5,none,standby
2026-03-09 13:37:30,Monday,13,244.7,98.5,none,standby
2026-03-09 13:38:00,Monday,13,184.9,98.5,fall_detected,navigation
2026-03-09 13:38:30,Monday,13,194.3,98.5,none,standby
2026-03-09 13:39:00,Monday,13,207.6,98.4,none,navigation
2026-03-09 13:39:30,Monday,13,189.2,98.4,low_battery,indoor_assist
2026-03-09 13:40:00,Monday,13,151.3,98.4,obstacle_medium,indoor_assist
2026-03-09 13:40:30,Monday,13,163.2,98.4,none,indoor_assist
2026-03-09 13:41:00,Monday,13,140.0,98.4,none,standby
2026-03-09 13:41:30,Monday,13,207.8,98.3,obstacle_near,standby
2026-03-09 13:42:00,Monday,13,214.6,98.3,none,navigation
2026-03-09 13:42:30,Monday,13,196.5,98.3,fall_detected,indoor_assist
2026-03-09 13:43:00,Monday,13,218.8,98.3,none,indoor_assist
2026-03-09 13:43:30,Monday,13,263.9,98.3,none,indoor_assist
2026-03-09 13:44:00,Monday,13,185.2,98.2,none,navigation
2026-03-09 13:44:30,Monday,13,218.1,98.2,obstacle_medium,standby
2026-03-09 13:45:00,Monday,13,143.6,98.2,none,navigation
2026-03-09 13:45:30,Monday,13,210.9,98.2,none,indoor_assist
2026-03-09 13:46:00,Monday,13,203.0,98.2,low_battery,standby
2026-03-09 13:46:30,Monday,13,216.6,98.1,none,navigation
2026-03-09 13:47:00,Monday,13,215.4,98.1,none,indoor_assist
2026-03-09 13:47:30,Monday,13,222.0,98.1,none,indoor_assist
2026-03-09 13:48:00,Monday,13,190.8,98.1,none,standby
2026-03-09 13:48:30,Monday,13,178.8,98.1,none,navigation
2026-03-09 13:49:00,Monday,13,226.2,98.0,obstacle_medium,indoor_assist
2026-03-09 13:49:30,Monday,13,246.5,98.0,none,standby
2026-03-09 13:50:00,Monday,13,158.5,98.0,obstacle_near,navigation
2026-03-09 13:50:30,Monday,13,188.8,98.0,none,standby
2026-03-09 13:51:00,Monday,13,174.9,98.0,none,indoor_assist
2026-03-09 13:51:30,Monday,13,155.6,97.9,fall_detected,indoor_assist
2026-03-09 13:52:00,Monday,13,235.6,97.9,none,indoor_assist
2026-03-09 13:52:30,Monday,13,202.0,97.9,none,indoor_assist
2026-03-09 13:53:00,Monday,13,165.5,97.9,obstacle_near,indoor_assist
2026-03-09 13:53:30,Monday,13,203.7,97.9,obstacle_near,indoor_assist
2026-03-09 13:54:00,Monday,13,187.2,97.8,obstacle_near,indoor_assist
2026-03-09 13:54:30,Monday,13,281.6,97.8,none,indoor_assist
2026-03-09 13:55:00,Monday,13,212.0,97.8,obstacle_medium,navigation
2026-03-09 13:55:30,Monday,13,192.3,97.8,obstacle_medium,indoor_assist
2026-03-09 13:56:00,Monday,13,209.4,97.8,none,navigation
2026-03-09 13:56:30,Monday,13,178.3,97.7,none,indoor_assist
2026-03-09 13:57:00,Monday,13,221.4,97.7,none,indoor_assist
2026-03-09 13:57:30,Monday,13,198.7,97.7,none,standby
2026-03-09 13:58:00,Monday,13,200.8,97.7,none,indoor_assist
2026-03-09 13:58:30,Monday,13,186.7,97.7,obstacle_near,navigation
2026-03-09 13:59:00,Monday,13,216.7,97.6,none,indoor_assist
2026-03-09 13:59:30,Monday,13,231.1,97.6,none,standby
2026-03-09 14:00:00,Monday,14,230.4,97.6,obstacle_near,navigation
2026-03-09 14:00:30,Monday,14,220.7,97.6,none,standby
2026-03-09 14:01:00,Monday,14,190.8,97.6,obstacle_near,standby
2026-03-09 14:01:30,Monday,14,201.4,97.5,none,indoor_assist
2026-03-09 14:02:00,Monday,14,267.5,97.5,none,standby
2026-03-09 14:02:30,Monday,14,214.2,97.5,none,indoor_assist
2026-03-09 14:03:00,Monday,14,193.0,97.5,obstacle_near,navigation
2026-03-09 14:03:30,Monday,14,170.6,97.5,fall_detected,indoor_assist
2026-03-09 14:04:00,Monday,14,151.0,97.4,none,indoor_assist
2026-03-09 14:04:30,Monday,14,241.0,97.4,obstacle_medium,standby
2026-03-09 14:05:00,Monday,14,194.3,97.4,none,navigation
2026-03-09 14:05:30,Monday,14,165.1,97.4,none,indoor_assist
2026-03-09 14:06:00,Monday,14,172.3,97.4,none,navigation
2026-03-09 14:06:30,Monday,14,243.3,97.3,none,navigation
2026-03-09 14:07:00,Monday,14,186.3,97.3,none,navigation
2026-03-09 14:07:30,Monday,14,292.9,97.3,none,navigation
2026-03-09 14:08:00,Monday,14,181.1,97.3,obstacle_medium,indoor_assist
2026-03-09 14:08:30,Monday,14,160.1,97.3,none,indoor_assist
2026-03-09 14:09:00,Monday,14,215.1,97.2,none,indoor_assist
2026-03-09 14:09:30,Monday,14,208.6,97.2,none,navigation
2026-03-09 14:10:00,Monday,14,202.4,97.2,none,navigation
2026-03-09 14:10:30,Monday,14,201.9,97.2,low_battery,navigation
2026-03-09 14:11:00,Monday,14,212.6,97.2,none,navigation
2026-03-09 14:11:30,Monday,14,230.2,97.1,obstacle_near,navigation
2026-03-09 14:12:00,Monday,14,233.8,97.1,none,navigation
2026-03-09 14:12:30,Monday,14,222.4,97.1,low_battery,navigation
2026-03-09 14:13:00,Monday,14,255.6,97.1,none,standby
2026-03-09 14:13:30,Monday,14,232.7,97.1,none,navigation
2026-03-09 14:14:00,Monday,14,188.0,97.0,none,navigation
2026-03-09 14:14:30,Monday,14,211.2,97.0,obstacle_near,navigation
2026-03-09 14:15:00,Monday,14,169.6,97.0,obstacle_near,navigation
2026-03-09 14:15:30,Monday,14,216.4,97.0,fall_detected,indoor_assist
2026-03-09 14:16:00,Monday,14,183.5,97.0,obstacle_medium,navigation
2026-03-09 14:16:30,Monday,14,189.0,96.9,none,navigation
2026-03-09 14:17:00,Monday,14,160.6,96.9,none,navigation
2026-03-09 14:17:30,Monday,14,162.9,96.9,none,standby
2026-03-09 14:18:00,Monday,14,216.0,96.9,none,standby
2026-03-09 14:18:30,Monday,14,197.4,96.9,obstacle_medium,navigation
2026-03-09 14:19:00,Monday,14,277.0,96.8,low_battery,indoor_assist
2026-03-09 14:19:30,Monday,14,182.6,96.8,none,indoor_assist
2026-03-09 14:20:00,Monday,14,201.4,96.8,none,navigation
2026-03-09 14:20:30,Monday,14,229.1,96.8,obstacle_medium,indoor_assist
2026-03-09 14:21:00,Monday,14,168.5,96.8,none,indoor_assist
2026-03-09 14:21:30,Monday,14,179.4,96.7,none,navigation
2026-03-09 14:22:00,Monday,14,191.7,96.7,low_battery,indoor_assist
2026-03-09 14:22:30,Monday,14,168.9,96.7,none,indoor_assist
2026-03-09 14:23:00,Monday,14,170.3,96.7,none,navigation
2026-03-09 14:23:30,Monday,14,219.1,96.7,none,indoor_assist
2026-03-09 14:24:00,Monday,14,202.9,96.6,none,navigation
2026-03-09 14:24:30,Monday,14,188.6,96.6,none,indoor_assist
2026-03-09 14:25:00,Monday,14,240.4,96.6,none,indoor_assist
2026-03-09 14:25:30,Monday,14,177.9,96.6,none,standby
2026-03-09 14:26:00,Monday,14,158.4,96.6,obstacle_medium,indoor_assist
2026-03-09 14:26:30,Monday,14,190.2,96.5,none,navigation
2026-03-09 14:27:00,Monday,14,194.6,96.5,none,indoor_assist
2026-03-09 14:27:30,Monday,14,192.8,96.5,none,indoor_assist
2026-03-09 14:28:00,Monday,14,231.1,96.5,obstacle_near,navigation
2026-03-09 14:28:30,Monday,14,193.2,96.5,none,indoor_assist
2026-03-09 14:29:00,Monday,14,165.7,96.4,none,navigation
2026-03-09 14:29:30,Monday,14,181.0,96.4,none,indoor_assist
2026-03-09 14:30:00,Monday,14,172.4,96.4,obstacle_near,navigation
2026-03-09 14:30:30,Monday,14,199.9,96.4,none,standby
2026-03-09 14:31:00,Monday,14,253.2,96.4,obstacle_medium,navigation
2026-03-09 14:31:30,Monday,14,247.5,96.3,none,navigation
2026-03-09 14:32:00,Monday,14,166.1,96.3,none,indoor_assist
2026-03-09 14:32:30,Monday,14,203.7,96.3,none,navigation
2026-03-09 14:33:00,Monday,14,205.5,96.3,none,indoor_assist
2026-03-09 14:33:30,Monday,14,186.2,96.3,none,navigation
2026-03-09 14:34:00,Monday,14,222.3,96.2,obstacle_medium,navigation
2026-03-09 14:34:30,Monday,14,197.7,96.2,none,standby
2026-03-09 14:35:00,Monday,14,203.5,96.2,obstacle_medium,indoor_assist
2026-03-09 14:35:30,Monday,14,230.4,96.2,none,navigation
2026-03-09 14:36:00,Monday,14,185.0,96.2,none,navigation
2026-03-09 14:36:30,Monday,14,186.9,96.1,none,navigation
2026-03-09 14:37:00,Monday,14,200.8,96.1,obstacle_near,navigation
2026-03-09 14:37:30,Monday,14,145.4,96.1,none,navigation
2026-03-09 14:38:00,Monday,14,184.8,96.1,low_battery,standby
2026-03-09 14:38:30,Monday,14,229.5,96.1,none,indoor_assist
2026-03-09 14:39:00,Monday,14,166.2,96.0,none,navigation
2026-03-09 14:39:30,Monday,14,176.4,96.0,none,indoor_assist
2026-03-09 14:40:00,Monday,14,218.3,96.0,low_battery,indoor_assist
2026-03-09 14:40:30,Monday,14,156.8,96.0,obstacle_medium,navigation
2026-03-09 14:41:00,Monday,14,218.9,96.0,obstacle_medium,indoor_assist
2026-03-09 14:41:30,Monday,14,217.3,95.9,none,navigation
2026-03-09 14:42:00,Monday,14,219.1,95.9,obstacle_medium,indoor_assist
2026-03-09 14:42:30,Monday,14,222.5,95.9,none,indoor_assist
2026-03-09 14:43:00,Monday,14,238.2,95.9,none,navigation
2026-03-09 14:43:30,Monday,14,200.0,95.9,none,navigation
2026-03-09 14:44:00,Monday,14,226.7,95.8,obstacle_near,navigation
2026-03-09 14:44:30,Monday,14,209.4,95.8,none,standby
2026-03-09 14:45:00,Monday,14,165.0,95.8,none,navigation
2026-03-09 14:45:30,Monday,14,198.8,95.8,none,navigation
2026-03-09 14:46:00,Monday,14,206.5,95.8,none,navigation
2026-03-09 14:46:30,Monday,14,203.7,95.7,low_battery,indoor_assist
2026-03-09 14:47:00,Monday,14,216.3,95.7,none,indoor_assist
2026-03-09 14:47:30,Monday,14,228.9,95.7,none,navigation
2026-03-09 14:48:00,Monday,14,239.0,95.7,none,navigation
2026-03-09 14:48:30,Monday,14,234.1,95.7,none,navigation
2026-03-09 14:49:00,Monday,14,192.7,95.6,none,navigation
2026-03-09 14:49:30,Monday,14,163.0,95.6,none,indoor_assist
2026-03-09 14:50:00,Monday,14,166.2,95.6,none,navigation
2026-03-09 14:50:30,Monday,14,309.4,95.6,none,navigation
2026-03-09 14:51:00,Monday,14,251.8,95.6,fall_detected,indoor_assist
2026-03-09 14:51:30,Monday,14,198.0,95.5,none,navigation
2026-03-09 14:52:00,Monday,14,189.6,95.5,obstacle_medium,navigation
2026-03-09 14:52:30,Monday,14,158.8,95.5,obstacle_medium,navigation
2026-03-09 14:53:00,Monday,14,226.0,95.5,low_battery,indoor_assist
2026-03-09 14:53:30,Monday,14,210.2,95.5,none,indoor_assist
2026-03-09 14:54:00,Monday,14,194.2,95.4,none,standby
2026-03-09 14:54:30,Monday,14,222.9,95.4,none,navigation
2026-03-09 14:55:00,Monday,14,251.2,95.4,none,standby
2026-03-09 14:55:30,Monday,14,187.8,95.4,none,navigation
2026-03-09 14:56:00,Monday,14,215.2,95.4,none,indoor_assist
2026-03-09 14:56:30,Monday,14,183.0,95.3,none,indoor_assist
2026-03-09 14:57:00,Monday,14,160.7,95.3,low_battery,navigation
2026-03-09 14:57:30,Monday,14,202.6,95.3,none,indoor_assist
2026-03-09 14:58:00,Monday,14,209.7,95.3,none,navigation
2026-03-09 14:58:30,Monday,14,190.9,95.3,none,navigation
2026-03-09 14:59:00,Monday,14,225.4,95.2,obstacle_near,indoor_assist
2026-03-09 14:59:30,Monday,14,191.8,95.2,none,indoor_assist
2026-03-09 15:00:00,Monday,15,157.2,95.2,none,navigation
2026-03-09 15:00:30,Monday,15,211.4,95.2,none,navigation
2026-03-09 15:01:00,Monday,15,181.3,95.2,low_battery,indoor_assist
2026-03-09 15:01:30,Monday,15,208.9,95.1,none,indoor_assist
2026-03-09 15:02:00,Monday,15,168.4,95.1,none,indoor_assist
2026-03-09 15:02:30,Monday,15,186.0,95.1,obstacle_near,navigation
2026-03-09 15:03:00,Monday,15,207.0,95.1,obstacle_medium,standby
2026-03-09 15:03:30,Monday,15,167.5,95.1,none,navigation
2026-03-09 15:04:00,Monday,15,219.5,95.0,none,navigation
2026-03-09 15:04:30,Monday,15,194.7,95.0,none,navigation
2026-03-09 15:05:00,Monday,15,221.9,95.0,none,navigation
2026-03-09 15:05:30,Monday,15,190.2,95.0,none,standby
2026-03-09 15:06:00,Monday,15,215.3,95.0,none,indoor_assist
2026-03-09 15:06:30,Monday,15,226.0,94.9,fall_detected,indoor_assist
2026-03-09 15:07:00,Monday,15,199.6,94.9,none,navigation
2026-03-09 15:07:30,Monday,15,198.7,94.9,obstacle_medium,indoor_assist
2026-03-09 15:08:00,Monday,15,246.2,94.9,none,standby
2026-03-09 15:08:30,Monday,15,202.7,94.9,none,navigation
2026-03-09 15:09:00,Monday,15,226.6,94.8,none,navigation
2026-03-09 15:09:30,Monday,15,212.7,94.8,none,standby
2026-03-09 15:10:00,Monday,15,233.7,94.8,none,navigation
2026-03-09 15:10:30,Monday,15,239.2,94.8,none,navigation
2026-03-09 15:11:00,Monday,15,196.2,94.8,none,navigation
2026-03-09 15:11:30,Monday,15,199.3,94.7,none,indoor_assist
2026-03-09 15:12:00,Monday,15,217.9,94.7,none,standby
2026-03-09 15:12:30,Monday,15,225.2,94.7,obstacle_medium,navigation
2026-03-09 15:13:00,Monday,15,200.6,94.7,none,standby
2026-03-09 15:13:30,Monday,15,160.0,94.7,none,navigation
2026-03-09 15:14:00,Monday,15,197.9,94.6,none,indoor_assist
2026-03-09 15:14:30,Monday,15,212.4,94.6,none,indoor_assist
2026-03-09 15:15:00,Monday,15,178.7,94.6,none,navigation
2026-03-09 15:15:30,Monday,15,145.8,94.6,none,indoor_assist
2026-03-09 15:16:00,Monday,15,199.7,94.6,obstacle_near,standby
2026-03-09 15:16:30,Monday,15,174.9,94.5,none,navigation
2026-03-09 15:17:00,Monday,15,226.8,94.5,none,indoor_assist
2026-03-09 15:17:30,Monday,15,223.0,94.5,none,standby
2026-03-09 15:18:00,Monday,15,214.6,94.5,none,indoor_assist
2026-03-09 15:18:30,Monday,15,193.6,94.5,none,indoor_assist
2026-03-09 15:19:00,Monday,15,206.0,94.4,none,navigation
2026-03-09 15:19:30,Monday,15,125.7,94.4,obstacle_near,navigation
2026-03-09 15:20:00,Monday,15,210.3,94.4,none,indoor_assist
2026-03-09 15:20:30,Monday,15,202.6,94.4,none,indoor_assist
2026-03-09 15:21:00,Monday,15,159.8,94.4,obstacle_medium,indoor_assist
2026-03-09 15:21:30,Monday,15,223.6,94.3,none,navigation
2026-03-09 15:22:00,Monday,15,186.8,94.3,obstacle_medium,indoor_assist
2026-03-09 15:22:30,Monday,15,233.4,94.3,none,navigation
2026-03-09 15:23:00,Monday,15,162.2,94.3,none,navigation
2026-03-09 15:23:30,Monday,15,157.5,94.3,none,indoor_assist
2026-03-09 15:24:00,Monday,15,205.9,94.2,obstacle_medium,navigation
2026-03-09 15:24:30,Monday,15,191.5,94.2,none,indoor_assist
2026-03-09 15:25:00,Monday,15,182.0,94.2,none,navigation
2026-03-09 15:25:30,Monday,15,246.0,94.2,none,indoor_assist
2026-03-09 15:26:00,Monday,15,238.2,94.2,none,indoor_assist
2026-03-09 15:26:30,Monday,15,263.6,94.1,none,navigation
2026-03-09 15:27:00,Monday,15,236.5,94.1,low_battery,standby
2026-03-09 15:27:30,Monday,15,237.4,94.1,none,navigation
2026-03-09 15:28:00,Monday,15,208.4,94.1,obstacle_near,indoor_assist
2026-03-09 15:28:30,Monday,15,177.6,94.1,none,navigation
2026-03-09 15:29:00,Monday,15,172.8,94.0,none,indoor_assist
2026-03-09 15:29:30,Monday,15,207.9,94.0,none,navigation
2026-03-09 15:30:00,Monday,15,231.3,94.0,none,navigation
2026-03-09 15:30:30,Monday,15,223.6,94.0,none,navigation
2026-03-09 15:31:00,Monday,15,214.6,94.0,none,navigation
2026-03-09 15:31:30,Monday,15,183.0,93.9,obstacle_medium,standby
2026-03-09 15:32:00,Monday,15,223.8,93.9,none,indoor_assist
2026-03-09 15:32:30,Monday,15,170.3,93.9,none,navigation
2026-03-09 15:33:00,Monday,15,158.6,93.9,low_battery,navigation
2026-03-09 15:33:30,Monday,15,224.1,93.9,none,indoor_assist
2026-03-09 15:34:00,Monday,15,215.4,93.8,none,standby
2026-03-09 15:34:30,Monday,15,189.1,93.8,none,navigation
2026-03-09 15:35:00,Monday,15,176.2,93.8,none,navigation
2026-03-09 15:35:30,Monday,15,205.3,93.8,none,navigation
2026-03-09 15:36:00,Monday,15,211.8,93.8,none,indoor_assist
2026-03-09 15:36:30,Monday,15,236.8,93.7,none,indoor_assist
2026-03-09 15:37:00,Monday,15,148.4,93.7,obstacle_medium,standby
2026-03-09 15:37:30,Monday,15,202.2,93.7,none,navigation
2026-03-09 15:38:00,Monday,15,230.8,93.7,fall_detected,navigation
2026-03-09 15:38:30,Monday,15,201.2,93.7,none,standby
2026-03-09 15:39:00,Monday,15,201.5,93.6,none,indoor_assist
2026-03-09 15:39:30,Monday,15,199.5,93.6,none,navigation
2026-03-09 15:40:00,Monday,15,178.3,93.6,none,navigation
2026-03-09 15:40:30,Monday,15,195.9,93.6,none,indoor_assist
2026-03-09 15:41:00,Monday,15,256.4,93.6,none,indoor_assist
2026-03-09 15:41:30,Monday,15,237.3,93.5,none,navigation
2026-03-09 15:42:00,Monday,15,212.5,93.5,obstacle_medium,navigation
2026-03-09 15:42:30,Monday,15,198.0,93.5,none,navigation
2026-03-09 15:43:00,Monday,15,170.8,93.5,none,navigation
2026-03-09 15:43:30,Monday,15,186.7,93.5,low_battery,navigation
2026-03-09 15:44:00,Monday,15,214.6,93.4,none,navigation
2026-03-09 15:44:30,Monday,15,155.8,93.4,low_battery,navigation
2026-03-09 15:45:00,Monday,15,215.3,93.4,none,navigation
2026-03-09 15:45:30,Monday,15,249.9,93.4,obstacle_medium,navigation
2026-03-09 15:46:00,Monday,15,169.1,93.4,none,navigation
2026-03-09 15:46:30,Monday,15,220.6,93.3,none,navigation
2026-03-09 15:47:00,Monday,15,212.8,93.3,none,indoor_assist
2026-03-09 15:47:30,Monday,15,212.0,93.3,none,navigation
2026-03-09 15:48:00,Monday,15,213.7,93.3,obstacle_medium,navigation
2026-03-09 15:48:30,Monday,15,177.1,93.3,none,indoor_assist
2026-03-09 15:49:00,Monday,15,189.7,93.2,none,navigation
2026-03-09 15:49:30,Monday,15,179.1,93.2,none,navigation
2026-03-09 15:50:00,Monday,15,199.7,93.2,none,indoor_assist
2026-03-09 15:50:30,Monday,15,177.3,93.2,obstacle_medium,navigation
2026-03-09 15:51:00,Monday,15,241.3,93.2,obstacle_medium,indoor_assist
2026-03-09 15:51:30,Monday,15,125.3,93.1,none,indoor_assist
2026-03-09 15:52:00,Monday,15,175.6,93.1,low_battery,indoor_assist
2026-03-09 15:52:30,Monday,15,168.7,93.1,obstacle_near,navigation
2026-03-09 15:53:00,Monday,15,226.6,93.1,obstacle_medium,standby
2026-03-09 15:53:30,Monday,15,181.3,93.1,none,navigation
2026-03-09 15:54:00,Monday,15,232.2,93.0,obstacle_medium,indoor_assist
2026-03-09 15:54:30,Monday,15,208.8,93.0,none,navigation
2026-03-09 15:55:00,Monday,15,244.7,93.0,obstacle_medium,navigation
2026-03-09 15:55:30,Monday,15,208.4,93.0,obstacle_medium,navigation
2026-03-09 15:56:00,Monday,15,205.9,93.0,none,navigation
2026-03-09 15:56:30,Monday,15,194.7,92.9,low_battery,navigation
2026-03-09 15:57:00,Monday,15,189.9,92.9,low_battery,navigation
2026-03-09 15:57:30,Monday,15,196.7,92.9,obstacle_medium,standby
2026-03-09 15:58:00,Monday,15,158.2,92.9,none,indoor_assist
2026-03-09 15:58:30,Monday,15,193.2,92.9,none,indoor_assist
2026-03-09 15:59:00,Monday,15,176.2,92.8,none,standby
2026-03-09 15:59:30,Monday,15,229.1,92.8,none,navigation
2026-03-09 16:00:00,Monday,16,131.2,92.8,obstacle_medium,standby
2026-03-09 16:00:30,Monday,16,143.8,92.8,none,navigation
2026-03-09 16:01:00,Monday,16,156.8,92.8,none,standby
2026-03-09 16:01:30,Monday,16,118.0,92.7,none,navigation
2026-03-09 16:02:00,Monday,16,107.0,92.7,none,standby
2026-03-09 16:02:30,Monday,16,100.3,92.7,obstacle_near,standby
2026-03-09 16:03:00,Monday,16,131.1,92.7,none,navigation
2026-03-09 16:03:30,Monday,16,177.0,92.7,none,indoor_assist
2026-03-09 16:04:00,Monday,16,138.0,92.6,none,indoor_assist
2026-03-09 16:04:30,Monday,16,155.9,92.6,none,navigation
2026-03-09 16:05:00,Monday,16,97.7,92.6,none,indoor_assist
2026-03-09 16:05:30,Monday,16,50.6,92.6,obstacle_medium,standby
2026-03-09 16:06:00,Monday,16,145.7,92.6,none,navigation
2026-03-09 16:06:30,Monday,16,96.4,92.5,obstacle_medium,navigation
2026-03-09 16:07:00,Monday,16,127.1,92.5,obstacle_near,standby
2026-03-09 16:07:30,Monday,16,156.0,92.5,obstacle_medium,navigation
2026-03-09 16:08:00,Monday,16,106.1,92.5,none,navigation
2026-03-09 16:08:30,Monday,16,54.2,92.5,obstacle_medium,indoor_assist
2026-03-09 16:09:00,Monday,16,164.9,92.4,none,standby
2026-03-09 16:09:30,Monday,16,94.3,92.4,none,navigation
2026-03-09 16:10:00,Monday,16,148.1,92.4,obstacle_medium,navigation
2026-03-09 16:10:30,Monday,16,109.3,92.4,obstacle_medium,navigation
2026-03-09 16:11:00,Monday,16,170.4,92.4,none,indoor_assist
2026-03-09 16:11:30,Monday,16,103.2,92.3,obstacle_medium,standby
2026-03-09 16:12:00,Monday,16,96.1,92.3,none,navigation
2026-03-09 16:12:30,Monday,16,55.3,92.3,obstacle_medium,navigation
2026-03-09 16:13:00,Monday,16,104.0,92.3,obstacle_medium,indoor_assist
2026-03-09 16:13:30,Monday,16,162.9,92.3,none,standby
2026-03-09 16:14:00,Monday,16,45.1,92.2,obstacle_medium,navigation
2026-03-09 16:14:30,Monday,16,180.7,92.2,none,standby
2026-03-09 16:15:00,Monday,16,140.8,92.2,none,standby
2026-03-09 16:15:30,Monday,16,115.7,92.2,obstacle_medium,indoor_assist
2026-03-09 16:16:00,Monday,16,126.4,92.2,obstacle_medium,standby
2026-03-09 16:16:30,Monday,16,205.0,92.1,obstacle_medium,indoor_assist
2026-03-09 16:17:00,Monday,16,79.8,92.1,obstacle_medium,navigation
2026-03-09 16:17:30,Monday,16,72.0,92.1,obstacle_medium,navigation
2026-03-09 16:18:00,Monday,16,119.4,92.1,obstacle_near,navigation
2026-03-09 16:18:30,Monday,16,134.3,92.1,none,standby
2026-03-09 16:19:00,Monday,16,146.2,92.0,none,indoor_assist
2026-03-09 16:19:30,Monday,16,96.8,92.0,obstacle_medium,navigation
2026-03-09 16:20:00,Monday,16,148.6,92.0,none,navigation
2026-03-09 16:20:30,Monday,16,87.2,92.0,obstacle_near,indoor_assist
2026-03-09 16:21:00,Monday,16,112.7,92.0,none,navigation
2026-03-09 16:21:30,Monday,16,145.2,91.9,obstacle_medium,navigation
2026-03-09 16:22:00,Monday,16,115.7,91.9,none,navigation
2026-03-09 16:22:30,Monday,16,82.5,91.9,none,indoor_assist
2026-03-09 16:23:00,Monday,16,112.5,91.9,none,navigation
2026-03-09 16:23:30,Monday,16,120.8,91.9,none,navigation
2026-03-09 16:24:00,Monday,16,136.4,91.8,obstacle_medium,indoor_assist
2026-03-09 16:24:30,Monday,16,132.1,91.8,none,indoor_assist
2026-03-09 16:25:00,Monday,16,117.7,91.8,fall_detected,navigation
2026-03-09 16:25:30,Monday,16,144.3,91.8,none,indoor_assist
2026-03-09 16:26:00,Monday,16,136.2,91.8,none,navigation
2026-03-09 16:26:30,Monday,16,143.3,91.7,none,indoor_assist
2026-03-09 16:27:00,Monday,16,122.1,91.7,obstacle_medium,navigation
2026-03-09 16:27:30,Monday,16,126.5,91.7,obstacle_medium,indoor_assist
2026-03-09 16:28:00,Monday,16,109.2,91.7,none,indoor_assist
2026-03-09 16:28:30,Monday,16,148.2,91.7,obstacle_medium,indoor_assist
2026-03-09 16:29:00,Monday,16,144.8,91.6,none,navigation
2026-03-09 16:29:30,Monday,16,177.3,91.6,low_battery,navigation
2026-03-09 16:30:00,Monday,16,123.5,91.6,obstacle_near,indoor_assist
2026-03-09 16:30:30,Monday,16,143.5,91.6,none,navigation
2026-03-09 16:31:00,Monday,16,99.2,91.6,none,indoor_assist
2026-03-09 16:31:30,Monday,16,151.1,91.5,none,indoor_assist
2026-03-09 16:32:00,Monday,16,133.0,91.5,none,standby
2026-03-09 16:32:30,Monday,16,91.6,91.5,none,standby
2026-03-09 16:33:00,Monday,16,108.0,91.5,none,indoor_assist
2026-03-09 16:33:30,Monday,16,121.8,91.5,none,standby
2026-03-09 16:34:00,Monday,16,134.1,91.4,none,navigation
2026-03-09 16:34:30,Monday,16,77.1,91.4,obstacle_medium,navigation
2026-03-09 16:35:00,Monday,16,199.9,91.4,none,navigation
2026-03-09 16:35:30,Monday,16,112.1,91.4,none,standby
2026-03-09 16:36:00,Monday,16,25.3,91.4,obstacle_near,indoor_assist
2026-03-09 16:36:30,Monday,16,160.7,91.3,low_battery,standby
2026-03-09 16:37:00,Monday,16,129.6,91.3,none,navigation
2026-03-09 16:37:30,Monday,16,114.3,91.3,none,navigation
2026-03-09 16:38:00,Monday,16,61.1,91.3,obstacle_medium,indoor_assist
2026-03-09 16:38:30,Monday,16,135.9,91.3,none,navigation
2026-03-09 16:39:00,Monday,16,105.4,91.2,none,indoor_assist
2026-03-09 16:39:30,Monday,16,128.7,91.2,none,standby
2026-03-09 16:40:00,Monday,16,107.2,91.2,low_battery,indoor_assist
2026-03-09 16:40:30,Monday,16,114.7,91.2,none,navigation
2026-03-09 16:41:00,Monday,16,94.3,91.2,none,navigation
2026-03-09 16:41:30,Monday,16,143.2,91.1,low_battery,navigation
2026-03-09 16:42:00,Monday,16,84.2,91.1,obstacle_near,standby
2026-03-09 16:42:30,Monday,16,90.9,91.1,none,navigation
2026-03-09 16:43:00,Monday,16,118.2,91.1,none,navigation
2026-03-09 16:43:30,Monday,16,52.5,91.1,obstacle_medium,navigation
2026-03-09 16:44:00,Monday,16,113.4,91.0,none,navigation
2026-03-09 16:44:30,Monday,16,154.3,91.0,none,navigation
2026-03-09 16:45:00,Monday,16,152.0,91.0,none,navigation
2026-03-09 16:45:30,Monday,16,114.8,91.0,none,indoor_assist
2026-03-09 16:46:00,Monday,16,127.9,91.0,none,indoor_assist
2026-03-09 16:46:30,Monday,16,139.1,90.9,none,standby
2026-03-09 16:47:00,Monday,16,135.6,90.9,obstacle_medium,navigation
2026-03-09 16:47:30,Monday,16,87.4,90.9,none,navigation
2026-03-09 16:48:00,Monday,16,156.7,90.9,obstacle_near,navigation
2026-03-09 16:48:30,Monday,16,70.4,90.9,obstacle_medium,indoor_assist
2026-03-09 16:49:00,Monday,16,120.1,90.8,none,indoor_assist
2026-03-09 16:49:30,Monday,16,153.1,90.8,low_battery,indoor_assist
2026-03-09 16:50:00,Monday,16,77.4,90.8,obstacle_medium,navigation
2026-03-09 16:50:30,Monday,16,118.6,90.8,none,indoor_assist
2026-03-09 16:51:00,Monday,16,146.7,90.8,none,navigation
2026-03-09 16:51:30,Monday,16,174.5,90.7,obstacle_medium,standby
2026-03-09 16:52:00,Monday,16,119.7,90.7,low_battery,navigation
2026-03-09 16:52:30,Monday,16,74.2,90.7,obstacle_medium,indoor_assist
2026-03-09 16:53:00,Monday,16,177.7,90.7,none,indoor_assist
2026-03-09 16:53:30,Monday,16,107.1,90.7,low_battery,navigation
2026-03-09 16:54:00,Monday,16,171.8,90.6,none,navigation
2026-03-09 16:54:30,Monday,16,126.6,90.6,none,indoor_assist
2026-03-09 16:55:00,Monday,16,116.9,90.6,low_battery,indoor_assist
2026-03-09 16:55:30,Monday,16,117.7,90.6,none,standby
2026-03-09 16:56:00,Monday,16,100.3,90.6,none,navigation
2026-03-09 16:56:30,Monday,16,95.4,90.5,low_battery,navigation
2026-03-09 16:57:00,Monday,16,95.3,90.5,none,navigation
2026-03-09 16:57:30,Monday,16,69.8,90.5,obstacle_medium,indoor_assist
2026-03-09 16:58:00,Monday,16,136.1,90.5,none,indoor_assist
2026-03-09 16:58:30,Monday,16,95.8,90.5,low_battery,navigation
2026-03-09 16:59:00,Monday,16,202.4,90.4,none,standby
2026-03-09 16:59:30,Monday,16,155.0,90.4,low_battery,indoor_assist
2026-03-09 17:00:00,Monday,17,139.7,90.4,obstacle_medium,indoor_assist
2026-03-09 17:00:30,Monday,17,104.2,90.4,none,indoor_assist
2026-03-09 17:01:00,Monday,17,133.1,90.4,none,indoor_assist
2026-03-09 17:01:30,Monday,17,81.6,90.3,none,indoor_assist
2026-03-09 17:02:00,Monday,17,143.2,90.3,none,navigation
2026-03-09 17:02:30,Monday,17,119.6,90.3,obstacle_near,indoor_assist
2026-03-09 17:03:00,Monday,17,102.5,90.3,none,navigation
2026-03-09 17:03:30,Monday,17,111.5,90.3,none,indoor_assist
2026-03-09 17:04:00,Monday,17,157.3,90.2,none,indoor_assist
2026-03-09 17:04:30,Monday,17,95.2,90.2,none,standby
2026-03-09 17:05:00,Monday,17,125.7,90.2,obstacle_medium,navigation
2026-03-09 17:05:30,Monday,17,132.3,90.2,none,indoor_assist
2026-03-09 17:06:00,Monday,17,138.5,90.2,none,navigation
2026-03-09 17:06:30,Monday,17,161.3,90.1,none,indoor_assist
2026-03-09 17:07:00,Monday,17,101.4,90.1,none,navigation
2026-03-09 17:07:30,Monday,17,169.5,90.1,low_battery,standby
2026-03-09 17:08:00,Monday,17,60.8,90.1,obstacle_medium,standby
2026-03-09 17:08:30,Monday,17,131.1,90.1,obstacle_near,standby
2026-03-09 17:09:00,Monday,17,59.7,90.0,obstacle_medium,navigation
2026-03-09 17:09:30,Monday,17,119.8,90.0,obstacle_near,standby
2026-03-09 17:10:00,Monday,17,133.0,90.0,none,indoor_assist
2026-03-09 17:10:30,Monday,17,135.2,90.0,none,navigation
2026-03-09 17:11:00,Monday,17,100.7,90.0,none,navigation
2026-03-09 17:11:30,Monday,17,163.5,89.9,none,navigation
2026-03-09 17:12:00,Monday,17,118.1,89.9,low_battery,indoor_assist
2026-03-09 17:12:30,Monday,17,117.8,89.9,obstacle_medium,indoor_assist
2026-03-09 17:13:00,Monday,17,69.2,89.9,obstacle_medium,indoor_assist
2026-03-09 17:13:30,Monday,17,123.3,89.9,none,navigation
2026-03-09 17:14:00,Monday,17,148.8,89.8,obstacle_near,navigation
2026-03-09 17:14:30,Monday,17,113.6,89.8,none,navigation
2026-03-09 17:15:00,Monday,17,95.1,89.8,obstacle_medium,indoor_assist
2026-03-09 17:15:30,Monday,17,171.0,89.8,none,navigation
2026-03-09 17:16:00,Monday,17,110.4,89.8,obstacle_medium,navigation
2026-03-09 17:16:30,Monday,17,94.2,89.7,none,navigation
2026-03-09 17:17:00,Monday,17,131.3,89.7,low_battery,indoor_assist
2026-03-09 17:17:30,Monday,17,97.4,89.7,none,navigation
2026-03-09 17:18:00,Monday,17,195.1,89.7,none,standby
2026-03-09 17:18:30,Monday,17,56.2,89.7,obstacle_medium,navigation
2026-03-09 17:19:00,Monday,17,183.6,89.6,none,navigation
2026-03-09 17:19:30,Monday,17,98.5,89.6,none,navigation
2026-03-09 17:20:00,Monday,17,116.0,89.6,obstacle_medium,navigation
2026-03-09 17:20:30,Monday,17,80.2,89.6,none,navigation
2026-03-09 17:21:00,Monday,17,136.5,89.6,none,navigation
2026-03-09 17:21:30,Monday,17,103.9,89.5,none,indoor_assist
2026-03-09 17:22:00,Monday,17,116.6,89.5,none,navigation
2026-03-09 17:22:30,Monday,17,115.1,89.5,none,indoor_assist
2026-03-09 17:23:00,Monday,17,102.9,89.5,none,indoor_assist
2026-03-09 17:23:30,Monday,17,122.8,89.5,none,indoor_assist
2026-03-09 17:24:00,Monday,17,107.6,89.4,none,navigation
2026-03-09 17:24:30,Monday,17,99.7,89.4,none,navigation
2026-03-09 17:25:00,Monday,17,117.1,89.4,obstacle_medium,navigation
2026-03-09 17:25:30,Monday,17,105.3,89.4,obstacle_medium,navigation
2026-03-09 17:26:00,Monday,17,117.0,89.4,obstacle_medium,indoor_assist
2026-03-09 17:26:30,Monday,17,156.4,89.3,low_battery,navigation
2026-03-09 17:27:00,Monday,17,99.5,89.3,none,navigation
2026-03-09 17:27:30,Monday,17,120.5,89.3,obstacle_near,indoor_assist
2026-03-09 17:28:00,Monday,17,167.5,89.3,none,navigation
2026-03-09 17:28:30,Monday,17,88.5,89.3,obstacle_medium,indoor_assist
2026-03-09 17:29:00,Monday,17,117.7,89.2,low_battery,navigation
2026-03-09 17:29:30,Monday,17,106.3,89.2,none,navigation
2026-03-09 17:30:00,Monday,17,106.6,89.2,obstacle_medium,navigation
2026-03-09 17:30:30,Monday,17,123.1,89.2,low_battery,indoor_assist
2026-03-09 17:31:00,Monday,17,101.1,89.2,obstacle_medium,indoor_assist
2026-03-09 17:31:30,Monday,17,165.4,89.1,obstacle_near,standby
2026-03-09 17:32:00,Monday,17,110.5,89.1,none,navigation
2026-03-09 17:32:30,Monday,17,104.3,89.1,none,standby
2026-03-09 17:33:00,Monday,17,166.0,89.1,obstacle_medium,navigation
2026-03-09 17:33:30,Monday,17,150.4,89.1,none,navigation
2026-03-09 17:34:00,Monday,17,75.9,89.0,obstacle_medium,indoor_assist
2026-03-09 17:34:30,Monday,17,158.5,89.0,none,navigation
2026-03-09 17:35:00,Monday,17,116.5,89.0,none,navigation
2026-03-09 17:35:30,Monday,17,110.2,89.0,none,indoor_assist
2026-03-09 17:36:00,Monday,17,134.6,89.0,obstacle_medium,navigation
2026-03-09 17:36:30,Monday,17,77.2,88.9,obstacle_medium,navigation
2026-03-09 17:37:00,Monday,17,97.1,88.9,none,navigation
2026-03-09 17:37:30,Monday,17,67.5,88.9,obstacle_medium,navigation
2026-03-09 17:38:00,Monday,17,112.2,88.9,low_battery,navigation
2026-03-09 17:38:30,Monday,17,124.9,88.9,none,indoor_assist
2026-03-09 17:39:00,Monday,17,124.3,88.8,none,standby
2026-03-09 17:39:30,Monday,17,80.9,88.8,none,navigation
2026-03-09 17:40:00,Monday,17,73.9,88.8,obstacle_medium,indoor_assist
2026-03-09 17:40:30,Monday,17,113.3,88.8,fall_detected,navigation
2026-03-09 17:41:00,Monday,17,106.8,88.8,none,indoor_assist
2026-03-09 17:41:30,Monday,17,93.5,88.7,none,navigation
2026-03-09 17:42:00,Monday,17,109.1,88.7,none,standby
2026-03-09 17:42:30,Monday,17,106.3,88.7,none,navigation
2026-03-09 17:43:00,Monday,17,97.8,88.7,none,navigation
2026-03-09 17:43:30,Monday,17,121.2,88.7,obstacle_medium,indoor_assist
2026-03-09 17:44:00,Monday,17,102.0,88.6,none,indoor_assist
2026-03-09 17:44:30,Monday,17,132.5,88.6,none,standby
2026-03-09 17:45:00,Monday,17,105.7,88.6,none,indoor_assist
2026-03-09 17:45:30,Monday,17,124.9,88.6,obstacle_medium,navigation
2026-03-09 17:46:00,Monday,17,119.5,88.6,obstacle_medium,indoor_assist
2026-03-09 17:46:30,Monday,17,119.8,88.5,none,navigation
2026-03-09 17:47:00,Monday,17,99.6,88.5,none,standby
2026-03-09 17:47:30,Monday,17,118.9,88.5,none,navigation
2026-03-09 17:48:00,Monday,17,125.6,88.5,none,indoor_assist
2026-03-09 17:48:30,Monday,17,152.5,88.5,none,indoor_assist
2026-03-09 17:49:00,Monday,17,116.9,88.4,none,navigation
2026-03-09 17:49:30,Monday,17,105.6,88.4,none,indoor_assist
2026-03-09 17:50:00,Monday,17,144.3,88.4,none,indoor_assist
2026-03-09 17:50:30,Monday,17,114.5,88.4,obstacle_near,navigation
2026-03-09 17:51:00,Monday,17,150.3,88.4,none,navigation
2026-03-09 17:51:30,Monday,17,156.8,88.3,none,navigation
2026-03-09 17:52:00,Monday,17,147.1,88.3,none,indoor_assist
2026-03-09 17:52:30,Monday,17,107.3,88.3,none,navigation
2026-03-09 17:53:00,Monday,17,61.1,88.3,obstacle_medium,indoor_assist
2026-03-09 17:53:30,Monday,17,155.1,88.3,none,navigation
2026-03-09 17:54:00,Monday,17,79.2,88.2,obstacle_medium,navigation
2026-03-09 17:54:30,Monday,17,57.0,88.2,obstacle_medium,navigation
2026-03-09 17:55:00,Monday,17,172.6,88.2,none,indoor_assist
2026-03-09 17:55:30,Monday,17,97.3,88.2,none,navigation
2026-03-09 17:56:00,Monday,17,77.2,88.2,obstacle_medium,navigation
2026-03-09 17:56:30,Monday,17,97.0,88.1,none,standby
2026-03-09 17:57:00,Monday,17,90.4,88.1,none,standby
2026-03-09 17:57:30,Monday,17,119.2,88.1,none,navigation
2026-03-09 17:58:00,Monday,17,197.6,88.1,none,navigation
2026-03-09 17:58:30,Monday,17,101.9,88.1,none,indoor_assist
2026-03-09 17:59:00,Monday,17,119.8,88.0,none,standby
2026-03-09 17:59:30,Monday,17,94.7,88.0,none,standby
2026-03-09 18:00:00,Monday,18,106.5,100.0,none,navigation
2026-03-09 18:00:30,Monday,18,105.1,100.0,none,indoor_assist
2026-03-09 18:01:00,Monday,18,163.2,100.0,none,indoor_assist
2026-03-09 18:01:30,Monday,18,114.9,99.9,none,navigation
2026-03-09 18:02:00,Monday,18,140.9,99.9,none,indoor_assist
2026-03-09 18:02:30,Monday,18,138.5,99.9,none,navigation
2026-03-09 18:03:00,Monday,18,119.2,99.9,low_battery,indoor_assist
2026-03-09 18:03:30,Monday,18,62.4,99.9,obstacle_medium,indoor_assist
2026-03-09 18:04:00,Monday,18,136.6,99.8,none,navigation
2026-03-09 18:04:30,Monday,18,122.7,99.8,none,navigation
2026-03-09 18:05:00,Monday,18,114.8,99.8,none,indoor_assist
2026-03-09 18:05:30,Monday,18,142.2,99.8,low_battery,indoor_assist
2026-03-09 18:06:00,Monday,18,173.9,99.8,obstacle_medium,standby
2026-03-09 18:06:30,Monday,18,131.1,99.7,none,standby
2026-03-09 18:07:00,Monday,18,118.2,99.7,fall_detected,indoor_assist
2026-03-09 18:07:30,Monday,18,81.5,99.7,none,navigation
2026-03-09 18:08:00,Monday,18,84.9,99.7,none,standby
2026-03-09 18:08:30,Monday,18,61.1,99.7,obstacle_medium,navigation
2026-03-09 18:09:00,Monday,18,115.4,99.6,low_battery,indoor_assist
2026-03-09 18:09:30,Monday,18,118.4,99.6,none,standby
2026-03-09 18:10:00,Monday,18,151.8,99.6,none,indoor_assist
2026-03-09 18:10:30,Monday,18,62.1,99.6,obstacle_medium,indoor_assist
2026-03-09 18:11:00,Monday,18,78.7,99.6,obstacle_medium,navigation
2026-03-09 18:11:30,Monday,18,88.6,99.5,obstacle_medium,indoor_assist
2026-03-09 18:12:00,Monday,18,127.2,99.5,none,navigation
2026-03-09 18:12:30,Monday,18,137.1,99.5,none,indoor_assist
2026-03-09 18:13:00,Monday,18,147.2,99.5,low_battery,navigation
2026-03-09 18:13:30,Monday,18,149.0,99.5,none,navigation
2026-03-09 18:14:00,Monday,18,135.1,99.4,obstacle_near,standby
2026-03-09 18:14:30,Monday,18,141.8,99.4,none,indoor_assist
2026-03-09 18:15:00,Monday,18,80.9,99.4,none,indoor_assist
2026-03-09 18:15:30,Monday,18,122.3,99.4,none,navigation
2026-03-09 18:16:00,Monday,18,124.6,99.4,none,navigation
2026-03-09 18:16:30,Monday,18,130.3,99.3,none,navigation
2026-03-09 18:17:00,Monday,18,123.7,99.3,none,navigation
2026-03-09 18:17:30,Monday,18,140.4,99.3,obstacle_medium,indoor_assist
2026-03-09 18:18:00,Monday,18,20.6,99.3,obstacle_near,standby
2026-03-09 18:18:30,Monday,18,100.7,99.3,obstacle_near,indoor_assist
2026-03-09 18:19:00,Monday,18,58.7,99.2,obstacle_medium,indoor_assist
2026-03-09 18:19:30,Monday,18,141.8,99.2,none,indoor_assist
2026-03-09 18:20:00,Monday,18,91.2,99.2,none,navigation
2026-03-09 18:20:30,Monday,18,180.2,99.2,none,navigation
2026-03-09 18:21:00,Monday,18,167.3,99.2,none,indoor_assist
2026-03-09 18:21:30,Monday,18,90.5,99.1,none,navigation
2026-03-09 18:22:00,Monday,18,135.7,99.1,none,standby
2026-03-09 18:22:30,Monday,18,108.3,99.1,obstacle_medium,standby
2026-03-09 18:23:00,Monday,18,116.5,99.1,obstacle_near,indoor_assist
2026-03-09 18:23:30,Monday,18,119.1,99.1,none,standby
2026-03-09 18:24:00,Monday,18,107.5,99.0,none,indoor_assist
2026-03-09 18:24:30,Monday,18,126.4,99.0,none,indoor_assist
2026-03-09 18:25:00,Monday,18,77.0,99.0,obstacle_medium,navigation
2026-03-09 18:25:30,Monday,18,63.4,99.0,obstacle_medium,navigation
2026-03-09 18:26:00,Monday,18,128.5,99.0,none,indoor_assist
2026-03-09 18:26:30,Monday,18,125.2,98.9,none,navigation
2026-03-09 18:27:00,Monday,18,118.4,98.9,none,navigation
2026-03-09 18:27:30,Monday,18,149.7,98.9,obstacle_near,indoor_assist
2026-03-09 18:28:00,Monday,18,78.1,98.9,obstacle_medium,indoor_assist
2026-03-09 18:28:30,Monday,18,110.7,98.9,none,indoor_assist
2026-03-09 18:29:00,Monday,18,181.8,98.8,obstacle_medium,indoor_assist
2026-03-09 18:29:30,Monday,18,150.3,98.8,none,navigation
2026-03-09 18:30:00,Monday,18,123.1,98.8,none,indoor_assist
2026-03-09 18:30:30,Monday,18,88.0,98.8,none,indoor_assist
2026-03-09 18:31:00,Monday,18,139.6,98.8,none,indoor_assist
2026-03-09 18:31:30,Monday,18,142.6,98.7,none,navigation
2026-03-09 18:32:00,Monday,18,90.7,98.7,none,indoor_assist
2026-03-09 18:32:30,Monday,18,60.3,98.7,obstacle_medium,standby
2026-03-09 18:33:00,Monday,18,84.0,98.7,obstacle_medium,navigation
2026-03-09 18:33:30,Monday,18,107.4,98.7,none,indoor_assist
2026-03-09 18:34:00,Monday,18,144.2,98.6,none,standby
2026-03-09 18:34:30,Monday,18,111.6,98.6,none,navigation
2026-03-09 18:35:00,Monday,18,98.1,98.6,obstacle_medium,navigation
2026-03-09 18:35:30,Monday,18,91.5,98.6,none,navigation
2026-03-09 18:36:00,Monday,18,142.5,98.6,none,standby
2026-03-09 18:36:30,Monday,18,168.9,98.5,none,standby
2026-03-09 18:37:00,Monday,18,83.2,98.5,low_battery,navigation
2026-03-09 18:37:30,Monday,18,129.1,98.5,obstacle_medium,indoor_assist
2026-03-09 18:38:00,Monday,18,93.2,98.5,obstacle_medium,indoor_assist
2026-03-09 18:38:30,Monday,18,122.2,98.5,obstacle_medium,indoor_assist
2026-03-09 18:39:00,Monday,18,141.2,98.4,none,indoor_assist
2026-03-09 18:39:30,Monday,18,104.6,98.4,none,indoor_assist
2026-03-09 18:40:00,Monday,18,93.8,98.4,none,navigation
2026-03-09 18:40:30,Monday,18,108.6,98.4,obstacle_near,navigation
2026-03-09 18:41:00,Monday,18,128.8,98.4,none,indoor_assist
2026-03-09 18:41:30,Monday,18,168.4,98.3,obstacle_medium,indoor_assist
2026-03-09 18:42:00,Monday,18,144.1,98.3,none,navigation
2026-03-09 18:42:30,Monday,18,96.8,98.3,none,navigation
2026-03-09 18:43:00,Monday,18,74.8,98.3,obstacle_medium,navigation
2026-03-09 18:43:30,Monday,18,84.2,98.3,none,navigation
2026-03-09 18:44:00,Monday,18,129.0,98.2,obstacle_near,navigation
2026-03-09 18:44:30,Monday,18,112.2,98.2,none,navigation
2026-03-09 18:45:00,Monday,18,93.4,98.2,none,standby
2026-03-09 18:45:30,Monday,18,105.0,98.2,none,indoor_assist
2026-03-09 18:46:00,Monday,18,153.9,98.2,none,navigation
2026-03-09 18:46:30,Monday,18,119.7,98.1,obstacle_medium,indoor_assist
2026-03-09 18:47:00,Monday,18,117.4,98.1,none,indoor_assist
2026-03-09 18:47:30,Monday,18,95.3,98.1,none,indoor_assist
2026-03-09 18:48:00,Monday,18,89.6,98.1,none,indoor_assist
2026-03-09 18:48:30,Monday,18,70.3,98.1,obstacle_medium,indoor_assist
2026-03-09 18:49:00,Monday,18,102.2,98.0,none,indoor_assist
2026-03-09 18:49:30,Monday,18,126.2,98.0,none,indoor_assist
2026-03-09 18:50:00,Monday,18,91.9,98.0,obstacle_medium,navigation
2026-03-09 18:50:30,Monday,18,122.9,98.0,obstacle_near,navigation
2026-03-09 18:51:00,Monday,18,139.7,98.0,none,navigation
2026-03-09 18:51:30,Monday,18,125.4,97.9,none,navigation
2026-03-09 18:52:00,Monday,18,200.7,97.9,none,indoor_assist
2026-03-09 18:52:30,Monday,18,144.2,97.9,none,indoor_assist
2026-03-09 18:53:00,Monday,18,131.9,97.9,none,navigation
2026-03-09 18:53:30,Monday,18,99.8,97.9,none,navigation
2026-03-09 18:54:00,Monday,18,87.5,97.8,none,navigation
2026-03-09 18:54:30,Monday,18,73.2,97.8,obstacle_medium,indoor_assist
2026-03-09 18:55:00,Monday,18,83.6,97.8,none,navigation
2026-03-09 18:55:30,Monday,18,168.2,97.8,none,indoor_assist
2026-03-09 18:56:00,Monday,18,131.6,97.8,obstacle_near,indoor_assist
2026-03-09 18:56:30,Monday,18,133.8,97.7,obstacle_medium,navigation
2026-03-09 18:57:00,Monday,18,89.1,97.7,obstacle_medium,navigation
2026-03-09 18:57:30,Monday,18,156.3,97.7,none,indoor_assist
2026-03-09 18:58:00,Monday,18,86.0,97.7,obstacle_medium,navigation
2026-03-09 18:58:30,Monday,18,124.0,97.7,none,navigation
2026-03-09 18:59:00,Monday,18,157.7,97.6,obstacle_medium,indoor_assist
2026-03-09 18:59:30,Monday,18,130.5,97.6,obstacle_near,indoor_assist
2026-03-09 19:00:00,Monday,19,221.8,97.6,obstacle_medium,standby
2026-03-09 19:00:30,Monday,19,208.0,97.6,none,indoor_assist
2026-03-09 19:01:00,Monday,19,247.5,97.6,none,navigation
2026-03-09 19:01:30,Monday,19,205.6,97.5,obstacle_medium,navigation
2026-03-09 19:02:00,Monday,19,260.2,97.5,obstacle_medium,indoor_assist
2026-03-09 19:02:30,Monday,19,197.3,97.5,none,indoor_assist
2026-03-09 19:03:00,Monday,19,208.1,97.5,none,navigation
2026-03-09 19:03:30,Monday,19,182.8,97.5,none,navigation
2026-03-09 19:04:00,Monday,19,161.6,97.4,obstacle_medium,navigation
2026-03-09 19:04:30,Monday,19,211.6,97.4,obstacle_medium,navigation
2026-03-09 19:05:00,Monday,19,222.6,97.4,none,navigation
2026-03-09 19:05:30,Monday,19,172.6,97.4,obstacle_medium,navigation
2026-03-09 19:06:00,Monday,19,193.6,97.4,none,indoor_assist
2026-03-09 19:06:30,Monday,19,194.4,97.3,obstacle_medium,navigation
2026-03-09 19:07:00,Monday,19,227.9,97.3,none,standby
2026-03-09 19:07:30,Monday,19,229.8,97.3,none,indoor_assist
2026-03-09 19:08:00,Monday,19,171.4,97.3,obstacle_near,indoor_assist
2026-03-09 19:08:30,Monday,19,196.0,97.3,obstacle_medium,indoor_assist
2026-03-09 19:09:00,Monday,19,207.2,97.2,none,indoor_assist
2026-03-09 19:09:30,Monday,19,171.5,97.2,none,indoor_assist
2026-03-09 19:10:00,Monday,19,213.1,97.2,none,navigation
2026-03-09 19:10:30,Monday,19,209.3,97.2,none,navigation
2026-03-09 19:11:00,Monday,19,222.0,97.2,obstacle_medium,indoor_assist
2026-03-09 19:11:30,Monday,19,178.5,97.1,none,indoor_assist
2026-03-09 19:12:00,Monday,19,202.7,97.1,none,indoor_assist
2026-03-09 19:12:30,Monday,19,202.4,97.1,none,navigation
2026-03-09 19:13:00,Monday,19,224.5,97.1,low_battery,standby
2026-03-09 19:13:30,Monday,19,236.0,97.1,none,navigation
2026-03-09 19:14:00,Monday,19,192.8,97.0,none,navigation
2026-03-09 19:14:30,Monday,19,244.7,97.0,none,navigation
2026-03-09 19:15:00,Monday,19,173.8,97.0,low_battery,navigation
2026-03-09 19:15:30,Monday,19,227.8,97.0,none,indoor_assist
2026-03-09 19:16:00,Monday,19,194.7,97.0,none,indoor_assist
2026-03-09 19:16:30,Monday,19,141.3,96.9,none,indoor_assist
2026-03-09 19:17:00,Monday,19,211.0,96.9,none,navigation
2026-03-09 19:17:30,Monday,19,217.7,96.9,none,indoor_assist
2026-03-09 19:18:00,Monday,19,195.2,96.9,none,navigation
2026-03-09 19:18:30,Monday,19,182.9,96.9,obstacle_medium,navigation
2026-03-09 19:19:00,Monday,19,228.7,96.8,obstacle_near,navigation
2026-03-09 19:19:30,Monday,19,185.6,96.8,obstacle_medium,navigation
2026-03-09 19:20:00,Monday,19,135.3,96.8,none,indoor_assist
2026-03-09 19:20:30,Monday,19,257.5,96.8,none,indoor_assist
2026-03-09 19:21:00,Monday,19,252.4,96.8,none,navigation
2026-03-09 19:21:30,Monday,19,181.4,96.7,obstacle_medium,indoor_assist
2026-03-09 19:22:00,Monday,19,208.2,96.7,obstacle_near,indoor_assist
2026-03-09 19:22:30,Monday,19,176.8,96.7,none,navigation
2026-03-09 19:23:00,Monday,19,203.9,96.7,fall_detected,navigation
2026-03-09 19:23:30,Monday,19,207.1,96.7,obstacle_medium,standby
2026-03-09 19:24:00,Monday,19,205.2,96.6,none,indoor_assist
2026-03-09 19:24:30,Monday,19,172.5,96.6,none,indoor_assist
2026-03-09 19:25:00,Monday,19,211.8,96.6,low_battery,indoor_assist
2026-03-09 19:25:30,Monday,19,205.5,96.6,none,navigation
2026-03-09 19:26:00,Monday,19,223.5,96.6,none,navigation
2026-03-09 19:26:30,Monday,19,194.5,96.5,none,indoor_assist
2026-03-09 19:27:00,Monday,19,197.9,96.5,obstacle_medium,navigation
2026-03-09 19:27:30,Monday,19,230.6,96.5,low_battery,standby
2026-03-09 19:28:00,Monday,19,224.5,96.5,none,indoor_assist
2026-03-09 19:28:30,Monday,19,128.9,96.5,none,indoor_assist
2026-03-09 19:29:00,Monday,19,237.7,96.4,none,indoor_assist
2026-03-09 19:29:30,Monday,19,191.8,96.4,none,navigation
2026-03-09 19:30:00,Monday,19,161.3,96.4,obstacle_near,navigation
2026-03-09 19:30:30,Monday,19,209.7,96.4,obstacle_near,indoor_assist
2026-03-09 19:31:00,Monday,19,245.1,96.4,obstacle_medium,navigation
2026-03-09 19:31:30,Monday,19,198.4,96.3,none,indoor_assist
2026-03-09 19:32:00,Monday,19,256.6,96.3,fall_detected,navigation
2026-03-09 19:32:30,Monday,19,203.5,96.3,none,indoor_assist
2026-03-09 19:33:00,Monday,19,261.7,96.3,none,navigation
2026-03-09 19:33:30,Monday,19,231.9,96.3,none,navigation
2026-03-09 19:34:00,Monday,19,243.0,96.2,none,navigation
2026-03-09 19:34:30,Monday,19,185.2,96.2,obstacle_medium,indoor_assist
2026-03-09 19:35:00,Monday,19,214.2,96.2,obstacle_medium,navigation
2026-03-09 19:35:30,Monday,19,185.4,96.2,none,navigation
2026-03-09 19:36:00,Monday,19,252.9,96.2,none,indoor_assist
2026-03-09 19:36:30,Monday,19,241.9,96.1,none,indoor_assist
2026-03-09 19:37:00,Monday,19,191.5,96.1,none,indoor_assist
2026-03-09 19:37:30,Monday,19,197.7,96.1,none,standby
2026-03-09 19:38:00,Monday,19,248.2,96.1,none,standby
2026-03-09 19:38:30,Monday,19,163.5,96.1,none,navigation
2026-03-09 19:39:00,Monday,19,206.9,96.0,obstacle_near,indoor_assist
2026-03-09 19:39:30,Monday,19,238.7,96.0,none,indoor_assist
2026-03-09 19:40:00,Monday,19,170.0,96.0,none,navigation
2026-03-09 19:40:30,Monday,19,199.5,96.0,none,indoor_assist
2026-03-09 19:41:00,Monday,19,155.6,96.0,obstacle_near,navigation
2026-03-09 19:41:30,Monday,19,211.4,95.9,none,navigation
2026-03-09 19:42:00,Monday,19,182.3,95.9,none,navigation
2026-03-09 19:42:30,Monday,19,184.9,95.9,none,indoor_assist
2026-03-09 19:43:00,Monday,19,176.5,95.9,obstacle_medium,indoor_assist
2026-03-09 19:43:30,Monday,19,226.3,95.9,none,standby
2026-03-09 19:44:00,Monday,19,196.5,95.8,obstacle_medium,indoor_assist
2026-03-09 19:44:30,Monday,19,218.6,95.8,obstacle_medium,navigation
2026-03-09 19:45:00,Monday,19,197.2,95.8,none,navigation
2026-03-09 19:45:30,Monday,19,221.8,95.8,obstacle_medium,standby
2026-03-09 19:46:00,Monday,19,232.0,95.8,obstacle_medium,navigation
2026-03-09 19:46:30,Monday,19,243.8,95.7,none,indoor_assist
2026-03-09 19:47:00,Monday,19,152.4,95.7,none,navigation
2026-03-09 19:47:30,Monday,19,194.9,95.7,none,indoor_assist
2026-03-09 19:48:00,Monday,19,163.1,95.7,obstacle_near,indoor_assist
2026-03-09 19:48:30,Monday,19,227.4,95.7,none,indoor_assist
2026-03-09 19:49:00,Monday,19,174.3,95.6,none,indoor_assist
2026-03-09 19:49:30,Monday,19,208.4,95.6,none,navigation
2026-03-09 19:50:00,Monday,19,215.1,95.6,none,standby
2026-03-09 19:50:30,Monday,19,201.9,95.6,obstacle_medium,indoor_assist
2026-03-09 19:51:00,Monday,19,189.0,95.6,none,navigation
2026-03-09 19:51:30,Monday,19,185.0,95.5,none,navigation
2026-03-09 19:52:00,Monday,19,194.7,95.5,none,navigation
2026-03-09 19:52:30,Monday,19,137.2,95.5,none,navigation
2026-03-09 19:53:00,Monday,19,227.0,95.5,none,indoor_assist
2026-03-09 19:53:30,Monday,19,247.3,95.5,none,indoor_assist
2026-03-09 19:54:00,Monday,19,216.1,95.4,obstacle_medium,navigation
2026-03-09 19:54:30,Monday,19,207.7,95.4,low_battery,navigation
2026-03-09 19:55:00,Monday,19,185.3,95.4,none,standby
2026-03-09 19:55:30,Monday,19,181.2,95.4,none,indoor_assist
2026-03-09 19:56:00,Monday,19,230.3,95.4,obstacle_medium,navigation
2026-03-09 19:56:30,Monday,19,193.3,95.3,none,indoor_assist
2026-03-09 19:57:00,Monday,19,243.4,95.3,obstacle_medium,navigation
2026-03-09 19:57:30,Monday,19,183.0,95.3,obstacle_medium,navigation
2026-03-09 19:58:00,Monday,19,227.4,95.3,obstacle_near,navigation
2026-03-09 19:58:30,Monday,19,173.9,95.3,none,navigation
2026-03-09 19:59:00,Monday,19,198.6,95.2,none,standby
2026-03-09 19:59:30,Monday,19,217.4,95.2,none,navigation
2026-03-10 08:00:00,Tuesday,8,191.0,95.2,obstacle_medium,indoor_assist
2026-03-10 08:00:30,Tuesday,8,241.1,95.2,obstacle_near,indoor_assist
2026-03-10 08:01:00,Tuesday,8,217.0,95.2,none,standby
2026-03-10 08:01:30,Tuesday,8,179.5,95.1,none,navigation
2026-03-10 08:02:00,Tuesday,8,125.4,95.1,none,navigation
2026-03-10 08:02:30,Tuesday,8,226.9,95.1,none,indoor_assist
2026-03-10 08:03:00,Tuesday,8,174.6,95.1,none,indoor_assist
2026-03-10 08:03:30,Tuesday,8,170.9,95.1,none,navigation
2026-03-10 08:04:00,Tuesday,8,147.5,95.0,none,navigation
2026-03-10 08:04:30,Tuesday,8,186.6,95.0,low_battery,navigation
2026-03-10 08:05:00,Tuesday,8,255.1,95.0,none,navigation
2026-03-10 08:05:30,Tuesday,8,200.0,95.0,none,navigation
2026-03-10 08:06:00,Tuesday,8,264.2,95.0,none,navigation
2026-03-10 08:06:30,Tuesday,8,165.8,94.9,none,navigation
2026-03-10 08:07:00,Tuesday,8,200.4,94.9,none,navigation
2026-03-10 08:07:30,Tuesday,8,203.6,94.9,none,navigation
2026-03-10 08:08:00,Tuesday,8,225.4,94.9,none,navigation
2026-03-10 08:08:30,Tuesday,8,241.9,94.9,low_battery,navigation
2026-03-10 08:09:00,Tuesday,8,203.3,94.8,none,indoor_assist
2026-03-10 08:09:30,Tuesday,8,250.9,94.8,none,navigation
2026-03-10 08:10:00,Tuesday,8,197.6,94.8,none,standby
2026-03-10 08:10:30,Tuesday,8,145.5,94.8,obstacle_medium,navigation
2026-03-10 08:11:00,Tuesday,8,172.9,94.8,low_battery,indoor_assist
2026-03-10 08:11:30,Tuesday,8,168.5,94.7,obstacle_medium,navigation
2026-03-10 08:12:00,Tuesday,8,235.3,94.7,obstacle_medium,navigation
2026-03-10 08:12:30,Tuesday,8,211.4,94.7,low_battery,indoor_assist
2026-03-10 08:13:00,Tuesday,8,196.9,94.7,obstacle_medium,navigation
2026-03-10 08:13:30,Tuesday,8,178.4,94.7,none,navigation
2026-03-10 08:14:00,Tuesday,8,232.3,94.6,none,indoor_assist
2026-03-10 08:14:30,Tuesday,8,99.4,94.6,none,indoor_assist
2026-03-10 08:15:00,Tuesday,8,209.7,94.6,none,navigation
2026-03-10 08:15:30,Tuesday,8,197.0,94.6,none,navigation
2026-03-10 08:16:00,Tuesday,8,230.1,94.6,none,navigation
2026-03-10 08:16:30,Tuesday,8,153.6,94.5,none,navigation
2026-03-10 08:17:00,Tuesday,8,204.3,94.5,none,navigation
2026-03-10 08:17:30,Tuesday,8,167.8,94.5,none,indoor_assist
2026-03-10 08:18:00,Tuesday,8,115.6,94.5,none,indoor_assist
2026-03-10 08:18:30,Tuesday,8,188.7,94.5,none,navigation
2026-03-10 08:19:00,Tuesday,8,193.9,94.4,none,indoor_assist
2026-03-10 08:19:30,Tuesday,8,193.6,94.4,low_battery,indoor_assist
2026-03-10 08:20:00,Tuesday,8,219.9,94.4,none,navigation
2026-03-10 08:20:30,Tuesday,8,259.5,94.4,obstacle_medium,indoor_assist
2026-03-10 08:21:00,Tuesday,8,191.8,94.4,low_battery,navigation
2026-03-10 08:21:30,Tuesday,8,216.2,94.3,none,navigation
2026-03-10 08:22:00,Tuesday,8,250.7,94.3,none,indoor_assist
2026-03-10 08:22:30,Tuesday,8,213.7,94.3,none,navigation
2026-03-10 08:23:00,Tuesday,8,207.2,94.3,none,standby
2026-03-10 08:23:30,Tuesday,8,211.0,94.3,none,indoor_assist
2026-03-10 08:24:00,Tuesday,8,240.1,94.2,none,indoor_assist
2026-03-10 08:24:30,Tuesday,8,215.8,94.2,obstacle_medium,navigation
2026-03-10 08:25:00,Tuesday,8,252.5,94.2,none,indoor_assist
2026-03-10 08:25:30,Tuesday,8,193.9,94.2,none,navigation
2026-03-10 08:26:00,Tuesday,8,189.5,94.2,obstacle_medium,standby
2026-03-10 08:26:30,Tuesday,8,173.8,94.1,none,navigation
2026-03-10 08:27:00,Tuesday,8,187.1,94.1,obstacle_medium,navigation
2026-03-10 08:27:30,Tuesday,8,244.5,94.1,none,indoor_assist
2026-03-10 08:28:00,Tuesday,8,191.0,94.1,none,indoor_assist
2026-03-10 08:28:30,Tuesday,8,255.9,94.1,obstacle_near,navigation
2026-03-10 08:29:00,Tuesday,8,193.4,94.0,none,navigation
2026-03-10 08:29:30,Tuesday,8,222.5,94.0,none,navigation
2026-03-10 08:30:00,Tuesday,8,202.3,94.0,none,indoor_assist
2026-03-10 08:30:30,Tuesday,8,205.4,94.0,fall_detected,indoor_assist
2026-03-10 08:31:00,Tuesday,8,179.7,94.0,none,indoor_assist
2026-03-10 08:31:30,Tuesday,8,168.7,93.9,none,indoor_assist
2026-03-10 08:32:00,Tuesday,8,179.9,93.9,none,navigation
2026-03-10 08:32:30,Tuesday,8,182.7,93.9,none,navigation
2026-03-10 08:33:00,Tuesday,8,208.1,93.9,none,navigation
2026-03-10 08:33:30,Tuesday,8,186.4,93.9,none,navigation
2026-03-10 08:34:00,Tuesday,8,148.5,93.8,none,indoor_assist
2026-03-10 08:34:30,Tuesday,8,175.4,93.8,none,navigation
2026-03-10 08:35:00,Tuesday,8,172.7,93.8,obstacle_near,standby
2026-03-10 08:35:30,Tuesday,8,230.5,93.8,obstacle_medium,navigation
2026-03-10 08:36:00,Tuesday,8,209.4,93.8,none,navigation
2026-03-10 08:36:30,Tuesday,8,192.2,93.7,none,standby
2026-03-10 08:37:00,Tuesday,8,175.1,93.7,none,indoor_assist
2026-03-10 08:37:30,Tuesday,8,214.5,93.7,low_battery,navigation
2026-03-10 08:38:00,Tuesday,8,223.1,93.7,none,standby
2026-03-10 08:38:30,Tuesday,8,210.9,93.7,obstacle_medium,indoor_assist
2026-03-10 08:39:00,Tuesday,8,180.9,93.6,none,navigation
2026-03-10 08:39:30,Tuesday,8,196.2,93.6,none,navigation
2026-03-10 08:40:00,Tuesday,8,199.8,93.6,obstacle_medium,indoor_assist
2026-03-10 08:40:30,Tuesday,8,168.9,93.6,none,navigation
2026-03-10 08:41:00,Tuesday,8,168.5,93.6,obstacle_medium,navigation
2026-03-10 08:41:30,Tuesday,8,146.5,93.5,none,navigation
2026-03-10 08:42:00,Tuesday,8,258.8,93.5,none,navigation
2026-03-10 08:42:30,Tuesday,8,290.4,93.5,none,standby
2026-03-10 08:43:00,Tuesday,8,186.9,93.5,none,navigation
2026-03-10 08:43:30,Tuesday,8,225.8,93.5,none,indoor_assist
2026-03-10 08:44:00,Tuesday,8,180.8,93.4,none,standby
2026-03-10 08:44:30,Tuesday,8,192.0,93.4,low_battery,standby
2026-03-10 08:45:00,Tuesday,8,171.4,93.4,none,standby
2026-03-10 08:45:30,Tuesday,8,209.8,93.4,none,indoor_assist
2026-03-10 08:46:00,Tuesday,8,225.4,93.4,none,navigation
2026-03-10 08:46:30,Tuesday,8,198.9,93.3,none,navigation
2026-03-10 08:47:00,Tuesday,8,220.0,93.3,low_battery,indoor_assist
2026-03-10 08:47:30,Tuesday,8,158.7,93.3,none,standby
2026-03-10 08:48:00,Tuesday,8,204.7,93.3,none,navigation
2026-03-10 08:48:30,Tuesday,8,206.9,93.3,none,indoor_assist
2026-03-10 08:49:00,Tuesday,8,205.8,93.2,obstacle_medium,navigation
2026-03-10 08:49:30,Tuesday,8,254.5,93.2,none,indoor_assist
2026-03-10 08:50:00,Tuesday,8,191.2,93.2,obstacle_medium,indoor_assist
2026-03-10 08:50:30,Tuesday,8,147.5,93.2,none,indoor_assist
2026-03-10 08:51:00,Tuesday,8,233.7,93.2,none,indoor_assist
2026-03-10 08:51:30,Tuesday,8,177.9,93.1,none,navigation
2026-03-10 08:52:00,Tuesday,8,248.4,93.1,none,indoor_assist
2026-03-10 08:52:30,Tuesday,8,217.7,93.1,none,standby
2026-03-10 08:53:00,Tuesday,8,214.7,93.1,none,indoor_assist
2026-03-10 08:53:30,Tuesday,8,184.3,93.1,obstacle_near,indoor_assist
2026-03-10 08:54:00,Tuesday,8,181.1,93.0,obstacle_near,indoor_assist
2026-03-10 08:54:30,Tuesday,8,217.2,93.0,obstacle_medium,indoor_assist
2026-03-10 08:55:00,Tuesday,8,201.8,93.0,none,navigation
2026-03-10 08:55:30,Tuesday,8,209.5,93.0,none,indoor_assist
2026-03-10 08:56:00,Tuesday,8,178.7,93.0,low_battery,navigation
2026-03-10 08:56:30,Tuesday,8,199.4,92.9,obstacle_medium,navigation
2026-03-10 08:57:00,Tuesday,8,191.4,92.9,none,navigation
2026-03-10 08:57:30,Tuesday,8,195.9,92.9,none,indoor_assist
2026-03-10 08:58:00,Tuesday,8,211.0,92.9,none,navigation
2026-03-10 08:58:30,Tuesday,8,211.8,92.9,none,navigation
2026-03-10 08:59:00,Tuesday,8,163.5,92.8,fall_detected,navigation
2026-03-10 08:59:30,Tuesday,8,167.4,92.8,none,navigation
2026-03-10 09:00:00,Tuesday,9,131.5,92.8,none,navigation
2026-03-10 09:00:30,Tuesday,9,114.0,92.8,none,navigation
2026-03-10 09:01:00,Tuesday,9,114.5,92.8,none,standby
2026-03-10 09:01:30,Tuesday,9,116.3,92.7,none,standby
2026-03-10 09:02:00,Tuesday,9,104.3,92.7,obstacle_near,indoor_assist
2026-03-10 09:02:30,Tuesday,9,126.0,92.7,obstacle_medium,navigation
2026-03-10 09:03:00,Tuesday,9,122.9,92.7,obstacle_medium,navigation
2026-03-10 09:03:30,Tuesday,9,61.3,92.7,obstacle_medium,standby
2026-03-10 09:04:00,Tuesday,9,157.7,92.6,obstacle_near,indoor_assist
2026-03-10 09:04:30,Tuesday,9,79.2,92.6,obstacle_medium,navigation
2026-03-10 09:05:00,Tuesday,9,140.3,92.6,none,navigation
2026-03-10 09:05:30,Tuesday,9,122.9,92.6,none,navigation
2026-03-10 09:06:00,Tuesday,9,71.7,92.6,obstacle_medium,indoor_assist
2026-03-10 09:06:30,Tuesday,9,125.2,92.5,obstacle_near,indoor_assist
2026-03-10 09:07:00,Tuesday,9,115.4,92.5,obstacle_medium,navigation
2026-03-10 09:07:30,Tuesday,9,112.3,92.5,none,indoor_assist
2026-03-10 09:08:00,Tuesday,9,161.3,92.5,obstacle_near,navigation
2026-03-10 09:08:30,Tuesday,9,134.3,92.5,low_battery,standby
2026-03-10 09:09:00,Tuesday,9,87.9,92.4,obstacle_near,standby
2026-03-10 09:09:30,Tuesday,9,69.4,92.4,obstacle_medium,navigation
2026-03-10 09:10:00,Tuesday,9,59.8,92.4,obstacle_medium,navigation
2026-03-10 09:10:30,Tuesday,9,176.0,92.4,none,indoor_assist
2026-03-10 09:11:00,Tuesday,9,133.8,92.4,none,standby
2026-03-10 09:11:30,Tuesday,9,152.6,92.3,obstacle_near,navigation
2026-03-10 09:12:00,Tuesday,9,93.4,92.3,none,navigation
2026-03-10 09:12:30,Tuesday,9,115.0,92.3,none,navigation
2026-03-10 09:13:00,Tuesday,9,104.4,92.3,none,indoor_assist
2026-03-10 09:13:30,Tuesday,9,104.4,92.3,none,indoor_assist
2026-03-10 09:14:00,Tuesday,9,165.6,92.2,none,navigation
2026-03-10 09:14:30,Tuesday,9,76.4,92.2,obstacle_medium,navigation
2026-03-10 09:15:00,Tuesday,9,157.1,92.2,none,navigation
2026-03-10 09:15:30,Tuesday,9,172.2,92.2,none,standby
2026-03-10 09:16:00,Tuesday,9,88.0,92.2,obstacle_medium,navigation
2026-03-10 09:16:30,Tuesday,9,92.7,92.1,obstacle_medium,standby
2026-03-10 09:17:00,Tuesday,9,142.6,92.1,none,navigation
2026-03-10 09:17:30,Tuesday,9,105.6,92.1,obstacle_medium,indoor_assist
2026-03-10 09:18:00,Tuesday,9,138.5,92.1,none,indoor_assist
2026-03-10 09:18:30,Tuesday,9,63.2,92.1,obstacle_medium,navigation
2026-03-10 09:19:00,Tuesday,9,201.8,92.0,obstacle_medium,standby
2026-03-10 09:19:30,Tuesday,9,117.8,92.0,none,navigation
2026-03-10 09:20:00,Tuesday,9,51.6,92.0,obstacle_medium,navigation
2026-03-10 09:20:30,Tuesday,9,94.2,92.0,none,indoor_assist
2026-03-10 09:21:00,Tuesday,9,126.0,92.0,none,navigation
2026-03-10 09:21:30,Tuesday,9,58.5,91.9,obstacle_medium,standby
2026-03-10 09:22:00,Tuesday,9,174.9,91.9,low_battery,indoor_assist
2026-03-10 09:22:30,Tuesday,9,76.9,91.9,obstacle_medium,navigation
2026-03-10 09:23:00,Tuesday,9,123.2,91.9,low_battery,indoor_assist
2026-03-10 09:23:30,Tuesday,9,78.8,91.9,obstacle_medium,navigation
2026-03-10 09:24:00,Tuesday,9,109.1,91.8,none,navigation
2026-03-10 09:24:30,Tuesday,9,93.9,91.8,none,indoor_assist
2026-03-10 09:25:00,Tuesday,9,113.1,91.8,none,navigation
2026-03-10 09:25:30,Tuesday,9,91.8,91.8,obstacle_medium,navigation
2026-03-10 09:26:00,Tuesday,9,170.0,91.8,obstacle_near,navigation
2026-03-10 09:26:30,Tuesday,9,130.3,91.7,none,indoor_assist
2026-03-10 09:27:00,Tuesday,9,170.4,91.7,obstacle_near,standby
2026-03-10 09:27:30,Tuesday,9,116.3,91.7,none,standby
2026-03-10 09:28:00,Tuesday,9,93.5,91.7,none,navigation
2026-03-10 09:28:30,Tuesday,9,121.7,91.7,none,navigation
2026-03-10 09:29:00,Tuesday,9,117.3,91.6,none,indoor_assist
2026-03-10 09:29:30,Tuesday,9,90.8,91.6,none,indoor_assist
2026-03-10 09:30:00,Tuesday,9,59.5,91.6,obstacle_medium,indoor_assist
2026-03-10 09:30:30,Tuesday,9,110.3,91.6,none,indoor_assist
2026-03-10 09:31:00,Tuesday,9,215.8,91.6,none,navigation
2026-03-10 09:31:30,Tuesday,9,146.2,91.5,none,indoor_assist
2026-03-10 09:32:00,Tuesday,9,77.9,91.5,obstacle_medium,navigation
2026-03-10 09:32:30,Tuesday,9,115.7,91.5,none,navigation
2026-03-10 09:33:00,Tuesday,9,135.6,91.5,none,indoor_assist
2026-03-10 09:33:30,Tuesday,9,90.5,91.5,obstacle_near,indoor_assist
2026-03-10 09:34:00,Tuesday,9,155.4,91.4,none,indoor_assist
2026-03-10 09:34:30,Tuesday,9,164.0,91.4,obstacle_medium,indoor_assist
2026-03-10 09:35:00,Tuesday,9,162.8,91.4,obstacle_medium,navigation
2026-03-10 09:35:30,Tuesday,9,102.4,91.4,none,navigation
2026-03-10 09:36:00,Tuesday,9,80.0,91.4,obstacle_medium,navigation
2026-03-10 09:36:30,Tuesday,9,94.5,91.3,low_battery,indoor_assist
2026-03-10 09:37:00,Tuesday,9,164.7,91.3,none,navigation
2026-03-10 09:37:30,Tuesday,9,90.5,91.3,obstacle_medium,navigation
2026-03-10 09:38:00,Tuesday,9,96.2,91.3,none,indoor_assist
2026-03-10 09:38:30,Tuesday,9,147.7,91.3,none,standby
2026-03-10 09:39:00,Tuesday,9,98.8,91.2,none,standby
2026-03-10 09:39:30,Tuesday,9,140.3,91.2,none,indoor_assist
2026-03-10 09:40:00,Tuesday,9,155.5,91.2,obstacle_medium,indoor_assist
2026-03-10 09:40:30,Tuesday,9,168.9,91.2,none,navigation
2026-03-10 09:41:00,Tuesday,9,123.8,91.2,none,navigation
2026-03-10 09:41:30,Tuesday,9,87.6,91.1,obstacle_medium,navigation
2026-03-10 09:42:00,Tuesday,9,103.5,91.1,none,standby
2026-03-10 09:42:30,Tuesday,9,104.0,91.1,none,navigation
2026-03-10 09:43:00,Tuesday,9,136.4,91.1,none,navigation
2026-03-10 09:43:30,Tuesday,9,105.1,91.1,none,navigation
2026-03-10 09:44:00,Tuesday,9,101.8,91.0,none,indoor_assist
2026-03-10 09:44:30,Tuesday,9,106.8,91.0,none,indoor_assist
2026-03-10 09:45:00,Tuesday,9,136.2,91.0,none,navigation
2026-03-10 09:45:30,Tuesday,9,125.1,91.0,none,indoor_assist
2026-03-10 09:46:00,Tuesday,9,133.3,91.0,none,navigation
2026-03-10 09:46:30,Tuesday,9,98.5,90.9,none,navigation
2026-03-10 09:47:00,Tuesday,9,100.6,90.9,none,indoor_assist
2026-03-10 09:47:30,Tuesday,9,83.6,90.9,none,navigation
2026-03-10 09:48:00,Tuesday,9,82.1,90.9,none,navigation
2026-03-10 09:48:30,Tuesday,9,130.9,90.9,low_battery,navigation
2026-03-10 09:49:00,Tuesday,9,111.9,90.8,none,indoor_assist
2026-03-10 09:49:30,Tuesday,9,127.7,90.8,low_battery,navigation
2026-03-10 09:50:00,Tuesday,9,111.8,90.8,none,indoor_assist
2026-03-10 09:50:30,Tuesday,9,97.4,90.8,none,indoor_assist
2026-03-10 09:51:00,Tuesday,9,157.5,90.8,none,standby
2026-03-10 09:51:30,Tuesday,9,150.8,90.7,none,indoor_assist
2026-03-10 09:52:00,Tuesday,9,200.4,90.7,low_battery,indoor_assist
2026-03-10 09:52:30,Tuesday,9,84.5,90.7,none,indoor_assist
2026-03-10 09:53:00,Tuesday,9,148.0,90.7,obstacle_medium,indoor_assist
2026-03-10 09:53:30,Tuesday,9,119.1,90.7,none,indoor_assist
2026-03-10 09:54:00,Tuesday,9,101.1,90.6,none,indoor_assist
2026-03-10 09:54:30,Tuesday,9,120.9,90.6,none,navigation
2026-03-10 09:55:00,Tuesday,9,161.6,90.6,obstacle_medium,indoor_assist
2026-03-10 09:55:30,Tuesday,9,126.3,90.6,none,standby
2026-03-10 09:56:00,Tuesday,9,96.8,90.6,none,indoor_assist
2026-03-10 09:56:30,Tuesday,9,133.9,90.5,obstacle_near,navigation
2026-03-10 09:57:00,Tuesday,9,109.5,90.5,none,indoor_assist
2026-03-10 09:57:30,Tuesday,9,172.0,90.5,none,navigation
2026-03-10 09:58:00,Tuesday,9,109.2,90.5,none,indoor_assist
2026-03-10 09:58:30,Tuesday,9,94.8,90.5,obstacle_near,navigation
2026-03-10 09:59:00,Tuesday,9,106.8,90.4,none,standby
2026-03-10 09:59:30,Tuesday,9,143.8,90.4,none,indoor_assist
2026-03-10 10:00:00,Tuesday,10,78.1,90.4,obstacle_medium,indoor_assist
2026-03-10 10:00:30,Tuesday,10,124.9,90.4,none,indoor_assist
2026-03-10 10:01:00,Tuesday,10,77.6,90.4,obstacle_medium,navigation
2026-03-10 10:01:30,Tuesday,10,145.4,90.3,none,navigation
2026-03-10 10:02:00,Tuesday,10,100.0,90.3,none,indoor_assist
2026-03-10 10:02:30,Tuesday,10,115.4,90.3,none,navigation
2026-03-10 10:03:00,Tuesday,10,143.9,90.3,obstacle_near,standby
2026-03-10 10:03:30,Tuesday,10,115.4,90.3,none,indoor_assist
2026-03-10 10:04:00,Tuesday,10,93.1,90.2,none,standby
2026-03-10 10:04:30,Tuesday,10,107.1,90.2,none,indoor_assist
2026-03-10 10:05:00,Tuesday,10,117.0,90.2,none,navigation
2026-03-10 10:05:30,Tuesday,10,127.0,90.2,fall_detected,navigation
2026-03-10 10:06:00,Tuesday,10,139.9,90.2,none,navigation
2026-03-10 10:06:30,Tuesday,10,113.6,90.1,none,indoor_assist
2026-03-10 10:07:00,Tuesday,10,147.8,90.1,obstacle_near,navigation
2026-03-10 10:07:30,Tuesday,10,103.2,90.1,none,navigation
2026-03-10 10:08:00,Tuesday,10,163.2,90.1,none,indoor_assist
2026-03-10 10:08:30,Tuesday,10,97.5,90.1,obstacle_medium,standby
2026-03-10 10:09:00,Tuesday,10,151.0,90.0,none,navigation
2026-03-10 10:09:30,Tuesday,10,56.4,90.0,obstacle_medium,navigation
2026-03-10 10:10:00,Tuesday,10,111.7,90.0,obstacle_near,standby
2026-03-10 10:10:30,Tuesday,10,84.5,90.0,none,indoor_assist
2026-03-10 10:11:00,Tuesday,10,148.7,90.0,obstacle_near,indoor_assist
2026-03-10 10:11:30,Tuesday,10,137.5,89.9,none,navigation
2026-03-10 10:12:00,Tuesday,10,97.1,89.9,none,navigation
2026-03-10 10:12:30,Tuesday,10,107.8,89.9,obstacle_medium,navigation
2026-03-10 10:13:00,Tuesday,10,106.4,89.9,obstacle_medium,navigation
2026-03-10 10:13:30,Tuesday,10,149.4,89.9,low_battery,navigation
2026-03-10 10:14:00,Tuesday,10,94.2,89.8,obstacle_medium,navigation
2026-03-10 10:14:30,Tuesday,10,94.8,89.8,none,navigation
2026-03-10 10:15:00,Tuesday,10,113.1,89.8,fall_detected,navigation
2026-03-10 10:15:30,Tuesday,10,96.5,89.8,none,navigation
2026-03-10 10:16:00,Tuesday,10,105.1,89.8,none,indoor_assist
2026-03-10 10:16:30,Tuesday,10,125.5,89.7,obstacle_medium,navigation
2026-03-10 10:17:00,Tuesday,10,103.1,89.7,none,indoor_assist
2026-03-10 10:17:30,Tuesday,10,128.4,89.7,none,indoor_assist
2026-03-10 10:18:00,Tuesday,10,100.7,89.7,none,indoor_assist
2026-03-10 10:18:30,Tuesday,10,102.7,89.7,none,indoor_assist
2026-03-10 10:19:00,Tuesday,10,169.7,89.6,none,navigation
2026-03-10 10:19:30,Tuesday,10,111.7,89.6,none,standby
2026-03-10 10:20:00,Tuesday,10,87.6,89.6,none,indoor_assist
2026-03-10 10:20:30,Tuesday,10,126.6,89.6,none,navigation
2026-03-10 10:21:00,Tuesday,10,129.8,89.6,none,standby
2026-03-10 10:21:30,Tuesday,10,178.8,89.5,none,indoor_assist
2026-03-10 10:22:00,Tuesday,10,93.1,89.5,none,navigation
2026-03-10 10:22:30,Tuesday,10,74.4,89.5,obstacle_medium,navigation
2026-03-10 10:23:00,Tuesday,10,100.1,89.5,obstacle_medium,indoor_assist
2026-03-10 10:23:30,Tuesday,10,146.8,89.5,none,navigation
2026-03-10 10:24:00,Tuesday,10,164.2,89.4,none,navigation
2026-03-10 10:24:30,Tuesday,10,153.3,89.4,none,indoor_assist
2026-03-10 10:25:00,Tuesday,10,90.3,89.4,none,indoor_assist
2026-03-10 10:25:30,Tuesday,10,113.8,89.4,none,standby
2026-03-10 10:26:00,Tuesday,10,99.6,89.4,none,indoor_assist
2026-03-10 10:26:30,Tuesday,10,138.3,89.3,none,navigation
2026-03-10 10:27:00,Tuesday,10,128.7,89.3,fall_detected,indoor_assist
2026-03-10 10:27:30,Tuesday,10,83.4,89.3,obstacle_near,standby
2026-03-10 10:28:00,Tuesday,10,89.1,89.3,none,navigation
2026-03-10 10:28:30,Tuesday,10,104.4,89.3,none,indoor_assist
2026-03-10 10:29:00,Tuesday,10,153.5,89.2,obstacle_near,navigation
2026-03-10 10:29:30,Tuesday,10,187.0,89.2,none,indoor_assist
2026-03-10 10:30:00,Tuesday,10,94.6,89.2,none,navigation
2026-03-10 10:30:30,Tuesday,10,144.2,89.2,none,standby
2026-03-10 10:31:00,Tuesday,10,155.0,89.2,obstacle_near,navigation
2026-03-10 10:31:30,Tuesday,10,95.6,89.1,obstacle_medium,indoor_assist
2026-03-10 10:32:00,Tuesday,10,89.6,89.1,obstacle_medium,indoor_assist
2026-03-10 10:32:30,Tuesday,10,145.1,89.1,none,indoor_assist
2026-03-10 10:33:00,Tuesday,10,141.9,89.1,none,navigation
2026-03-10 10:33:30,Tuesday,10,106.7,89.1,none,navigation
2026-03-10 10:34:00,Tuesday,10,123.2,89.0,none,navigation
2026-03-10 10:34:30,Tuesday,10,122.0,89.0,obstacle_medium,navigation
2026-03-10 10:35:00,Tuesday,10,94.2,89.0,obstacle_near,indoor_assist
2026-03-10 10:35:30,Tuesday,10,147.7,89.0,none,navigation
2026-03-10 10:36:00,Tuesday,10,158.7,89.0,fall_detected,indoor_assist
2026-03-10 10:36:30,Tuesday,10,74.0,88.9,obstacle_medium,navigation
2026-03-10 10:37:00,Tuesday,10,98.2,88.9,none,indoor_assist
2026-03-10 10:37:30,Tuesday,10,139.8,88.9,none,navigation
2026-03-10 10:38:00,Tuesday,10,69.0,88.9,obstacle_medium,navigation
2026-03-10 10:38:30,Tuesday,10,165.2,88.9,none,indoor_assist
2026-03-10 10:39:00,Tuesday,10,127.7,88.8,obstacle_near,indoor_assist
2026-03-10 10:39:30,Tuesday,10,128.6,88.8,none,navigation
2026-03-10 10:40:00,Tuesday,10,132.6,88.8,none,navigation
2026-03-10 10:40:30,Tuesday,10,119.2,88.8,none,indoor_assist
2026-03-10 10:41:00,Tuesday,10,95.0,88.8,obstacle_medium,indoor_assist
2026-03-10 10:41:30,Tuesday,10,100.7,88.7,none,navigation
2026-03-10 10:42:00,Tuesday,10,108.2,88.7,none,indoor_assist
2026-03-10 10:42:30,Tuesday,10,135.2,88.7,none,navigation
2026-03-10 10:43:00,Tuesday,10,89.1,88.7,none,navigation
2026-03-10 10:43:30,Tuesday,10,119.7,88.7,none,indoor_assist
2026-03-10 10:44:00,Tuesday,10,115.9,88.6,none,indoor_assist
2026-03-10 10:44:30,Tuesday,10,105.9,88.6,obstacle_medium,indoor_assist
2026-03-10 10:45:00,Tuesday,10,205.6,88.6,none,navigation
2026-03-10 10:45:30,Tuesday,10,111.1,88.6,obstacle_near,standby
2026-03-10 10:46:00,Tuesday,10,148.8,88.6,none,standby
2026-03-10 10:46:30,Tuesday,10,137.9,88.5,obstacle_near,indoor_assist
2026-03-10 10:47:00,Tuesday,10,127.7,88.5,obstacle_near,navigation
2026-03-10 10:47:30,Tuesday,10,95.2,88.5,none,navigation
2026-03-10 10:48:00,Tuesday,10,86.3,88.5,none,navigation
2026-03-10 10:48:30,Tuesday,10,117.3,88.5,none,indoor_assist
2026-03-10 10:49:00,Tuesday,10,118.0,88.4,none,indoor_assist
2026-03-10 10:49:30,Tuesday,10,127.8,88.4,none,indoor_assist
2026-03-10 10:50:00,Tuesday,10,151.5,88.4,obstacle_medium,navigation
2026-03-10 10:50:30,Tuesday,10,132.8,88.4,none,indoor_assist
2026-03-10 10:51:00,Tuesday,10,102.5,88.4,obstacle_medium,indoor_assist
2026-03-10 10:51:30,Tuesday,10,102.6,88.3,none,navigation
2026-03-10 10:52:00,Tuesday,10,136.4,88.3,none,navigation
2026-03-10 10:52:30,Tuesday,10,138.0,88.3,obstacle_medium,navigation
2026-03-10 10:53:00,Tuesday,10,105.6,88.3,none,indoor_assist
2026-03-10 10:53:30,Tuesday,10,110.6,88.3,low_battery,indoor_assist
2026-03-10 10:54:00,Tuesday,10,66.5,88.2,obstacle_medium,navigation
2026-03-10 10:54:30,Tuesday,10,125.1,88.2,obstacle_medium,navigation
2026-03-10 10:55:00,Tuesday,10,135.9,88.2,none,standby
2026-03-10 10:55:30,Tuesday,10,113.0,88.2,none,navigation
2026-03-10 10:56:00,Tuesday,10,80.2,88.2,obstacle_medium,indoor_assist
2026-03-10 10:56:30,Tuesday,10,135.7,88.1,none,indoor_assist
2026-03-10 10:57:00,Tuesday,10,120.5,88.1,obstacle_medium,navigation
2026-03-10 10:57:30,Tuesday,10,105.1,88.1,none,indoor_assist
2026-03-10 10:58:00,Tuesday,10,120.6,88.1,none,indoor_assist
2026-03-10 10:58:30,Tuesday,10,83.0,88.1,none,navigation
2026-03-10 10:59:00,Tuesday,10,123.2,88.0,none,navigation
2026-03-10 10:59:30,Tuesday,10,116.6,88.0,none,standby
2026-03-10 11:00:00,Tuesday,11,116.4,100.0,none,indoor_assist
2026-03-10 11:00:30,Tuesday,11,112.1,100.0,none,navigation
2026-03-10 11:01:00,Tuesday,11,171.6,100.0,none,navigation
2026-03-10 11:01:30,Tuesday,11,90.8,99.9,obstacle_medium,indoor_assist
2026-03-10 11:02:00,Tuesday,11,79.9,99.9,obstacle_medium,indoor_assist
2026-03-10 11:02:30,Tuesday,11,152.6,99.9,none,navigation
2026-03-10 11:03:00,Tuesday,11,96.0,99.9,obstacle_medium,indoor_assist
2026-03-10 11:03:30,Tuesday,11,159.2,99.9,none,indoor_assist
2026-03-10 11:04:00,Tuesday,11,133.6,99.8,obstacle_medium,navigation
2026-03-10 11:04:30,Tuesday,11,121.0,99.8,obstacle_medium,navigation
2026-03-10 11:05:00,Tuesday,11,122.3,99.8,obstacle_medium,standby
2026-03-10 11:05:30,Tuesday,11,126.2,99.8,none,indoor_assist
2026-03-10 11:06:00,Tuesday,11,160.7,99.8,none,navigation
2026-03-10 11:06:30,Tuesday,11,106.9,99.7,none,navigation
2026-03-10 11:07:00,Tuesday,11,84.3,99.7,none,standby
2026-03-10 11:07:30,Tuesday,11,66.5,99.7,obstacle_medium,indoor_assist
2026-03-10 11:08:00,Tuesday,11,119.3,99.7,none,indoor_assist
2026-03-10 11:08:30,Tuesday,11,153.6,99.7,none,navigation
2026-03-10 11:09:00,Tuesday,11,61.8,99.6,obstacle_medium,navigation
2026-03-10 11:09:30,Tuesday,11,148.7,99.6,obstacle_medium,navigation
2026-03-10 11:10:00,Tuesday,11,125.0,99.6,none,navigation
2026-03-10 11:10:30,Tuesday,11,91.0,99.6,none,navigation
2026-03-10 11:11:00,Tuesday,11,87.5,99.6,none,indoor_assist
2026-03-10 11:11:30,Tuesday,11,132.7,99.5,obstacle_medium,navigation
2026-03-10 11:12:00,Tuesday,11,151.8,99.5,obstacle_medium,indoor_assist
2026-03-10 11:12:30,Tuesday,11,160.3,99.5,none,indoor_assist
2026-03-10 11:13:00,Tuesday,11,129.3,99.5,none,navigation
2026-03-10 11:13:30,Tuesday,11,127.1,99.5,none,standby
2026-03-10 11:14:00,Tuesday,11,145.5,99.4,none,indoor_assist
2026-03-10 11:14:30,Tuesday,11,154.5,99.4,low_battery,indoor_assist
2026-03-10 11:15:00,Tuesday,11,152.4,99.4,none,standby
2026-03-10 11:15:30,Tuesday,11,97.9,99.4,none,navigation
2026-03-10 11:16:00,Tuesday,11,149.1,99.4,none,indoor_assist
2026-03-10 11:16:30,Tuesday,11,76.6,99.3,obstacle_medium,standby
2026-03-10 11:17:00,Tuesday,11,134.3,99.3,none,standby
2026-03-10 11:17:30,Tuesday,11,88.7,99.3,none,indoor_assist
2026-03-10 11:18:00,Tuesday,11,85.6,99.3,none,navigation
2026-03-10 11:18:30,Tuesday,11,144.8,99.3,none,standby
2026-03-10 11:19:00,Tuesday,11,149.1,99.2,none,indoor_assist
2026-03-10 11:19:30,Tuesday,11,136.1,99.2,obstacle_medium,navigation
2026-03-10 11:20:00,Tuesday,11,105.4,99.2,none,standby
2026-03-10 11:20:30,Tuesday,11,133.0,99.2,none,navigation
2026-03-10 11:21:00,Tuesday,11,156.6,99.2,none,navigation
2026-03-10 11:21:30,Tuesday,11,141.6,99.1,obstacle_medium,indoor_assist
2026-03-10 11:22:00,Tuesday,11,91.0,99.1,obstacle_near,indoor_assist
2026-03-10 11:22:30,Tuesday,11,100.8,99.1,none,indoor_assist
2026-03-10 11:23:00,Tuesday,11,136.5,99.1,none,navigation
2026-03-10 11:23:30,Tuesday,11,91.7,99.1,obstacle_near,indoor_assist
2026-03-10 11:24:00,Tuesday,11,134.5,99.0,none,indoor_assist
2026-03-10 11:24:30,Tuesday,11,124.0,99.0,none,indoor_assist
2026-03-10 11:25:00,Tuesday,11,132.0,99.0,none,standby
2026-03-10 11:25:30,Tuesday,11,107.9,99.0,obstacle_near,navigation
2026-03-10 11:26:00,Tuesday,11,100.8,99.0,none,navigation
2026-03-10 11:26:30,Tuesday,11,92.1,98.9,none,navigation
2026-03-10 11:27:00,Tuesday,11,124.5,98.9,none,indoor_assist
2026-03-10 11:27:30,Tuesday,11,128.5,98.9,none,navigation
2026-03-10 11:28:00,Tuesday,11,73.5,98.9,obstacle_medium,navigation
2026-03-10 11:28:30,Tuesday,11,90.0,98.9,none,navigation
2026-03-10 11:29:00,Tuesday,11,130.6,98.8,none,standby
2026-03-10 11:29:30,Tuesday,11,90.2,98.8,none,navigation
2026-03-10 11:30:00,Tuesday,11,158.8,98.8,obstacle_medium,indoor_assist
2026-03-10 11:30:30,Tuesday,11,114.1,98.8,none,indoor_assist
2026-03-10 11:31:00,Tuesday,11,97.4,98.8,obstacle_medium,navigation
2026-03-10 11:31:30,Tuesday,11,105.0,98.7,none,indoor_assist
2026-03-10 11:32:00,Tuesday,11,89.6,98.7,none,navigation
2026-03-10 11:32:30,Tuesday,11,109.4,98.7,obstacle_medium,indoor_assist
2026-03-10 11:33:00,Tuesday,11,80.4,98.7,obstacle_near,navigation
2026-03-10 11:33:30,Tuesday,11,86.2,98.7,obstacle_near,navigation
2026-03-10 11:34:00,Tuesday,11,156.9,98.6,none,navigation
2026-03-10 11:34:30,Tuesday,11,143.1,98.6,none,indoor_assist
2026-03-10 11:35:00,Tuesday,11,112.8,98.6,none,indoor_assist
2026-03-10 11:35:30,Tuesday,11,100.9,98.6,none,standby
2026-03-10 11:36:00,Tuesday,11,113.6,98.6,obstacle_medium,navigation
2026-03-10 11:36:30,Tuesday,11,114.7,98.5,none,indoor_assist
2026-03-10 11:37:00,Tuesday,11,125.6,98.5,obstacle_near,navigation
2026-03-10 11:37:30,Tuesday,11,92.8,98.5,obstacle_medium,indoor_assist
2026-03-10 11:38:00,Tuesday,11,143.5,98.5,none,indoor_assist
2026-03-10 11:38:30,Tuesday,11,136.1,98.5,obstacle_medium,indoor_assist
2026-03-10 11:39:00,Tuesday,11,107.0,98.4,obstacle_medium,indoor_assist
2026-03-10 11:39:30,Tuesday,11,99.7,98.4,none,standby
2026-03-10 11:40:00,Tuesday,11,101.6,98.4,none,navigation
2026-03-10 11:40:30,Tuesday,11,123.0,98.4,none,navigation
2026-03-10 11:41:00,Tuesday,11,95.2,98.4,none,indoor_assist
2026-03-10 11:41:30,Tuesday,11,130.8,98.3,obstacle_near,indoor_assist
2026-03-10 11:42:00,Tuesday,11,136.6,98.3,none,navigation
2026-03-10 11:42:30,Tuesday,11,111.5,98.3,obstacle_medium,standby
2026-03-10 11:43:00,Tuesday,11,112.8,98.3,none,navigation
2026-03-10 11:43:30,Tuesday,11,80.4,98.3,none,navigation
2026-03-10 11:44:00,Tuesday,11,124.8,98.2,obstacle_medium,indoor_assist
2026-03-10 11:44:30,Tuesday,11,93.8,98.2,none,navigation
2026-03-10 11:45:00,Tuesday,11,126.2,98.2,none,standby
2026-03-10 11:45:30,Tuesday,11,153.3,98.2,obstacle_medium,standby
2026-03-10 11:46:00,Tuesday,11,91.5,98.2,obstacle_medium,indoor_assist
2026-03-10 11:46:30,Tuesday,11,128.3,98.1,none,standby
2026-03-10 11:47:00,Tuesday,11,124.6,98.1,none,navigation
2026-03-10 11:47:30,Tuesday,11,134.9,98.1,obstacle_medium,standby
2026-03-10 11:48:00,Tuesday,11,102.2,98.1,none,standby
2026-03-10 11:48:30,Tuesday,11,124.7,98.1,none,indoor_assist
2026-03-10 11:49:00,Tuesday,11,93.3,98.0,obstacle_medium,standby
2026-03-10 11:49:30,Tuesday,11,88.5,98.0,none,navigation
2026-03-10 11:50:00,Tuesday,11,141.7,98.0,none,indoor_assist
2026-03-10 11:50:30,Tuesday,11,92.8,98.0,none,navigation
2026-03-10 11:51:00,Tuesday,11,113.9,98.0,fall_detected,navigation
2026-03-10 11:51:30,Tuesday,11,71.4,97.9,obstacle_medium,standby
2026-03-10 11:52:00,Tuesday,11,105.7,97.9,none,navigation
2026-03-10 11:52:30,Tuesday,11,110.7,97.9,none,navigation
2026-03-10 11:53:00,Tuesday,11,69.5,97.9,obstacle_medium,indoor_assist
2026-03-10 11:53:30,Tuesday,11,129.4,97.9,none,indoor_assist
2026-03-10 11:54:00,Tuesday,11,134.3,97.8,fall_detected,indoor_assist
2026-03-10 11:54:30,Tuesday,11,90.3,97.8,obstacle_near,indoor_assist
2026-03-10 11:55:00,Tuesday,11,135.2,97.8,low_battery,indoor_assist
2026-03-10 11:55:30,Tuesday,11,115.0,97.8,obstacle_medium,navigation
2026-03-10 11:56:00,Tuesday,11,104.2,97.8,none,indoor_assist
2026-03-10 11:56:30,Tuesday,11,164.0,97.7,obstacle_near,navigation
2026-03-10 11:57:00,Tuesday,11,128.4,97.7,none,indoor_assist
2026-03-10 11:57:30,Tuesday,11,59.5,97.7,obstacle_medium,navigation
2026-03-10 11:58:00,Tuesday,11,80.2,97.7,obstacle_near,standby
2026-03-10 11:58:30,Tuesday,11,75.7,97.7,obstacle_medium,navigation
2026-03-10 11:59:00,Tuesday,11,98.7,97.6,none,indoor_assist
2026-03-10 11:59:30,Tuesday,11,130.7,97.6,none,indoor_assist
2026-03-10 12:00:00,Tuesday,12,254.0,97.6,none,navigation
2026-03-10 12:00:30,Tuesday,12,230.1,97.6,none,indoor_assist
2026-03-10 12:01:00,Tuesday,12,211.1,97.6,none,indoor_assist
2026-03-10 12:01:30,Tuesday,12,190.6,97.5,none,navigation
2026-03-10 12:02:00,Tuesday,12,189.6,97.5,none,navigation
2026-03-10 12:02:30,Tuesday,12,196.0,97.5,none,navigation
2026-03-10 12:03:00,Tuesday,12,225.9,97.5,none,indoor_assist
2026-03-10 12:03:30,Tuesday,12,222.4,97.5,none,navigation
2026-03-10 12:04:00,Tuesday,12,199.3,97.4,none,navigation
2026-03-10 12:04:30,Tuesday,12,178.6,97.4,none,navigation
2026-03-10 12:05:00,Tuesday,12,225.4,97.4,none,indoor_assist
2026-03-10 12:05:30,Tuesday,12,210.7,97.4,obstacle_medium,indoor_assist
2026-03-10 12:06:00,Tuesday,12,183.9,97.4,low_battery,indoor_assist
2026-03-10 12:06:30,Tuesday,12,166.7,97.3,none,standby
2026-03-10 12:07:00,Tuesday,12,225.8,97.3,obstacle_near,standby
2026-03-10 12:07:30,Tuesday,12,133.5,97.3,none,navigation
2026-03-10 12:08:00,Tuesday,12,219.8,97.3,none,navigation
2026-03-10 12:08:30,Tuesday,12,185.2,97.3,low_battery,indoor_assist
2026-03-10 12:09:00,Tuesday,12,138.8,97.2,none,indoor_assist
2026-03-10 12:09:30,Tuesday,12,201.4,97.2,low_battery,standby
2026-03-10 12:10:00,Tuesday,12,184.6,97.2,none,navigation
2026-03-10 12:10:30,Tuesday,12,195.9,97.2,none,navigation
2026-03-10 12:11:00,Tuesday,12,256.1,97.2,fall_detected,standby
2026-03-10 12:11:30,Tuesday,12,223.4,97.1,none,navigation
2026-03-10 12:12:00,Tuesday,12,176.2,97.1,none,indoor_assist
2026-03-10 12:12:30,Tuesday,12,236.1,97.1,none,indoor_assist
2026-03-10 12:13:00,Tuesday,12,176.0,97.1,obstacle_medium,indoor_assist
2026-03-10 12:13:30,Tuesday,12,208.6,97.1,obstacle_medium,navigation
2026-03-10 12:14:00,Tuesday,12,120.7,97.0,none,navigation
2026-03-10 12:14:30,Tuesday,12,207.9,97.0,none,navigation
2026-03-10 12:15:00,Tuesday,12,234.2,97.0,none,navigation
2026-03-10 12:15:30,Tuesday,12,258.9,97.0,none,indoor_assist
2026-03-10 12:16:00,Tuesday,12,184.4,97.0,obstacle_medium,navigation
2026-03-10 12:16:30,Tuesday,12,158.4,96.9,obstacle_near,navigation
2026-03-10 12:17:00,Tuesday,12,216.3,96.9,obstacle_medium,indoor_assist
2026-03-10 12:17:30,Tuesday,12,216.6,96.9,obstacle_near,navigation
2026-03-10 12:18:00,Tuesday,12,183.9,96.9,none,navigation
2026-03-10 12:18:30,Tuesday,12,224.1,96.9,none,standby
2026-03-10 12:19:00,Tuesday,12,170.9,96.8,obstacle_medium,navigation
2026-03-10 12:19:30,Tuesday,12,219.9,96.8,none,navigation
2026-03-10 12:20:00,Tuesday,12,194.1,96.8,none,indoor_assist
2026-03-10 12:20:30,Tuesday,12,118.5,96.8,none,navigation
2026-03-10 12:21:00,Tuesday,12,279.1,96.8,none,navigation
2026-03-10 12:21:30,Tuesday,12,171.0,96.7,none,standby
2026-03-10 12:22:00,Tuesday,12,157.1,96.7,none,standby
2026-03-10 12:22:30,Tuesday,12,216.3,96.7,obstacle_medium,indoor_assist
2026-03-10 12:23:00,Tuesday,12,189.1,96.7,none,navigation
2026-03-10 12:23:30,Tuesday,12,228.4,96.7,obstacle_medium,navigation
2026-03-10 12:24:00,Tuesday,12,174.9,96.6,obstacle_medium,standby
2026-03-10 12:24:30,Tuesday,12,169.2,96.6,low_battery,navigation
2026-03-10 12:25:00,Tuesday,12,168.4,96.6,none,navigation
2026-03-10 12:25:30,Tuesday,12,192.2,96.6,none,navigation
2026-03-10 12:26:00,Tuesday,12,183.1,96.6,none,standby
2026-03-10 12:26:30,Tuesday,12,237.2,96.5,none,navigation
2026-03-10 12:27:00,Tuesday,12,217.5,96.5,none,navigation
2026-03-10 12:27:30,Tuesday,12,177.1,96.5,none,standby
2026-03-10 12:28:00,Tuesday,12,209.0,96.5,none,navigation
2026-03-10 12:28:30,Tuesday,12,190.9,96.5,none,indoor_assist
2026-03-10 12:29:00,Tuesday,12,186.9,96.4,none,navigation
2026-03-10 12:29:30,Tuesday,12,252.7,96.4,none,navigation
2026-03-10 12:30:00,Tuesday,12,189.1,96.4,obstacle_medium,navigation
2026-03-10 12:30:30,Tuesday,12,193.4,96.4,none,standby
2026-03-10 12:31:00,Tuesday,12,269.7,96.4,none,navigation
2026-03-10 12:31:30,Tuesday,12,230.7,96.3,none,standby
2026-03-10 12:32:00,Tuesday,12,167.2,96.3,none,indoor_assist
2026-03-10 12:32:30,Tuesday,12,219.6,96.3,obstacle_medium,navigation
2026-03-10 12:33:00,Tuesday,12,171.9,96.3,obstacle_near,indoor_assist
2026-03-10 12:33:30,Tuesday,12,225.8,96.3,none,navigation
2026-03-10 12:34:00,Tuesday,12,168.8,96.2,obstacle_near,navigation
2026-03-10 12:34:30,Tuesday,12,187.8,96.2,low_battery,standby
2026-03-10 12:35:00,Tuesday,12,217.1,96.2,none,standby
2026-03-10 12:35:30,Tuesday,12,170.7,96.2,none,navigation
2026-03-10 12:36:00,Tuesday,12,191.4,96.2,obstacle_medium,navigation
2026-03-10 12:36:30,Tuesday,12,179.2,96.1,none,navigation
2026-03-10 12:37:00,Tuesday,12,198.9,96.1,none,standby
2026-03-10 12:37:30,Tuesday,12,160.4,96.1,none,navigation
2026-03-10 12:38:00,Tuesday,12,194.8,96.1,none,indoor_assist
2026-03-10 12:38:30,Tuesday,12,185.8,96.1,none,navigation
2026-03-10 12:39:00,Tuesday,12,224.6,96.0,none,navigation
2026-03-10 12:39:30,Tuesday,12,209.5,96.0,obstacle_medium,navigation
2026-03-10 12:40:00,Tuesday,12,142.1,96.0,none,navigation
2026-03-10 12:40:30,Tuesday,12,232.0,96.0,none,standby
2026-03-10 12:41:00,Tuesday,12,149.0,96.0,obstacle_medium,navigation
2026-03-10 12:41:30,Tuesday,12,195.5,95.9,none,indoor_assist
2026-03-10 12:42:00,Tuesday,12,239.1,95.9,none,navigation
2026-03-10 12:42:30,Tuesday,12,159.6,95.9,none,indoor_assist
2026-03-10 12:43:00,Tuesday,12,232.6,95.9,none,navigation
2026-03-10 12:43:30,Tuesday,12,222.4,95.9,none,navigation
2026-03-10 12:44:00,Tuesday,12,172.8,95.8,none,navigation
2026-03-10 12:44:30,Tuesday,12,202.6,95.8,obstacle_medium,navigation
2026-03-10 12:45:00,Tuesday,12,224.1,95.8,none,indoor_assist
2026-03-10 12:45:30,Tuesday,12,259.2,95.8,none,indoor_assist
2026-03-10 12:46:00,Tuesday,12,152.2,95.8,obstacle_medium,navigation
2026-03-10 12:46:30,Tuesday,12,184.1,95.7,obstacle_near,indoor_assist
2026-03-10 12:47:00,Tuesday,12,230.4,95.7,none,navigation
2026-03-10 12:47:30,Tuesday,12,184.1,95.7,none,standby
2026-03-10 12:48:00,Tuesday,12,158.3,95.7,none,indoor_assist
2026-03-10 12:48:30,Tuesday,12,170.7,95.7,obstacle_near,indoor_assist
2026-03-10 12:49:00,Tuesday,12,210.2,95.6,obstacle_medium,navigation
2026-03-10 12:49:30,Tuesday,12,258.3,95.6,obstacle_medium,navigation
2026-03-10 12:50:00,Tuesday,12,240.5,95.6,none,navigation
2026-03-10 12:50:30,Tuesday,12,221.8,95.6,none,indoor_assist
2026-03-10 12:51:00,Tuesday,12,213.8,95.6,none,indoor_assist
2026-03-10 12:51:30,Tuesday,12,203.8,95.5,obstacle_near,navigation
2026-03-10 12:52:00,Tuesday,12,199.8,95.5,none,indoor_assist
2026-03-10 12:52:30,Tuesday,12,211.1,95.5,none,standby
2026-03-10 12:53:00,Tuesday,12,217.9,95.5,obstacle_medium,navigation
2026-03-10 12:53:30,Tuesday,12,262.0,95.5,obstacle_medium,indoor_assist
2026-03-10 12:54:00,Tuesday,12,268.3,95.4,none,navigation
2026-03-10 12:54:30,Tuesday,12,173.9,95.4,none,indoor_assist
2026-03-10 12:55:00,Tuesday,12,202.0,95.4,obstacle_medium,indoor_assist
2026-03-10 12:55:30,Tuesday,12,238.9,95.4,obstacle_near,navigation
2026-03-10 12:56:00,Tuesday,12,208.8,95.4,none,indoor_assist
2026-03-10 12:56:30,Tuesday,12,222.8,95.3,none,navigation
2026-03-10 12:57:00,Tuesday,12,208.0,95.3,none,navigation
2026-03-10 12:57:30,Tuesday,12,234.6,95.3,none,navigation
2026-03-10 12:58:00,Tuesday,12,218.3,95.3,none,navigation
2026-03-10 12:58:30,Tuesday,12,195.0,95.3,obstacle_medium,navigation
2026-03-10 12:59:00,Tuesday,12,265.8,95.2,obstacle_medium,navigation
2026-03-10 12:59:30,Tuesday,12,256.4,95.2,obstacle_medium,indoor_assist
2026-03-10 13:00:00,Tuesday,13,189.3,95.2,obstacle_near,navigation
2026-03-10 13:00:30,Tuesday,13,163.2,95.2,obstacle_medium,navigation
2026-03-10 13:01:00,Tuesday,13,179.0,95.2,none,navigation
2026-03-10 13:01:30,Tuesday,13,184.7,95.1,none,navigation
2026-03-10 13:02:00,Tuesday,13,211.9,95.1,obstacle_near,indoor_assist
2026-03-10 13:02:30,Tuesday,13,184.7,95.1,none,indoor_assist
2026-03-10 13:03:00,Tuesday,13,247.1,95.1,none,navigation
2026-03-10 13:03:30,Tuesday,13,298.9,95.1,none,indoor_assist
2026-03-10 13:04:00,Tuesday,13,214.4,95.0,none,indoor_assist
2026-03-10 13:04:30,Tuesday,13,208.5,95.0,obstacle_medium,standby
2026-03-10 13:05:00,Tuesday,13,210.9,95.0,none,navigation
2026-03-10 13:05:30,Tuesday,13,198.5,95.0,none,standby
2026-03-10 13:06:00,Tuesday,13,241.0,95.0,none,navigation
2026-03-10 13:06:30,Tuesday,13,239.9,94.9,none,indoor_assist
2026-03-10 13:07:00,Tuesday,13,192.4,94.9,none,navigation
2026-03-10 13:07:30,Tuesday,13,252.4,94.9,none,indoor_assist
2026-03-10 13:08:00,Tuesday,13,171.5,94.9,low_battery,indoor_assist
2026-03-10 13:08:30,Tuesday,13,219.5,94.9,obstacle_medium,navigation
2026-03-10 13:09:00,Tuesday,13,157.8,94.8,obstacle_medium,navigation
2026-03-10 13:09:30,Tuesday,13,200.7,94.8,obstacle_near,navigation
2026-03-10 13:10:00,Tuesday,13,165.0,94.8,none,indoor_assist
2026-03-10 13:10:30,Tuesday,13,127.8,94.8,obstacle_medium,indoor_assist
2026-03-10 13:11:00,Tuesday,13,209.8,94.8,none,indoor_assist
2026-03-10 13:11:30,Tuesday,13,206.8,94.7,none,navigation
2026-03-10 13:12:00,Tuesday,13,181.7,94.7,low_battery,navigation
2026-03-10 13:12:30,Tuesday,13,170.4,94.7,none,indoor_assist
2026-03-10 13:13:00,Tuesday,13,207.3,94.7,none,standby
2026-03-10 13:13:30,Tuesday,13,197.8,94.7,none,navigation
2026-03-10 13:14:00,Tuesday,13,176.3,94.6,obstacle_near,indoor_assist
2026-03-10 13:14:30,Tuesday,13,223.3,94.6,none,navigation
2026-03-10 13:15:00,Tuesday,13,190.5,94.6,obstacle_medium,indoor_assist
2026-03-10 13:15:30,Tuesday,13,166.4,94.6,none,navigation
2026-03-10 13:16:00,Tuesday,13,180.0,94.6,none,indoor_assist
2026-03-10 13:16:30,Tuesday,13,160.7,94.5,none,standby
2026-03-10 13:17:00,Tuesday,13,170.1,94.5,none,standby
2026-03-10 13:17:30,Tuesday,13,198.7,94.5,none,navigation
2026-03-10 13:18:00,Tuesday,13,226.1,94.5,obstacle_near,navigation
2026-03-10 13:18:30,Tuesday,13,196.3,94.5,none,navigation
2026-03-10 13:19:00,Tuesday,13,199.7,94.4,none,navigation
2026-03-10 13:19:30,Tuesday,13,193.0,94.4,obstacle_medium,navigation
2026-03-10 13:20:00,Tuesday,13,182.6,94.4,none,navigation
2026-03-10 13:20:30,Tuesday,13,221.8,94.4,none,indoor_assist
2026-03-10 13:21:00,Tuesday,13,209.3,94.4,none,navigation
2026-03-10 13:21:30,Tuesday,13,194.1,94.3,obstacle_near,navigation
2026-03-10 13:22:00,Tuesday,13,141.9,94.3,none,standby
2026-03-10 13:22:30,Tuesday,13,214.6,94.3,low_battery,indoor_assist
2026-03-10 13:23:00,Tuesday,13,125.5,94.3,none,navigation
2026-03-10 13:23:30,Tuesday,13,154.1,94.3,none,indoor_assist
2026-03-10 13:24:00,Tuesday,13,236.4,94.2,none,indoor_assist
2026-03-10 13:24:30,Tuesday,13,226.5,94.2,none,navigation
2026-03-10 13:25:00,Tuesday,13,178.6,94.2,none,navigation
2026-03-10 13:25:30,Tuesday,13,181.2,94.2,none,indoor_assist
2026-03-10 13:26:00,Tuesday,13,220.0,94.2,low_battery,navigation
2026-03-10 13:26:30,Tuesday,13,168.7,94.1,none,navigation
2026-03-10 13:27:00,Tuesday,13,207.5,94.1,obstacle_medium,indoor_assist
2026-03-10 13:27:30,Tuesday,13,248.9,94.1,obstacle_medium,navigation
2026-03-10 13:28:00,Tuesday,13,249.2,94.1,none,navigation
2026-03-10 13:28:30,Tuesday,13,222.1,94.1,none,indoor_assist
2026-03-10 13:29:00,Tuesday,13,182.7,94.0,none,indoor_assist
2026-03-10 13:29:30,Tuesday,13,251.3,94.0,obstacle_medium,navigation
2026-03-10 13:30:00,Tuesday,13,176.7,94.0,none,navigation
2026-03-10 13:30:30,Tuesday,13,176.7,94.0,obstacle_near,indoor_assist
2026-03-10 13:31:00,Tuesday,13,225.6,94.0,obstacle_medium,standby
2026-03-10 13:31:30,Tuesday,13,170.1,93.9,none,navigation
2026-03-10 13:32:00,Tuesday,13,234.2,93.9,none,indoor_assist
2026-03-10 13:32:30,Tuesday,13,185.8,93.9,none,indoor_assist
2026-03-10 13:33:00,Tuesday,13,174.5,93.9,none,navigation
2026-03-10 13:33:30,Tuesday,13,173.9,93.9,obstacle_medium,indoor_assist
2026-03-10 13:34:00,Tuesday,13,190.0,93.8,none,indoor_assist
2026-03-10 13:34:30,Tuesday,13,230.5,93.8,obstacle_near,navigation
2026-03-10 13:35:00,Tuesday,13,152.4,93.8,none,navigation
2026-03-10 13:35:30,Tuesday,13,229.2,93.8,none,navigation
2026-03-10 13:36:00,Tuesday,13,214.8,93.8,fall_detected,indoor_assist
2026-03-10 13:36:30,Tuesday,13,212.8,93.7,none,indoor_assist
2026-03-10 13:37:00,Tuesday,13,160.2,93.7,obstacle_near,navigation
2026-03-10 13:37:30,Tuesday,13,216.9,93.7,obstacle_medium,navigation
2026-03-10 13:38:00,Tuesday,13,214.5,93.7,obstacle_medium,standby
2026-03-10 13:38:30,Tuesday,13,158.5,93.7,none,navigation
2026-03-10 13:39:00,Tuesday,13,259.0,93.6,obstacle_medium,indoor_assist
2026-03-10 13:39:30,Tuesday,13,207.4,93.6,none,standby
2026-03-10 13:40:00,Tuesday,13,176.2,93.6,none,navigation
2026-03-10 13:40:30,Tuesday,13,215.7,93.6,none,indoor_assist
2026-03-10 13:41:00,Tuesday,13,209.3,93.6,none,standby
2026-03-10 13:41:30,Tuesday,13,211.3,93.5,none,indoor_assist
2026-03-10 13:42:00,Tuesday,13,266.0,93.5,low_battery,standby
2026-03-10 13:42:30,Tuesday,13,178.4,93.5,fall_detected,navigation
2026-03-10 13:43:00,Tuesday,13,209.3,93.5,none,navigation
2026-03-10 13:43:30,Tuesday,13,174.9,93.5,none,navigation
2026-03-10 13:44:00,Tuesday,13,185.2,93.4,obstacle_medium,standby
2026-03-10 13:44:30,Tuesday,13,207.8,93.4,none,navigation
2026-03-10 13:45:00,Tuesday,13,170.5,93.4,none,standby
2026-03-10 13:45:30,Tuesday,13,181.4,93.4,none,navigation
2026-03-10 13:46:00,Tuesday,13,168.4,93.4,none,standby
2026-03-10 13:46:30,Tuesday,13,129.7,93.3,none,indoor_assist
2026-03-10 13:47:00,Tuesday,13,202.7,93.3,none,indoor_assist
2026-03-10 13:47:30,Tuesday,13,194.4,93.3,none,indoor_assist
2026-03-10 13:48:00,Tuesday,13,242.8,93.3,none,navigation
2026-03-10 13:48:30,Tuesday,13,183.3,93.3,none,navigation
2026-03-10 13:49:00,Tuesday,13,227.5,93.2,none,navigation
2026-03-10 13:49:30,Tuesday,13,192.7,93.2,none,standby
2026-03-10 13:50:00,Tuesday,13,149.7,93.2,none,standby
2026-03-10 13:50:30,Tuesday,13,242.4,93.2,low_battery,navigation
2026-03-10 13:51:00,Tuesday,13,209.7,93.2,obstacle_medium,standby
2026-03-10 13:51:30,Tuesday,13,180.3,93.1,none,indoor_assist
2026-03-10 13:52:00,Tuesday,13,237.2,93.1,none,navigation
2026-03-10 13:52:30,Tuesday,13,164.8,93.1,none,indoor_assist
2026-03-10 13:53:00,Tuesday,13,231.5,93.1,none,indoor_assist
2026-03-10 13:53:30,Tuesday,13,187.6,93.1,none,standby
2026-03-10 13:54:00,Tuesday,13,223.9,93.0,none,indoor_assist
2026-03-10 13:54:30,Tuesday,13,149.4,93.0,none,indoor_assist
2026-03-10 13:55:00,Tuesday,13,219.0,93.0,none,navigation
2026-03-10 13:55:30,Tuesday,13,154.8,93.0,obstacle_near,indoor_assist
2026-03-10 13:56:00,Tuesday,13,163.7,93.0,obstacle_medium,navigation
2026-03-10 13:56:30,Tuesday,13,161.3,92.9,none,navigation
2026-03-10 13:57:00,Tuesday,13,215.3,92.9,none,standby
2026-03-10 13:57:30,Tuesday,13,208.7,92.9,none,indoor_assist
2026-03-10 13:58:00,Tuesday,13,226.1,92.9,none,navigation
2026-03-10 13:58:30,Tuesday,13,162.6,92.9,none,indoor_assist
2026-03-10 13:59:00,Tuesday,13,196.9,92.8,none,indoor_assist
2026-03-10 13:59:30,Tuesday,13,245.7,92.8,obstacle_medium,navigation
2026-03-10 14:00:00,Tuesday,14,225.5,92.8,none,standby
2026-03-10 14:00:30,Tuesday,14,255.8,92.8,obstacle_medium,standby
2026-03-10 14:01:00,Tuesday,14,238.3,92.8,none,standby
2026-03-10 14:01:30,Tuesday,14,179.9,92.7,none,navigation
2026-03-10 14:02:00,Tuesday,14,194.5,92.7,none,navigation
2026-03-10 14:02:30,Tuesday,14,182.6,92.7,low_battery,navigation
2026-03-10 14:03:00,Tuesday,14,150.9,92.7,obstacle_medium,indoor_assist
2026-03-10 14:03:30,Tuesday,14,253.7,92.7,none,standby
2026-03-10 14:04:00,Tuesday,14,157.0,92.6,obstacle_medium,indoor_assist
2026-03-10 14:04:30,Tuesday,14,212.9,92.6,obstacle_medium,standby
2026-03-10 14:05:00,Tuesday,14,205.0,92.6,none,navigation
2026-03-10 14:05:30,Tuesday,14,175.8,92.6,none,indoor_assist
2026-03-10 14:06:00,Tuesday,14,224.5,92.6,none,navigation
2026-03-10 14:06:30,Tuesday,14,199.3,92.5,none,navigation
2026-03-10 14:07:00,Tuesday,14,194.2,92.5,none,standby
2026-03-10 14:07:30,Tuesday,14,222.6,92.5,none,indoor_assist
2026-03-10 14:08:00,Tuesday,14,195.8,92.5,obstacle_medium,navigation
2026-03-10 14:08:30,Tuesday,14,201.1,92.5,none,indoor_assist
2026-03-10 14:09:00,Tuesday,14,189.2,92.4,none,navigation
2026-03-10 14:09:30,Tuesday,14,154.1,92.4,obstacle_medium,navigation
2026-03-10 14:10:00,Tuesday,14,189.1,92.4,none,standby
2026-03-10 14:10:30,Tuesday,14,219.0,92.4,none,standby
2026-03-10 14:11:00,Tuesday,14,159.4,92.4,obstacle_near,navigation
2026-03-10 14:11:30,Tuesday,14,171.2,92.3,none,navigation
2026-03-10 14:12:00,Tuesday,14,177.2,92.3,none,indoor_assist
2026-03-10 14:12:30,Tuesday,14,217.7,92.3,none,navigation
2026-03-10 14:13:00,Tuesday,14,130.8,92.3,none,navigation
2026-03-10 14:13:30,Tuesday,14,198.4,92.3,none,indoor_assist
2026-03-10 14:14:00,Tuesday,14,209.4,92.2,obstacle_near,navigation
2026-03-10 14:14:30,Tuesday,14,211.6,92.2,none,indoor_assist
2026-03-10 14:15:00,Tuesday,14,199.1,92.2,low_battery,standby
2026-03-10 14:15:30,Tuesday,14,131.5,92.2,none,indoor_assist
2026-03-10 14:16:00,Tuesday,14,197.8,92.2,none,navigation
2026-03-10 14:16:30,Tuesday,14,225.9,92.1,none,indoor_assist
2026-03-10 14:17:00,Tuesday,14,234.2,92.1,none,indoor_assist
2026-03-10 14:17:30,Tuesday,14,247.8,92.1,obstacle_near,navigation
2026-03-10 14:18:00,Tuesday,14,201.0,92.1,low_battery,indoor_assist
2026-03-10 14:18:30,Tuesday,14,208.0,92.1,none,standby
2026-03-10 14:19:00,Tuesday,14,207.8,92.0,none,indoor_assist
2026-03-10 14:19:30,Tuesday,14,196.2,92.0,none,navigation
2026-03-10 14:20:00,Tuesday,14,234.1,92.0,obstacle_medium,navigation
2026-03-10 14:20:30,Tuesday,14,150.3,92.0,none,navigation
2026-03-10 14:21:00,Tuesday,14,217.6,92.0,low_battery,standby
2026-03-10 14:21:30,Tuesday,14,231.2,91.9,none,indoor_assist
2026-03-10 14:22:00,Tuesday,14,236.1,91.9,none,navigation
2026-03-10 14:22:30,Tuesday,14,193.5,91.9,obstacle_near,indoor_assist
2026-03-10 14:23:00,Tuesday,14,172.2,91.9,obstacle_near,indoor_assist
2026-03-10 14:23:30,Tuesday,14,143.8,91.9,none,navigation
2026-03-10 14:24:00,Tuesday,14,137.8,91.8,none,navigation
2026-03-10 14:24:30,Tuesday,14,160.4,91.8,obstacle_medium,indoor_assist
2026-03-10 14:25:00,Tuesday,14,182.2,91.8,none,indoor_assist
2026-03-10 14:25:30,Tuesday,14,172.2,91.8,obstacle_near,standby
2026-03-10 14:26:00,Tuesday,14,159.1,91.8,none,indoor_assist
2026-03-10 14:26:30,Tuesday,14,138.8,91.7,none,standby
2026-03-10 14:27:00,Tuesday,14,181.2,91.7,obstacle_near,indoor_assist
2026-03-10 14:27:30,Tuesday,14,191.3,91.7,none,navigation
2026-03-10 14:28:00,Tuesday,14,266.7,91.7,none,navigation
2026-03-10 14:28:30,Tuesday,14,231.8,91.7,obstacle_medium,standby
2026-03-10 14:29:00,Tuesday,14,208.6,91.6,none,navigation
2026-03-10 14:29:30,Tuesday,14,190.3,91.6,none,navigation
2026-03-10 14:30:00,Tuesday,14,200.7,91.6,obstacle_medium,navigation
2026-03-10 14:30:30,Tuesday,14,156.3,91.6,none,indoor_assist
2026-03-10 14:31:00,Tuesday,14,183.2,91.6,obstacle_medium,indoor_assist
2026-03-10 14:31:30,Tuesday,14,242.4,91.5,none,indoor_assist
2026-03-10 14:32:00,Tuesday,14,137.7,91.5,none,indoor_assist
2026-03-10 14:32:30,Tuesday,14,204.1,91.5,none,indoor_assist
2026-03-10 14:33:00,Tuesday,14,215.5,91.5,none,navigation
2026-03-10 14:33:30,Tuesday,14,161.6,91.5,obstacle_near,navigation
2026-03-10 14:34:00,Tuesday,14,179.2,91.4,none,navigation
2026-03-10 14:34:30,Tuesday,14,204.9,91.4,none,indoor_assist
2026-03-10 14:35:00,Tuesday,14,175.4,91.4,none,standby
2026-03-10 14:35:30,Tuesday,14,196.2,91.4,none,navigation
2026-03-10 14:36:00,Tuesday,14,245.0,91.4,none,indoor_assist
2026-03-10 14:36:30,Tuesday,14,246.6,91.3,low_battery,navigation
2026-03-10 14:37:00,Tuesday,14,208.1,91.3,obstacle_medium,navigation
2026-03-10 14:37:30,Tuesday,14,204.2,91.3,obstacle_medium,indoor_assist
2026-03-10 14:38:00,Tuesday,14,179.2,91.3,low_battery,navigation
2026-03-10 14:38:30,Tuesday,14,190.4,91.3,none,navigation
2026-03-10 14:39:00,Tuesday,14,190.0,91.2,obstacle_medium,navigation
2026-03-10 14:39:30,Tuesday,14,184.0,91.2,obstacle_medium,standby
2026-03-10 14:40:00,Tuesday,14,188.2,91.2,none,indoor_assist
2026-03-10 14:40:30,Tuesday,14,238.1,91.2,none,navigation
2026-03-10 14:41:00,Tuesday,14,259.4,91.2,obstacle_medium,navigation
2026-03-10 14:41:30,Tuesday,14,187.4,91.1,none,indoor_assist
2026-03-10 14:42:00,Tuesday,14,209.8,91.1,none,navigation
2026-03-10 14:42:30,Tuesday,14,189.7,91.1,obstacle_medium,navigation
2026-03-10 14:43:00,Tuesday,14,154.4,91.1,none,standby
2026-03-10 14:43:30,Tuesday,14,206.6,91.1,none,navigation
2026-03-10 14:44:00,Tuesday,14,140.4,91.0,none,indoor_assist
2026-03-10 14:44:30,Tuesday,14,145.1,91.0,none,navigation
2026-03-10 14:45:00,Tuesday,14,195.0,91.0,obstacle_near,navigation
2026-03-10 14:45:30,Tuesday,14,214.7,91.0,obstacle_near,standby
2026-03-10 14:46:00,Tuesday,14,213.0,91.0,none,indoor_assist
2026-03-10 14:46:30,Tuesday,14,184.1,90.9,none,indoor_assist
2026-03-10 14:47:00,Tuesday,14,204.9,90.9,none,navigation
2026-03-10 14:47:30,Tuesday,14,181.1,90.9,none,navigation
2026-03-10 14:48:00,Tuesday,14,208.7,90.9,none,standby
2026-03-10 14:48:30,Tuesday,14,214.9,90.9,none,standby
2026-03-10 14:49:00,Tuesday,14,182.7,90.8,none,indoor_assist
2026-03-10 14:49:30,Tuesday,14,189.7,90.8,obstacle_near,navigation
2026-03-10 14:50:00,Tuesday,14,167.6,90.8,none,indoor_assist
2026-03-10 14:50:30,Tuesday,14,165.4,90.8,none,indoor_assist
2026-03-10 14:51:00,Tuesday,14,176.6,90.8,none,navigation
2026-03-10 14:51:30,Tuesday,14,191.7,90.7,none,indoor_assist
2026-03-10 14:52:00,Tuesday,14,176.1,90.7,none,indoor_assist
2026-03-10 14:52:30,Tuesday,14,150.2,90.7,none,navigation
2026-03-10 14:53:00,Tuesday,14,195.6,90.7,none,navigation
2026-03-10 14:53:30,Tuesday,14,210.0,90.7,none,navigation
2026-03-10 14:54:00,Tuesday,14,225.7,90.6,none,navigation
2026-03-10 14:54:30,Tuesday,14,189.6,90.6,low_battery,navigation
2026-03-10 14:55:00,Tuesday,14,187.9,90.6,obstacle_medium,standby
2026-03-10 14:55:30,Tuesday,14,218.1,90.6,none,indoor_assist
2026-03-10 14:56:00,Tuesday,14,224.1,90.6,obstacle_medium,navigation
2026-03-10 14:56:30,Tuesday,14,163.3,90.5,none,standby
2026-03-10 14:57:00,Tuesday,14,222.4,90.5,none,indoor_assist
2026-03-10 14:57:30,Tuesday,14,161.1,90.5,none,indoor_assist
2026-03-10 14:58:00,Tuesday,14,182.4,90.5,none,indoor_assist
2026-03-10 14:58:30,Tuesday,14,183.1,90.5,obstacle_medium,navigation
2026-03-10 14:59:00,Tuesday,14,189.1,90.4,none,standby
2026-03-10 14:59:30,Tuesday,14,191.5,90.4,none,navigation
2026-03-10 15:00:00,Tuesday,15,205.5,90.4,none,navigation
2026-03-10 15:00:30,Tuesday,15,201.7,90.4,obstacle_medium,indoor_assist
2026-03-10 15:01:00,Tuesday,15,206.0,90.4,obstacle_near,navigation
2026-03-10 15:01:30,Tuesday,15,195.3,90.3,none,navigation
2026-03-10 15:02:00,Tuesday,15,203.8,90.3,none,navigation
2026-03-10 15:02:30,Tuesday,15,222.9,90.3,obstacle_near,standby
2026-03-10 15:03:00,Tuesday,15,198.1,90.3,none,indoor_assist
2026-03-10 15:03:30,Tuesday,15,217.1,90.3,none,indoor_assist
2026-03-10 15:04:00,Tuesday,15,228.8,90.2,none,indoor_assist
2026-03-10 15:04:30,Tuesday,15,185.7,90.2,obstacle_medium,navigation
2026-03-10 15:05:00,Tuesday,15,159.8,90.2,none,indoor_assist
2026-03-10 15:05:30,Tuesday,15,166.5,90.2,obstacle_near,navigation
2026-03-10 15:06:00,Tuesday,15,158.4,90.2,none,navigation
2026-03-10 15:06:30,Tuesday,15,155.8,90.1,low_battery,navigation
2026-03-10 15:07:00,Tuesday,15,151.3,90.1,obstacle_medium,indoor_assist
2026-03-10 15:07:30,Tuesday,15,198.2,90.1,none,navigation
2026-03-10 15:08:00,Tuesday,15,218.7,90.1,none,indoor_assist
2026-03-10 15:08:30,Tuesday,15,173.7,90.1,fall_detected,indoor_assist
2026-03-10 15:09:00,Tuesday,15,180.7,90.0,obstacle_medium,navigation
2026-03-10 15:09:30,Tuesday,15,229.9,90.0,none,navigation
2026-03-10 15:10:00,Tuesday,15,191.2,90.0,none,navigation
2026-03-10 15:10:30,Tuesday,15,185.2,90.0,obstacle_medium,indoor_assist
2026-03-10 15:11:00,Tuesday,15,173.7,90.0,none,standby
2026-03-10 15:11:30,Tuesday,15,215.9,89.9,none,navigation
2026-03-10 15:12:00,Tuesday,15,216.5,89.9,obstacle_near,indoor_assist
2026-03-10 15:12:30,Tuesday,15,203.1,89.9,none,navigation
2026-03-10 15:13:00,Tuesday,15,166.3,89.9,obstacle_medium,navigation
2026-03-10 15:13:30,Tuesday,15,278.1,89.9,none,indoor_assist
2026-03-10 15:14:00,Tuesday,15,159.2,89.8,obstacle_near,indoor_assist
2026-03-10 15:14:30,Tuesday,15,149.7,89.8,none,indoor_assist
2026-03-10 15:15:00,Tuesday,15,175.1,89.8,none,indoor_assist
2026-03-10 15:15:30,Tuesday,15,196.9,89.8,none,navigation
2026-03-10 15:16:00,Tuesday,15,197.0,89.8,obstacle_near,navigation
2026-03-10 15:16:30,Tuesday,15,134.4,89.7,none,standby
2026-03-10 15:17:00,Tuesday,15,190.0,89.7,obstacle_medium,indoor_assist
2026-03-10 15:17:30,Tuesday,15,169.0,89.7,none,indoor_assist
2026-03-10 15:18:00,Tuesday,15,179.7,89.7,none,navigation
2026-03-10 15:18:30,Tuesday,15,140.7,89.7,obstacle_medium,navigation
2026-03-10 15:19:00,Tuesday,15,226.3,89.6,none,indoor_assist
2026-03-10 15:19:30,Tuesday,15,206.2,89.6,obstacle_medium,standby
2026-03-10 15:20:00,Tuesday,15,197.2,89.6,none,indoor_assist
2026-03-10 15:20:30,Tuesday,15,212.9,89.6,none,navigation
2026-03-10 15:21:00,Tuesday,15,252.7,89.6,none,navigation
2026-03-10 15:21:30,Tuesday,15,209.3,89.5,none,indoor_assist
2026-03-10 15:22:00,Tuesday,15,214.5,89.5,obstacle_near,navigation
2026-03-10 15:22:30,Tuesday,15,198.8,89.5,none,navigation
2026-03-10 15:23:00,Tuesday,15,241.6,89.5,obstacle_medium,navigation
2026-03-10 15:23:30,Tuesday,15,212.9,89.5,none,navigation
2026-03-10 15:24:00,Tuesday,15,254.0,89.4,none,indoor_assist
2026-03-10 15:24:30,Tuesday,15,194.2,89.4,none,indoor_assist
2026-03-10 15:25:00,Tuesday,15,160.5,89.4,none,navigation
2026-03-10 15:25:30,Tuesday,15,191.6,89.4,none,indoor_assist
2026-03-10 15:26:00,Tuesday,15,177.8,89.4,none,navigation
2026-03-10 15:26:30,Tuesday,15,158.0,89.3,none,indoor_assist
2026-03-10 15:27:00,Tuesday,15,212.6,89.3,obstacle_medium,indoor_assist
2026-03-10 15:27:30,Tuesday,15,174.5,89.3,none,navigation
2026-03-10 15:28:00,Tuesday,15,258.1,89.3,none,navigation
2026-03-10 15:28:30,Tuesday,15,223.9,89.3,none,indoor_assist
2026-03-10 15:29:00,Tuesday,15,169.1,89.2,none,navigation
2026-03-10 15:29:30,Tuesday,15,180.9,89.2,none,navigation
2026-03-10 15:30:00,Tuesday,15,135.5,89.2,none,standby
2026-03-10 15:30:30,Tuesday,15,225.5,89.2,none,navigation
2026-03-10 15:31:00,Tuesday,15,233.0,89.2,obstacle_medium,indoor_assist
2026-03-10 15:31:30,Tuesday,15,233.9,89.1,none,navigation
2026-03-10 15:32:00,Tuesday,15,207.9,89.1,none,standby
2026-03-10 15:32:30,Tuesday,15,233.0,89.1,none,standby
2026-03-10 15:33:00,Tuesday,15,175.3,89.1,obstacle_medium,indoor_assist
2026-03-10 15:33:30,Tuesday,15,181.7,89.1,obstacle_near,navigation
2026-03-10 15:34:00,Tuesday,15,136.3,89.0,none,navigation
2026-03-10 15:34:30,Tuesday,15,266.6,89.0,none,navigation
2026-03-10 15:35:00,Tuesday,15,192.0,89.0,none,standby
2026-03-10 15:35:30,Tuesday,15,194.9,89.0,obstacle_medium,indoor_assist
2026-03-10 15:36:00,Tuesday,15,184.7,89.0,none,standby
2026-03-10 15:36:30,Tuesday,15,201.1,88.9,none,indoor_assist
2026-03-10 15:37:00,Tuesday,15,141.0,88.9,none,navigation
2026-03-10 15:37:30,Tuesday,15,174.1,88.9,none,indoor_assist
2026-03-10 15:38:00,Tuesday,15,202.7,88.9,none,navigation
2026-03-10 15:38:30,Tuesday,15,164.5,88.9,none,standby
2026-03-10 15:39:00,Tuesday,15,175.5,88.8,none,navigation
2026-03-10 15:39:30,Tuesday,15,247.9,88.8,fall_detected,navigation
2026-03-10 15:40:00,Tuesday,15,126.9,88.8,none,indoor_assist
2026-03-10 15:40:30,Tuesday,15,180.8,88.8,none,standby
2026-03-10 15:41:00,Tuesday,15,189.6,88.8,none,indoor_assist
2026-03-10 15:41:30,Tuesday,15,162.3,88.7,none,navigation
2026-03-10 15:42:00,Tuesday,15,181.7,88.7,none,indoor_assist
2026-03-10 15:42:30,Tuesday,15,192.9,88.7,obstacle_near,indoor_assist
2026-03-10 15:43:00,Tuesday,15,212.7,88.7,none,navigation
2026-03-10 15:43:30,Tuesday,15,231.7,88.7,none,navigation
2026-03-10 15:44:00,Tuesday,15,252.4,88.6,fall_detected,indoor_assist
2026-03-10 15:44:30,Tuesday,15,206.3,88.6,none,navigation
2026-03-10 15:45:00,Tuesday,15,214.4,88.6,none,navigation
2026-03-10 15:45:30,Tuesday,15,161.6,88.6,none,navigation
2026-03-10 15:46:00,Tuesday,15,171.3,88.6,none,navigation
2026-03-10 15:46:30,Tuesday,15,212.0,88.5,low_battery,navigation
2026-03-10 15:47:00,Tuesday,15,214.8,88.5,obstacle_medium,navigation
2026-03-10 15:47:30,Tuesday,15,210.6,88.5,obstacle_medium,navigation
2026-03-10 15:48:00,Tuesday,15,184.7,88.5,none,navigation
2026-03-10 15:48:30,Tuesday,15,210.0,88.5,obstacle_near,navigation
2026-03-10 15:49:00,Tuesday,15,179.7,88.4,none,navigation
2026-03-10 15:49:30,Tuesday,15,216.8,88.4,none,indoor_assist
2026-03-10 15:50:00,Tuesday,15,214.6,88.4,none,indoor_assist
2026-03-10 15:50:30,Tuesday,15,213.9,88.4,none,indoor_assist
2026-03-10 15:51:00,Tuesday,15,188.9,88.4,obstacle_near,navigation
2026-03-10 15:51:30,Tuesday,15,209.8,88.3,none,navigation
2026-03-10 15:52:00,Tuesday,15,181.7,88.3,none,navigation
2026-03-10 15:52:30,Tuesday,15,212.0,88.3,none,indoor_assist
2026-03-10 15:53:00,Tuesday,15,200.9,88.3,none,navigation
2026-03-10 15:53:30,Tuesday,15,238.2,88.3,none,navigation
2026-03-10 15:54:00,Tuesday,15,186.7,88.2,none,navigation
2026-03-10 15:54:30,Tuesday,15,184.8,88.2,none,indoor_assist
2026-03-10 15:55:00,Tuesday,15,169.4,88.2,none,navigation
2026-03-10 15:55:30,Tuesday,15,192.6,88.2,obstacle_near,navigation
2026-03-10 15:56:00,Tuesday,15,211.9,88.2,none,navigation
2026-03-10 15:56:30,Tuesday,15,178.2,88.1,none,navigation
2026-03-10 15:57:00,Tuesday,15,153.1,88.1,none,navigation
2026-03-10 15:57:30,Tuesday,15,166.9,88.1,none,indoor_assist
2026-03-10 15:58:00,Tuesday,15,190.9,88.1,none,indoor_assist
2026-03-10 15:58:30,Tuesday,15,199.4,88.1,none,navigation
2026-03-10 15:59:00,Tuesday,15,211.8,88.0,none,navigation
2026-03-10 15:59:30,Tuesday,15,211.5,88.0,none,indoor_assist
2026-03-10 16:00:00,Tuesday,16,145.3,100.0,none,navigation
2026-03-10 16:00:30,Tuesday,16,113.1,100.0,low_battery,indoor_assist
2026-03-10 16:01:00,Tuesday,16,98.4,100.0,none,navigation
2026-03-10 16:01:30,Tuesday,16,126.6,99.9,none,indoor_assist
2026-03-10 16:02:00,Tuesday,16,165.8,99.9,none,navigation
2026-03-10 16:02:30,Tuesday,16,124.6,99.9,none,standby
2026-03-10 16:03:00,Tuesday,16,105.5,99.9,none,indoor_assist
2026-03-10 16:03:30,Tuesday,16,92.6,99.9,none,indoor_assist
2026-03-10 16:04:00,Tuesday,16,130.1,99.8,obstacle_near,navigation
2026-03-10 16:04:30,Tuesday,16,77.8,99.8,obstacle_medium,indoor_assist
2026-03-10 16:05:00,Tuesday,16,106.9,99.8,none,indoor_assist
2026-03-10 16:05:30,Tuesday,16,95.3,99.8,none,navigation
2026-03-10 16:06:00,Tuesday,16,125.2,99.8,obstacle_near,navigation
2026-03-10 16:06:30,Tuesday,16,73.9,99.7,obstacle_medium,navigation
2026-03-10 16:07:00,Tuesday,16,121.1,99.7,low_battery,standby
2026-03-10 16:07:30,Tuesday,16,125.9,99.7,none,navigation
2026-03-10 16:08:00,Tuesday,16,100.7,99.7,none,navigation
2026-03-10 16:08:30,Tuesday,16,103.3,99.7,none,navigation
2026-03-10 16:09:00,Tuesday,16,107.5,99.6,none,navigation
2026-03-10 16:09:30,Tuesday,16,183.8,99.6,obstacle_medium,indoor_assist
2026-03-10 16:10:00,Tuesday,16,71.9,99.6,obstacle_medium,navigation
2026-03-10 16:10:30,Tuesday,16,156.8,99.6,none,indoor_assist
2026-03-10 16:11:00,Tuesday,16,78.4,99.6,obstacle_medium,navigation
2026-03-10 16:11:30,Tuesday,16,101.8,99.5,obstacle_medium,navigation
2026-03-10 16:12:00,Tuesday,16,117.6,99.5,obstacle_medium,indoor_assist
2026-03-10 16:12:30,Tuesday,16,158.9,99.5,none,navigation
2026-03-10 16:13:00,Tuesday,16,79.3,99.5,obstacle_medium,indoor_assist
2026-03-10 16:13:30,Tuesday,16,36.2,99.5,obstacle_medium,indoor_assist
2026-03-10 16:14:00,Tuesday,16,52.2,99.4,obstacle_medium,standby
2026-03-10 16:14:30,Tuesday,16,140.2,99.4,obstacle_near,standby
2026-03-10 16:15:00,Tuesday,16,30.8,99.4,obstacle_medium,indoor_assist
2026-03-10 16:15:30,Tuesday,16,160.2,99.4,none,navigation
2026-03-10 16:16:00,Tuesday,16,123.5,99.4,obstacle_medium,navigation
2026-03-10 16:16:30,Tuesday,16,57.9,99.3,obstacle_medium,navigation
2026-03-10 16:17:00,Tuesday,16,139.7,99.3,obstacle_medium,indoor_assist
2026-03-10 16:17:30,Tuesday,16,120.6,99.3,obstacle_near,indoor_assist
2026-03-10 16:18:00,Tuesday,16,151.2,99.3,obstacle_near,navigation
2026-03-10 16:18:30,Tuesday,16,115.7,99.3,obstacle_medium,navigation
2026-03-10 16:19:00,Tuesday,16,110.5,99.2,none,indoor_assist
2026-03-10 16:19:30,Tuesday,16,110.4,99.2,none,indoor_assist
2026-03-10 16:20:00,Tuesday,16,108.5,99.2,obstacle_medium,navigation
2026-03-10 16:20:30,Tuesday,16,139.7,99.2,none,navigation
2026-03-10 16:21:00,Tuesday,16,93.3,99.2,none,indoor_assist
2026-03-10 16:21:30,Tuesday,16,166.1,99.1,none,indoor_assist
2026-03-10 16:22:00,Tuesday,16,92.2,99.1,obstacle_medium,navigation
2026-03-10 16:22:30,Tuesday,16,92.0,99.1,obstacle_near,navigation
2026-03-10 16:23:00,Tuesday,16,126.3,99.1,obstacle_medium,standby
2026-03-10 16:23:30,Tuesday,16,111.0,99.1,none,navigation
2026-03-10 16:24:00,Tuesday,16,112.2,99.0,none,indoor_assist
2026-03-10 16:24:30,Tuesday,16,112.1,99.0,low_battery,navigation
2026-03-10 16:25:00,Tuesday,16,161.3,99.0,fall_detected,indoor_assist
2026-03-10 16:25:30,Tuesday,16,148.4,99.0,none,navigation
2026-03-10 16:26:00,Tuesday,16,80.2,99.0,none,indoor_assist
2026-03-10 16:26:30,Tuesday,16,155.6,98.9,none,standby
2026-03-10 16:27:00,Tuesday,16,126.8,98.9,none,navigation
2026-03-10 16:27:30,Tuesday,16,87.7,98.9,obstacle_medium,indoor_assist
2026-03-10 16:28:00,Tuesday,16,168.3,98.9,obstacle_medium,indoor_assist
2026-03-10 16:28:30,Tuesday,16,141.8,98.9,none,navigation
2026-03-10 16:29:00,Tuesday,16,77.6,98.8,obstacle_medium,navigation
2026-03-10 16:29:30,Tuesday,16,142.9,98.8,none,navigation
2026-03-10 16:30:00,Tuesday,16,107.9,98.8,none,indoor_assist
2026-03-10 16:30:30,Tuesday,16,149.7,98.8,none,standby
2026-03-10 16:31:00,Tuesday,16,122.7,98.8,none,navigation
2026-03-10 16:31:30,Tuesday,16,103.3,98.7,none,navigation
2026-03-10 16:32:00,Tuesday,16,81.3,98.7,obstacle_near,indoor_assist
2026-03-10 16:32:30,Tuesday,16,96.6,98.7,none,standby
2026-03-10 16:33:00,Tuesday,16,102.5,98.7,obstacle_medium,standby
2026-03-10 16:33:30,Tuesday,16,129.3,98.7,none,navigation
2026-03-10 16:34:00,Tuesday,16,97.2,98.6,none,indoor_assist
2026-03-10 16:34:30,Tuesday,16,79.8,98.6,obstacle_medium,indoor_assist
2026-03-10 16:35:00,Tuesday,16,160.4,98.6,none,navigation
2026-03-10 16:35:30,Tuesday,16,110.5,98.6,none,indoor_assist
2026-03-10 16:36:00,Tuesday,16,140.4,98.6,obstacle_near,navigation
2026-03-10 16:36:30,Tuesday,16,125.5,98.5,fall_detected,indoor_assist
2026-03-10 16:37:00,Tuesday,16,123.4,98.5,none,navigation
2026-03-10 16:37:30,Tuesday,16,168.7,98.5,none,navigation
2026-03-10 16:38:00,Tuesday,16,156.5,98.5,none,navigation
2026-03-10 16:38:30,Tuesday,16,203.3,98.5,obstacle_near,navigation
2026-03-10 16:39:00,Tuesday,16,115.0,98.4,none,indoor_assist
2026-03-10 16:39:30,Tuesday,16,139.1,98.4,obstacle_near,navigation
2026-03-10 16:40:00,Tuesday,16,126.0,98.4,none,indoor_assist
2026-03-10 16:40:30,Tuesday,16,137.6,98.4,none,indoor_assist
2026-03-10 16:41:00,Tuesday,16,122.7,98.4,none,standby
2026-03-10 16:41:30,Tuesday,16,125.6,98.3,obstacle_near,indoor_assist
2026-03-10 16:42:00,Tuesday,16,81.8,98.3,obstacle_medium,standby
2026-03-10 16:42:30,Tuesday,16,156.4,98.3,none,navigation
2026-03-10 16:43:00,Tuesday,16,136.1,98.3,none,standby
2026-03-10 16:43:30,Tuesday,16,78.9,98.3,obstacle_medium,standby
2026-03-10 16:44:00,Tuesday,16,128.0,98.2,obstacle_medium,standby
2026-03-10 16:44:30,Tuesday,16,112.4,98.2,none,navigation
2026-03-10 16:45:00,Tuesday,16,99.1,98.2,none,standby
2026-03-10 16:45:30,Tuesday,16,140.1,98.2,fall_detected,navigation
2026-03-10 16:46:00,Tuesday,16,105.5,98.2,none,indoor_assist
2026-03-10 16:46:30,Tuesday,16,107.1,98.1,none,navigation
2026-03-10 16:47:00,Tuesday,16,137.2,98.1,none,standby
2026-03-10 16:47:30,Tuesday,16,61.6,98.1,obstacle_medium,navigation
2026-03-10 16:48:00,Tuesday,16,149.5,98.1,none,navigation
2026-03-10 16:48:30,Tuesday,16,136.6,98.1,none,indoor_assist
2026-03-10 16:49:00,Tuesday,16,98.1,98.0,none,navigation
2026-03-10 16:49:30,Tuesday,16,91.7,98.0,none,navigation
2026-03-10 16:50:00,Tuesday,16,103.7,98.0,none,navigation
2026-03-10 16:50:30,Tuesday,16,75.3,98.0,obstacle_medium,standby
2026-03-10 16:51:00,Tuesday,16,112.9,98.0,obstacle_medium,navigation
2026-03-10 16:51:30,Tuesday,16,115.9,97.9,none,navigation
2026-03-10 16:52:00,Tuesday,16,98.3,97.9,none,standby
2026-03-10 16:52:30,Tuesday,16,179.0,97.9,none,indoor_assist
2026-03-10 16:53:00,Tuesday,16,128.4,97.9,none,navigation
2026-03-10 16:53:30,Tuesday,16,129.4,97.9,none,navigation
2026-03-10 16:54:00,Tuesday,16,97.1,97.8,none,navigation
2026-03-10 16:54:30,Tuesday,16,98.2,97.8,none,navigation
2026-03-10 16:55:00,Tuesday,16,106.0,97.8,fall_detected,indoor_assist
2026-03-10 16:55:30,Tuesday,16,132.7,97.8,none,navigation
2026-03-10 16:56:00,Tuesday,16,139.8,97.8,none,indoor_assist
2026-03-10 16:56:30,Tuesday,16,89.9,97.7,none,navigation
2026-03-10 16:57:00,Tuesday,16,127.6,97.7,obstacle_medium,navigation
2026-03-10 16:57:30,Tuesday,16,123.6,97.7,none,navigation
2026-03-10 16:58:00,Tuesday,16,138.2,97.7,low_battery,indoor_assist
2026-03-10 16:58:30,Tuesday,16,78.3,97.7,obstacle_medium,standby
2026-03-10 16:59:00,Tuesday,16,120.7,97.6,none,navigation
2026-03-10 16:59:30,Tuesday,16,70.8,97.6,obstacle_medium,indoor_assist
2026-03-10 17:00:00,Tuesday,17,126.3,97.6,none,indoor_assist
2026-03-10 17:00:30,Tuesday,17,90.1,97.6,none,navigation
2026-03-10 17:01:00,Tuesday,17,69.4,97.6,obstacle_medium,navigation
2026-03-10 17:01:30,Tuesday,17,116.0,97.5,obstacle_medium,indoor_assist
2026-03-10 17:02:00,Tuesday,17,84.3,97.5,none,indoor_assist
2026-03-10 17:02:30,Tuesday,17,125.8,97.5,none,navigation
2026-03-10 17:03:00,Tuesday,17,126.8,97.5,obstacle_medium,indoor_assist
2026-03-10 17:03:30,Tuesday,17,94.9,97.5,none,navigation
2026-03-10 17:04:00,Tuesday,17,83.5,97.4,none,indoor_assist
2026-03-10 17:04:30,Tuesday,17,131.9,97.4,obstacle_medium,standby
2026-03-10 17:05:00,Tuesday,17,174.6,97.4,none,navigation
2026-03-10 17:05:30,Tuesday,17,123.3,97.4,none,indoor_assist
2026-03-10 17:06:00,Tuesday,17,77.2,97.4,obstacle_medium,navigation
2026-03-10 17:06:30,Tuesday,17,149.7,97.3,obstacle_near,indoor_assist
2026-03-10 17:07:00,Tuesday,17,135.3,97.3,none,navigation
2026-03-10 17:07:30,Tuesday,17,111.9,97.3,none,indoor_assist
2026-03-10 17:08:00,Tuesday,17,73.1,97.3,obstacle_medium,navigation
2026-03-10 17:08:30,Tuesday,17,82.2,97.3,none,indoor_assist
2026-03-10 17:09:00,Tuesday,17,125.4,97.2,none,navigation
2026-03-10 17:09:30,Tuesday,17,133.3,97.2,none,navigation
2026-03-10 17:10:00,Tuesday,17,150.2,97.2,obstacle_near,indoor_assist
2026-03-10 17:10:30,Tuesday,17,143.2,97.2,none,navigation
2026-03-10 17:11:00,Tuesday,17,189.8,97.2,low_battery,navigation
2026-03-10 17:11:30,Tuesday,17,152.6,97.1,none,navigation
2026-03-10 17:12:00,Tuesday,17,153.9,97.1,obstacle_medium,standby
2026-03-10 17:12:30,Tuesday,17,132.8,97.1,none,navigation
2026-03-10 17:13:00,Tuesday,17,148.6,97.1,none,navigation
2026-03-10 17:13:30,Tuesday,17,143.8,97.1,none,standby
2026-03-10 17:14:00,Tuesday,17,133.9,97.0,none,indoor_assist
2026-03-10 17:14:30,Tuesday,17,134.8,97.0,none,indoor_assist
2026-03-10 17:15:00,Tuesday,17,157.0,97.0,none,indoor_assist
2026-03-10 17:15:30,Tuesday,17,105.1,97.0,low_battery,navigation
2026-03-10 17:16:00,Tuesday,17,126.8,97.0,none,indoor_assist
2026-03-10 17:16:30,Tuesday,17,128.5,96.9,none,standby
2026-03-10 17:17:00,Tuesday,17,144.2,96.9,none,indoor_assist
2026-03-10 17:17:30,Tuesday,17,97.1,96.9,low_battery,standby
2026-03-10 17:18:00,Tuesday,17,75.2,96.9,obstacle_medium,navigation
2026-03-10 17:18:30,Tuesday,17,132.6,96.9,none,indoor_assist
2026-03-10 17:19:00,Tuesday,17,130.3,96.8,none,indoor_assist
2026-03-10 17:19:30,Tuesday,17,140.2,96.8,none,standby
2026-03-10 17:20:00,Tuesday,17,135.8,96.8,none,standby
2026-03-10 17:20:30,Tuesday,17,155.5,96.8,fall_detected,standby
2026-03-10 17:21:00,Tuesday,17,113.7,96.8,low_battery,standby
2026-03-10 17:21:30,Tuesday,17,161.7,96.7,none,indoor_assist
2026-03-10 17:22:00,Tuesday,17,127.1,96.7,none,indoor_assist
2026-03-10 17:22:30,Tuesday,17,154.3,96.7,none,navigation
2026-03-10 17:23:00,Tuesday,17,160.4,96.7,none,navigation
2026-03-10 17:23:30,Tuesday,17,151.4,96.7,low_battery,indoor_assist
2026-03-10 17:24:00,Tuesday,17,108.6,96.6,none,indoor_assist
2026-03-10 17:24:30,Tuesday,17,122.8,96.6,none,indoor_assist
2026-03-10 17:25:00,Tuesday,17,138.6,96.6,obstacle_near,navigation
2026-03-10 17:25:30,Tuesday,17,96.3,96.6,none,navigation
2026-03-10 17:26:00,Tuesday,17,119.7,96.6,obstacle_near,indoor_assist
2026-03-10 17:26:30,Tuesday,17,85.5,96.5,fall_detected,standby
2026-03-10 17:27:00,Tuesday,17,155.4,96.5,none,navigation
2026-03-10 17:27:30,Tuesday,17,162.9,96.5,obstacle_near,navigation
2026-03-10 17:28:00,Tuesday,17,109.8,96.5,none,navigation
2026-03-10 17:28:30,Tuesday,17,155.7,96.5,none,indoor_assist
2026-03-10 17:29:00,Tuesday,17,136.1,96.4,obstacle_medium,navigation
2026-03-10 17:29:30,Tuesday,17,143.2,96.4,none,navigation
2026-03-10 17:30:00,Tuesday,17,101.2,96.4,none,indoor_assist
2026-03-10 17:30:30,Tuesday,17,66.1,96.4,obstacle_medium,standby
2026-03-10 17:31:00,Tuesday,17,100.1,96.4,obstacle_near,navigation
2026-03-10 17:31:30,Tuesday,17,136.3,96.3,none,indoor_assist
2026-03-10 17:32:00,Tuesday,17,146.2,96.3,fall_detected,navigation
2026-03-10 17:32:30,Tuesday,17,107.4,96.3,none,standby
2026-03-10 17:33:00,Tuesday,17,109.8,96.3,none,navigation
2026-03-10 17:33:30,Tuesday,17,136.7,96.3,none,indoor_assist
2026-03-10 17:34:00,Tuesday,17,128.8,96.2,obstacle_medium,navigation
2026-03-10 17:34:30,Tuesday,17,104.1,96.2,obstacle_medium,navigation
2026-03-10 17:35:00,Tuesday,17,102.0,96.2,obstacle_medium,indoor_assist
2026-03-10 17:35:30,Tuesday,17,112.6,96.2,none,navigation
2026-03-10 17:36:00,Tuesday,17,126.4,96.2,obstacle_medium,navigation
2026-03-10 17:36:30,Tuesday,17,147.4,96.1,none,navigation
2026-03-10 17:37:00,Tuesday,17,109.3,96.1,none,indoor_assist
2026-03-10 17:37:30,Tuesday,17,122.8,96.1,none,navigation
2026-03-10 17:38:00,Tuesday,17,125.0,96.1,none,standby
2026-03-10 17:38:30,Tuesday,17,144.9,96.1,obstacle_medium,indoor_assist
2026-03-10 17:39:00,Tuesday,17,178.4,96.0,obstacle_medium,standby
2026-03-10 17:39:30,Tuesday,17,116.5,96.0,none,standby
2026-03-10 17:40:00,Tuesday,17,105.1,96.0,none,indoor_assist
2026-03-10 17:40:30,Tuesday,17,77.4,96.0,obstacle_medium,indoor_assist
2026-03-10 17:41:00,Tuesday,17,139.6,96.0,none,navigation
2026-03-10 17:41:30,Tuesday,17,102.5,95.9,none,indoor_assist
2026-03-10 17:42:00,Tuesday,17,94.7,95.9,none,navigation
2026-03-10 17:42:30,Tuesday,17,105.0,95.9,none,standby
2026-03-10 17:43:00,Tuesday,17,124.5,95.9,none,navigation
2026-03-10 17:43:30,Tuesday,17,161.3,95.9,none,indoor_assist
2026-03-10 17:44:00,Tuesday,17,112.3,95.8,none,navigation
2026-03-10 17:44:30,Tuesday,17,112.8,95.8,obstacle_medium,navigation
2026-03-10 17:45:00,Tuesday,17,186.1,95.8,none,standby
2026-03-10 17:45:30,Tuesday,17,136.0,95.8,none,navigation
2026-03-10 17:46:00,Tuesday,17,112.4,95.8,none,indoor_assist
2026-03-10 17:46:30,Tuesday,17,162.4,95.7,none,indoor_assist
2026-03-10 17:47:00,Tuesday,17,118.4,95.7,none,navigation
2026-03-10 17:47:30,Tuesday,17,126.4,95.7,fall_detected,indoor_assist
2026-03-10 17:48:00,Tuesday,17,157.0,95.7,fall_detected,indoor_assist
2026-03-10 17:48:30,Tuesday,17,95.4,95.7,none,indoor_assist
2026-03-10 17:49:00,Tuesday,17,100.6,95.6,none,navigation
2026-03-10 17:49:30,Tuesday,17,137.9,95.6,none,navigation
2026-03-10 17:50:00,Tuesday,17,135.1,95.6,obstacle_medium,navigation
2026-03-10 17:50:30,Tuesday,17,159.8,95.6,obstacle_medium,indoor_assist
2026-03-10 17:51:00,Tuesday,17,154.0,95.6,fall_detected,navigation
2026-03-10 17:51:30,Tuesday,17,59.3,95.5,obstacle_medium,navigation
2026-03-10 17:52:00,Tuesday,17,116.0,95.5,obstacle_medium,navigation
2026-03-10 17:52:30,Tuesday,17,97.9,95.5,low_battery,navigation
2026-03-10 17:53:00,Tuesday,17,104.3,95.5,none,navigation
2026-03-10 17:53:30,Tuesday,17,102.0,95.5,none,navigation
2026-03-10 17:54:00,Tuesday,17,136.0,95.4,none,indoor_assist
2026-03-10 17:54:30,Tuesday,17,148.1,95.4,none,indoor_assist
2026-03-10 17:55:00,Tuesday,17,121.6,95.4,none,standby
2026-03-10 17:55:30,Tuesday,17,114.2,95.4,none,standby
2026-03-10 17:56:00,Tuesday,17,105.7,95.4,none,navigation
2026-03-10 17:56:30,Tuesday,17,110.3,95.3,none,navigation
2026-03-10 17:57:00,Tuesday,17,91.0,95.3,obstacle_near,navigation
2026-03-10 17:57:30,Tuesday,17,148.9,95.3,none,navigation
2026-03-10 17:58:00,Tuesday,17,121.8,95.3,none,indoor_assist
2026-03-10 17:58:30,Tuesday,17,124.5,95.3,none,standby
2026-03-10 17:59:00,Tuesday,17,194.1,95.2,none,navigation
2026-03-10 17:59:30,Tuesday,17,90.8,95.2,none,indoor_assist
2026-03-10 18:00:00,Tuesday,18,112.9,95.2,none,navigation
2026-03-10 18:00:30,Tuesday,18,124.6,95.2,none,navigation
2026-03-10 18:01:00,Tuesday,18,98.8,95.2,none,indoor_assist
2026-03-10 18:01:30,Tuesday,18,129.0,95.1,none,navigation
2026-03-10 18:02:00,Tuesday,18,102.5,95.1,none,standby
2026-03-10 18:02:30,Tuesday,18,77.1,95.1,obstacle_medium,navigation
2026-03-10 18:03:00,Tuesday,18,173.7,95.1,none,indoor_assist
2026-03-10 18:03:30,Tuesday,18,131.8,95.1,none,indoor_assist
2026-03-10 18:04:00,Tuesday,18,117.6,95.0,none,navigation
2026-03-10 18:04:30,Tuesday,18,153.0,95.0,none,standby
2026-03-10 18:05:00,Tuesday,18,122.6,95.0,none,indoor_assist
2026-03-10 18:05:30,Tuesday,18,116.0,95.0,none,navigation
2026-03-10 18:06:00,Tuesday,18,64.7,95.0,obstacle_medium,navigation
2026-03-10 18:06:30,Tuesday,18,86.8,94.9,none,indoor_assist
2026-03-10 18:07:00,Tuesday,18,119.5,94.9,none,indoor_assist
2026-03-10 18:07:30,Tuesday,18,145.4,94.9,none,navigation
2026-03-10 18:08:00,Tuesday,18,67.9,94.9,obstacle_medium,navigation
2026-03-10 18:08:30,Tuesday,18,152.3,94.9,none,indoor_assist
2026-03-10 18:09:00,Tuesday,18,110.7,94.8,none,standby
2026-03-10 18:09:30,Tuesday,18,133.8,94.8,none,navigation
2026-03-10 18:10:00,Tuesday,18,175.1,94.8,obstacle_near,navigation
2026-03-10 18:10:30,Tuesday,18,115.5,94.8,none,indoor_assist
2026-03-10 18:11:00,Tuesday,18,92.5,94.8,obstacle_medium,navigation
2026-03-10 18:11:30,Tuesday,18,79.8,94.7,obstacle_medium,navigation
2026-03-10 18:12:00,Tuesday,18,150.3,94.7,none,indoor_assist
2026-03-10 18:12:30,Tuesday,18,186.5,94.7,obstacle_medium,navigation
2026-03-10 18:13:00,Tuesday,18,140.8,94.7,low_battery,standby
2026-03-10 18:13:30,Tuesday,18,166.2,94.7,none,indoor_assist
2026-03-10 18:14:00,Tuesday,18,77.1,94.6,obstacle_medium,navigation
2026-03-10 18:14:30,Tuesday,18,77.4,94.6,obstacle_medium,navigation
2026-03-10 18:15:00,Tuesday,18,98.2,94.6,none,indoor_assist
2026-03-10 18:15:30,Tuesday,18,153.3,94.6,obstacle_medium,navigation
2026-03-10 18:16:00,Tuesday,18,120.0,94.6,none,standby
2026-03-10 18:16:30,Tuesday,18,116.4,94.5,obstacle_medium,indoor_assist
2026-03-10 18:17:00,Tuesday,18,160.7,94.5,none,indoor_assist
2026-03-10 18:17:30,Tuesday,18,121.9,94.5,none,navigation
2026-03-10 18:18:00,Tuesday,18,103.5,94.5,none,standby
2026-03-10 18:18:30,Tuesday,18,147.1,94.5,none,indoor_assist
2026-03-10 18:19:00,Tuesday,18,161.4,94.4,none,navigation
2026-03-10 18:19:30,Tuesday,18,103.9,94.4,none,navigation
2026-03-10 18:20:00,Tuesday,18,146.8,94.4,none,indoor_assist
2026-03-10 18:20:30,Tuesday,18,139.5,94.4,none,navigation
2026-03-10 18:21:00,Tuesday,18,71.5,94.4,obstacle_medium,indoor_assist
2026-03-10 18:21:30,Tuesday,18,83.9,94.3,none,navigation
2026-03-10 18:22:00,Tuesday,18,87.6,94.3,none,navigation
2026-03-10 18:22:30,Tuesday,18,90.2,94.3,obstacle_medium,standby
2026-03-10 18:23:00,Tuesday,18,173.0,94.3,obstacle_near,navigation
2026-03-10 18:23:30,Tuesday,18,105.5,94.3,obstacle_near,indoor_assist
2026-03-10 18:24:00,Tuesday,18,105.1,94.2,none,navigation
2026-03-10 18:24:30,Tuesday,18,148.9,94.2,none,navigation
2026-03-10 18:25:00,Tuesday,18,57.5,94.2,obstacle_medium,standby
2026-03-10 18:25:30,Tuesday,18,150.4,94.2,none,standby
2026-03-10 18:26:00,Tuesday,18,117.5,94.2,obstacle_medium,navigation
2026-03-10 18:26:30,Tuesday,18,95.1,94.1,none,indoor_assist
2026-03-10 18:27:00,Tuesday,18,142.1,94.1,obstacle_medium,indoor_assist
2026-03-10 18:27:30,Tuesday,18,92.2,94.1,none,indoor_assist
2026-03-10 18:28:00,Tuesday,18,61.7,94.1,obstacle_medium,navigation
2026-03-10 18:28:30,Tuesday,18,101.6,94.1,obstacle_medium,indoor_assist
2026-03-10 18:29:00,Tuesday,18,121.2,94.0,none,indoor_assist
2026-03-10 18:29:30,Tuesday,18,140.7,94.0,obstacle_medium,navigation
2026-03-10 18:30:00,Tuesday,18,116.2,94.0,none,standby
2026-03-10 18:30:30,Tuesday,18,102.7,94.0,none,navigation
2026-03-10 18:31:00,Tuesday,18,118.4,94.0,none,navigation
2026-03-10 18:31:30,Tuesday,18,154.1,93.9,obstacle_medium,indoor_assist
2026-03-10 18:32:00,Tuesday,18,118.0,93.9,none,standby
2026-03-10 18:32:30,Tuesday,18,107.1,93.9,none,indoor_assist
2026-03-10 18:33:00,Tuesday,18,85.2,93.9,none,indoor_assist
2026-03-10 18:33:30,Tuesday,18,94.5,93.9,none,navigation
2026-03-10 18:34:00,Tuesday,18,95.8,93.8,none,indoor_assist
2026-03-10 18:34:30,Tuesday,18,90.0,93.8,obstacle_medium,navigation
2026-03-10 18:35:00,Tuesday,18,131.0,93.8,none,standby
2026-03-10 18:35:30,Tuesday,18,126.8,93.8,none,navigation
2026-03-10 18:36:00,Tuesday,18,80.4,93.8,none,indoor_assist
2026-03-10 18:36:30,Tuesday,18,163.4,93.7,obstacle_near,navigation
2026-03-10 18:37:00,Tuesday,18,63.3,93.7,obstacle_medium,navigation
2026-03-10 18:37:30,Tuesday,18,107.1,93.7,none,indoor_assist
2026-03-10 18:38:00,Tuesday,18,130.5,93.7,none,navigation
2026-03-10 18:38:30,Tuesday,18,85.2,93.7,none,indoor_assist
2026-03-10 18:39:00,Tuesday,18,103.7,93.6,none,indoor_assist
2026-03-10 18:39:30,Tuesday,18,124.1,93.6,none,navigation
2026-03-10 18:40:00,Tuesday,18,106.5,93.6,none,indoor_assist
2026-03-10 18:40:30,Tuesday,18,110.0,93.6,none,indoor_assist
2026-03-10 18:41:00,Tuesday,18,87.0,93.6,obstacle_medium,standby
2026-03-10 18:41:30,Tuesday,18,205.2,93.5,none,navigation
2026-03-10 18:42:00,Tuesday,18,136.6,93.5,none,navigation
2026-03-10 18:42:30,Tuesday,18,89.1,93.5,none,navigation
2026-03-10 18:43:00,Tuesday,18,129.7,93.5,none,indoor_assist
2026-03-10 18:43:30,Tuesday,18,101.8,93.5,none,navigation
2026-03-10 18:44:00,Tuesday,18,132.5,93.4,none,navigation
2026-03-10 18:44:30,Tuesday,18,105.9,93.4,none,indoor_assist
2026-03-10 18:45:00,Tuesday,18,173.5,93.4,none,navigation
2026-03-10 18:45:30,Tuesday,18,44.9,93.4,obstacle_medium,standby
2026-03-10 18:46:00,Tuesday,18,121.4,93.4,none,navigation
2026-03-10 18:46:30,Tuesday,18,90.2,93.3,none,navigation
2026-03-10 18:47:00,Tuesday,18,138.6,93.3,obstacle_medium,indoor_assist
2026-03-10 18:47:30,Tuesday,18,96.4,93.3,none,indoor_assist
2026-03-10 18:48:00,Tuesday,18,147.7,93.3,none,navigation
2026-03-10 18:48:30,Tuesday,18,81.8,93.3,obstacle_medium,indoor_assist
2026-03-10 18:49:00,Tuesday,18,115.7,93.2,obstacle_medium,indoor_assist
2026-03-10 18:49:30,Tuesday,18,136.2,93.2,none,navigation
2026-03-10 18:50:00,Tuesday,18,114.1,93.2,none,standby
2026-03-10 18:50:30,Tuesday,18,81.2,93.2,obstacle_medium,standby
2026-03-10 18:51:00,Tuesday,18,68.3,93.2,obstacle_medium,navigation
2026-03-10 18:51:30,Tuesday,18,145.5,93.1,none,navigation
2026-03-10 18:52:00,Tuesday,18,199.5,93.1,none,indoor_assist
2026-03-10 18:52:30,Tuesday,18,147.2,93.1,none,indoor_assist
2026-03-10 18:53:00,Tuesday,18,113.5,93.1,fall_detected,navigation
2026-03-10 18:53:30,Tuesday,18,124.5,93.1,none,standby
2026-03-10 18:54:00,Tuesday,18,103.3,93.0,none,indoor_assist
2026-03-10 18:54:30,Tuesday,18,96.2,93.0,none,indoor_assist
2026-03-10 18:55:00,Tuesday,18,148.7,93.0,low_battery,indoor_assist
2026-03-10 18:55:30,Tuesday,18,87.4,93.0,none,navigation
2026-03-10 18:56:00,Tuesday,18,150.2,93.0,none,indoor_assist
2026-03-10 18:56:30,Tuesday,18,137.3,92.9,obstacle_near,indoor_assist
2026-03-10 18:57:00,Tuesday,18,98.5,92.9,none,indoor_assist
2026-03-10 18:57:30,Tuesday,18,109.4,92.9,obstacle_medium,navigation
2026-03-10 18:58:00,Tuesday,18,100.3,92.9,none,navigation
2026-03-10 18:58:30,Tuesday,18,94.8,92.9,obstacle_near,standby
2026-03-10 18:59:00,Tuesday,18,125.4,92.8,none,navigation
2026-03-10 18:59:30,Tuesday,18,101.6,92.8,none,indoor_assist
2026-03-10 19:00:00,Tuesday,19,213.2,92.8,none,indoor_assist
2026-03-10 19:00:30,Tuesday,19,167.9,92.8,none,indoor_assist
2026-03-10 19:01:00,Tuesday,19,235.7,92.8,none,standby
2026-03-10 19:01:30,Tuesday,19,235.3,92.7,obstacle_medium,indoor_assist
2026-03-10 19:02:00,Tuesday,19,216.3,92.7,none,navigation
2026-03-10 19:02:30,Tuesday,19,234.5,92.7,obstacle_medium,navigation
2026-03-10 19:03:00,Tuesday,19,220.4,92.7,none,navigation
2026-03-10 19:03:30,Tuesday,19,232.7,92.7,none,indoor_assist
2026-03-10 19:04:00,Tuesday,19,175.4,92.6,none,standby
2026-03-10 19:04:30,Tuesday,19,228.4,92.6,obstacle_near,navigation
2026-03-10 19:05:00,Tuesday,19,234.3,92.6,none,indoor_assist
2026-03-10 19:05:30,Tuesday,19,188.0,92.6,none,indoor_assist
2026-03-10 19:06:00,Tuesday,19,187.7,92.6,none,navigation
2026-03-10 19:06:30,Tuesday,19,165.7,92.5,none,navigation
2026-03-10 19:07:00,Tuesday,19,245.1,92.5,fall_detected,navigation
2026-03-10 19:07:30,Tuesday,19,232.4,92.5,low_battery,indoor_assist
2026-03-10 19:08:00,Tuesday,19,239.3,92.5,obstacle_medium,navigation
2026-03-10 19:08:30,Tuesday,19,189.2,92.5,obstacle_medium,indoor_assist
2026-03-10 19:09:00,Tuesday,19,220.6,92.4,none,standby
2026-03-10 19:09:30,Tuesday,19,210.4,92.4,none,navigation
2026-03-10 19:10:00,Tuesday,19,199.2,92.4,none,indoor_assist
2026-03-10 19:10:30,Tuesday,19,231.6,92.4,obstacle_near,indoor_assist
2026-03-10 19:11:00,Tuesday,19,246.3,92.4,obstacle_medium,navigation
2026-03-10 19:11:30,Tuesday,19,198.6,92.3,none,indoor_assist
2026-03-10 19:12:00,Tuesday,19,175.3,92.3,obstacle_medium,standby
2026-03-10 19:12:30,Tuesday,19,180.8,92.3,none,navigation
2026-03-10 19:13:00,Tuesday,19,190.4,92.3,obstacle_medium,navigation
2026-03-10 19:13:30,Tuesday,19,192.7,92.3,none,navigation
2026-03-10 19:14:00,Tuesday,19,181.9,92.2,none,navigation
2026-03-10 19:14:30,Tuesday,19,178.0,92.2,none,navigation
2026-03-10 19:15:00,Tuesday,19,229.1,92.2,none,navigation
2026-03-10 19:15:30,Tuesday,19,201.8,92.2,obstacle_medium,standby
2026-03-10 19:16:00,Tuesday,19,221.8,92.2,none,indoor_assist
2026-03-10 19:16:30,Tuesday,19,243.3,92.1,none,indoor_assist
2026-03-10 19:17:00,Tuesday,19,181.6,92.1,none,indoor_assist
2026-03-10 19:17:30,Tuesday,19,142.8,92.1,none,navigation
2026-03-10 19:18:00,Tuesday,19,228.1,92.1,none,indoor_assist
2026-03-10 19:18:30,Tuesday,19,190.2,92.1,none,indoor_assist
2026-03-10 19:19:00,Tuesday,19,151.6,92.0,none,navigation
2026-03-10 19:19:30,Tuesday,19,167.3,92.0,obstacle_near,indoor_assist
2026-03-10 19:20:00,Tuesday,19,208.7,92.0,none,indoor_assist
2026-03-10 19:20:30,Tuesday,19,212.9,92.0,obstacle_near,indoor_assist
2026-03-10 19:21:00,Tuesday,19,246.4,92.0,fall_detected,indoor_assist
2026-03-10 19:21:30,Tuesday,19,192.5,91.9,none,navigation
2026-03-10 19:22:00,Tuesday,19,253.5,91.9,none,navigation
2026-03-10 19:22:30,Tuesday,19,195.4,91.9,none,standby
2026-03-10 19:23:00,Tuesday,19,240.4,91.9,none,standby
2026-03-10 19:23:30,Tuesday,19,162.7,91.9,none,navigation
2026-03-10 19:24:00,Tuesday,19,195.0,91.8,obstacle_near,indoor_assist
2026-03-10 19:24:30,Tuesday,19,212.0,91.8,none,navigation
2026-03-10 19:25:00,Tuesday,19,246.3,91.8,none,navigation
2026-03-10 19:25:30,Tuesday,19,217.5,91.8,none,standby
2026-03-10 19:26:00,Tuesday,19,168.2,91.8,none,navigation
2026-03-10 19:26:30,Tuesday,19,216.4,91.7,none,standby
2026-03-10 19:27:00,Tuesday,19,235.4,91.7,none,indoor_assist
2026-03-10 19:27:30,Tuesday,19,170.0,91.7,none,indoor_assist
2026-03-10 19:28:00,Tuesday,19,189.6,91.7,none,navigation
2026-03-10 19:28:30,Tuesday,19,154.5,91.7,none,standby
2026-03-10 19:29:00,Tuesday,19,227.5,91.6,none,indoor_assist
2026-03-10 19:29:30,Tuesday,19,144.6,91.6,none,standby
2026-03-10 19:30:00,Tuesday,19,171.7,91.6,none,navigation
2026-03-10 19:30:30,Tuesday,19,144.8,91.6,obstacle_near,indoor_assist
2026-03-10 19:31:00,Tuesday,19,126.2,91.6,none,navigation
2026-03-10 19:31:30,Tuesday,19,193.6,91.5,none,navigation
2026-03-10 19:32:00,Tuesday,19,219.5,91.5,none,indoor_assist
2026-03-10 19:32:30,Tuesday,19,188.3,91.5,obstacle_medium,navigation
2026-03-10 19:33:00,Tuesday,19,194.4,91.5,none,indoor_assist
2026-03-10 19:33:30,Tuesday,19,220.0,91.5,obstacle_medium,navigation
2026-03-10 19:34:00,Tuesday,19,239.3,91.4,none,navigation
2026-03-10 19:34:30,Tuesday,19,182.4,91.4,none,indoor_assist
2026-03-10 19:35:00,Tuesday,19,171.9,91.4,none,navigation
2026-03-10 19:35:30,Tuesday,19,202.1,91.4,none,navigation
2026-03-10 19:36:00,Tuesday,19,214.9,91.4,none,navigation
2026-03-10 19:36:30,Tuesday,19,187.7,91.3,none,navigation
2026-03-10 19:37:00,Tuesday,19,182.7,91.3,obstacle_medium,navigation
2026-03-10 19:37:30,Tuesday,19,198.4,91.3,obstacle_medium,indoor_assist
2026-03-10 19:38:00,Tuesday,19,204.5,91.3,low_battery,navigation
2026-03-10 19:38:30,Tuesday,19,229.8,91.3,obstacle_medium,indoor_assist
2026-03-10 19:39:00,Tuesday,19,225.0,91.2,none,navigation
2026-03-10 19:39:30,Tuesday,19,220.3,91.2,none,navigation
2026-03-10 19:40:00,Tuesday,19,161.6,91.2,obstacle_medium,navigation
2026-03-10 19:40:30,Tuesday,19,246.9,91.2,obstacle_near,navigation
2026-03-10 19:41:00,Tuesday,19,197.5,91.2,obstacle_medium,navigation
2026-03-10 19:41:30,Tuesday,19,135.5,91.1,none,indoor_assist
2026-03-10 19:42:00,Tuesday,19,196.9,91.1,none,indoor_assist
2026-03-10 19:42:30,Tuesday,19,231.2,91.1,none,navigation
2026-03-10 19:43:00,Tuesday,19,205.6,91.1,none,standby
2026-03-10 19:43:30,Tuesday,19,138.3,91.1,none,navigation
2026-03-10 19:44:00,Tuesday,19,211.1,91.0,obstacle_near,navigation
2026-03-10 19:44:30,Tuesday,19,209.1,91.0,none,indoor_assist
2026-03-10 19:45:00,Tuesday,19,203.8,91.0,none,standby
2026-03-10 19:45:30,Tuesday,19,245.0,91.0,none,navigation
2026-03-10 19:46:00,Tuesday,19,191.5,91.0,none,navigation
2026-03-10 19:46:30,Tuesday,19,233.5,90.9,obstacle_medium,indoor_assist
2026-03-10 19:47:00,Tuesday,19,200.2,90.9,none,standby
2026-03-10 19:47:30,Tuesday,19,251.2,90.9,fall_detected,indoor_assist
2026-03-10 19:48:00,Tuesday,19,215.0,90.9,none,indoor_assist
2026-03-10 19:48:30,Tuesday,19,244.5,90.9,none,navigation
2026-03-10 19:49:00,Tuesday,19,240.1,90.8,none,navigation
2026-03-10 19:49:30,Tuesday,19,198.1,90.8,obstacle_medium,navigation
2026-03-10 19:50:00,Tuesday,19,268.9,90.8,none,indoor_assist
2026-03-10 19:50:30,Tuesday,19,195.8,90.8,obstacle_medium,navigation
2026-03-10 19:51:00,Tuesday,19,178.6,90.8,none,navigation
2026-03-10 19:51:30,Tuesday,19,214.1,90.7,none,navigation
2026-03-10 19:52:00,Tuesday,19,157.0,90.7,none,navigation
2026-03-10 19:52:30,Tuesday,19,197.3,90.7,low_battery,navigation
2026-03-10 19:53:00,Tuesday,19,177.1,90.7,obstacle_near,navigation
2026-03-10 19:53:30,Tuesday,19,213.0,90.7,obstacle_near,indoor_assist
2026-03-10 19:54:00,Tuesday,19,208.0,90.6,none,navigation
2026-03-10 19:54:30,Tuesday,19,232.9,90.6,obstacle_medium,standby
2026-03-10 19:55:00,Tuesday,19,183.3,90.6,obstacle_medium,navigation
2026-03-10 19:55:30,Tuesday,19,219.3,90.6,none,standby
2026-03-10 19:56:00,Tuesday,19,175.9,90.6,none,indoor_assist
2026-03-10 19:56:30,Tuesday,19,243.0,90.5,none,navigation
2026-03-10 19:57:00,Tuesday,19,187.9,90.5,none,standby
2026-03-10 19:57:30,Tuesday,19,183.3,90.5,obstacle_medium,indoor_assist
2026-03-10 19:58:00,Tuesday,19,229.0,90.5,none,indoor_assist
2026-03-10 19:58:30,Tuesday,19,227.4,90.5,obstacle_medium,indoor_assist
2026-03-10 19:59:00,Tuesday,19,210.6,90.4,none,navigation
2026-03-10 19:59:30,Tuesday,19,194.7,90.4,none,standby
2026-03-11 08:00:00,Wednesday,8,214.2,90.4,obstacle_near,navigation
2026-03-11 08:00:30,Wednesday,8,245.8,90.4,none,navigation
2026-03-11 08:01:00,Wednesday,8,242.1,90.4,none,standby
2026-03-11 08:01:30,Wednesday,8,159.0,90.3,none,navigation
2026-03-11 08:02:00,Wednesday,8,186.6,90.3,obstacle_near,navigation
2026-03-11 08:02:30,Wednesday,8,135.4,90.3,none,indoor_assist
2026-03-11 08:03:00,Wednesday,8,240.2,90.3,none,navigation
2026-03-11 08:03:30,Wednesday,8,205.6,90.3,obstacle_near,indoor_assist
2026-03-11 08:04:00,Wednesday,8,212.7,90.2,none,navigation
2026-03-11 08:04:30,Wednesday,8,155.6,90.2,none,standby
2026-03-11 08:05:00,Wednesday,8,217.8,90.2,none,navigation
2026-03-11 08:05:30,Wednesday,8,196.8,90.2,none,navigation
2026-03-11 08:06:00,Wednesday,8,197.4,90.2,obstacle_medium,navigation
2026-03-11 08:06:30,Wednesday,8,219.0,90.1,none,standby
2026-03-11 08:07:00,Wednesday,8,208.4,90.1,none,indoor_assist
2026-03-11 08:07:30,Wednesday,8,168.0,90.1,none,navigation
2026-03-11 08:08:00,Wednesday,8,190.1,90.1,obstacle_medium,navigation
2026-03-11 08:08:30,Wednesday,8,163.3,90.1,fall_detected,navigation
2026-03-11 08:09:00,Wednesday,8,237.2,90.0,none,navigation
2026-03-11 08:09:30,Wednesday,8,249.9,90.0,none,indoor_assist
2026-03-11 08:10:00,Wednesday,8,200.3,90.0,none,navigation
2026-03-11 08:10:30,Wednesday,8,255.9,90.0,none,indoor_assist
2026-03-11 08:11:00,Wednesday,8,191.5,90.0,none,indoor_assist
2026-03-11 08:11:30,Wednesday,8,209.2,89.9,none,navigation
2026-03-11 08:12:00,Wednesday,8,179.7,89.9,obstacle_near,indoor_assist
2026-03-11 08:12:30,Wednesday,8,182.9,89.9,none,navigation
2026-03-11 08:13:00,Wednesday,8,218.3,89.9,none,indoor_assist
2026-03-11 08:13:30,Wednesday,8,195.9,89.9,none,indoor_assist
2026-03-11 08:14:00,Wednesday,8,202.7,89.8,none,navigation
2026-03-11 08:14:30,Wednesday,8,186.0,89.8,none,standby
2026-03-11 08:15:00,Wednesday,8,174.8,89.8,none,navigation
2026-03-11 08:15:30,Wednesday,8,171.6,89.8,low_battery,indoor_assist
2026-03-11 08:16:00,Wednesday,8,217.8,89.8,obstacle_medium,navigation
2026-03-11 08:16:30,Wednesday,8,153.1,89.7,none,navigation
2026-03-11 08:17:00,Wednesday,8,210.9,89.7,obstacle_medium,navigation
2026-03-11 08:17:30,Wednesday,8,192.3,89.7,none,navigation
2026-03-11 08:18:00,Wednesday,8,151.6,89.7,none,navigation
2026-03-11 08:18:30,Wednesday,8,202.9,89.7,obstacle_medium,navigation
2026-03-11 08:19:00,Wednesday,8,167.7,89.6,obstacle_near,navigation
2026-03-11 08:19:30,Wednesday,8,225.3,89.6,fall_detected,standby
2026-03-11 08:20:00,Wednesday,8,213.6,89.6,none,indoor_assist
2026-03-11 08:20:30,Wednesday,8,197.4,89.6,none,indoor_assist
2026-03-11 08:21:00,Wednesday,8,195.6,89.6,none,indoor_assist
2026-03-11 08:21:30,Wednesday,8,204.3,89.5,none,navigation
2026-03-11 08:22:00,Wednesday,8,200.1,89.5,obstacle_medium,indoor_assist
2026-03-11 08:22:30,Wednesday,8,212.5,89.5,obstacle_near,standby
2026-03-11 08:23:00,Wednesday,8,213.7,89.5,none,navigation
2026-03-11 08:23:30,Wednesday,8,196.3,89.5,none,navigation
2026-03-11 08:24:00,Wednesday,8,161.7,89.4,none,navigation
2026-03-11 08:24:30,Wednesday,8,204.7,89.4,none,navigation
2026-03-11 08:25:00,Wednesday,8,243.2,89.4,none,navigation
2026-03-11 08:25:30,Wednesday,8,215.8,89.4,none,navigation
2026-03-11 08:26:00,Wednesday,8,189.6,89.4,none,navigation
2026-03-11 08:26:30,Wednesday,8,234.4,89.3,none,navigation
2026-03-11 08:27:00,Wednesday,8,184.8,89.3,none,navigation
2026-03-11 08:27:30,Wednesday,8,207.5,89.3,none,navigation
2026-03-11 08:28:00,Wednesday,8,241.7,89.3,obstacle_medium,navigation
2026-03-11 08:28:30,Wednesday,8,162.9,89.3,obstacle_medium,navigation
2026-03-11 08:29:00,Wednesday,8,227.1,89.2,none,navigation
2026-03-11 08:29:30,Wednesday,8,192.3,89.2,none,standby
2026-03-11 08:30:00,Wednesday,8,232.4,89.2,obstacle_medium,indoor_assist
2026-03-11 08:30:30,Wednesday,8,175.1,89.2,none,indoor_assist
2026-03-11 08:31:00,Wednesday,8,226.1,89.2,none,indoor_assist
2026-03-11 08:31:30,Wednesday,8,236.0,89.1,none,navigation
2026-03-11 08:32:00,Wednesday,8,238.2,89.1,none,indoor_assist
2026-03-11 08:32:30,Wednesday,8,177.8,89.1,none,navigation
2026-03-11 08:33:00,Wednesday,8,269.8,89.1,obstacle_medium,indoor_assist
2026-03-11 08:33:30,Wednesday,8,201.0,89.1,none,navigation
2026-03-11 08:34:00,Wednesday,8,190.6,89.0,none,navigation
2026-03-11 08:34:30,Wednesday,8,148.2,89.0,none,standby
2026-03-11 08:35:00,Wednesday,8,197.7,89.0,none,navigation
2026-03-11 08:35:30,Wednesday,8,212.9,89.0,none,navigation
2026-03-11 08:36:00,Wednesday,8,159.1,89.0,none,indoor_assist
2026-03-11 08:36:30,Wednesday,8,221.2,88.9,none,indoor_assist
2026-03-11 08:37:00,Wednesday,8,187.2,88.9,none,navigation
2026-03-11 08:37:30,Wednesday,8,181.4,88.9,none,indoor_assist
2026-03-11 08:38:00,Wednesday,8,212.8,88.9,none,navigation
2026-03-11 08:38:30,Wednesday,8,173.4,88.9,none,indoor_assist
2026-03-11 08:39:00,Wednesday,8,199.5,88.8,fall_detected,navigation
2026-03-11 08:39:30,Wednesday,8,153.3,88.8,none,navigation
2026-03-11 08:40:00,Wednesday,8,129.6,88.8,none,navigation
2026-03-11 08:40:30,Wednesday,8,172.9,88.8,none,indoor_assist
2026-03-11 08:41:00,Wednesday,8,237.1,88.8,low_battery,navigation
2026-03-11 08:41:30,Wednesday,8,158.8,88.7,none,standby
2026-03-11 08:42:00,Wednesday,8,219.1,88.7,none,navigation
2026-03-11 08:42:30,Wednesday,8,188.4,88.7,obstacle_medium,standby
2026-03-11 08:43:00,Wednesday,8,191.7,88.7,obstacle_near,standby
2026-03-11 08:43:30,Wednesday,8,172.0,88.7,none,indoor_assist
2026-03-11 08:44:00,Wednesday,8,193.9,88.6,none,standby
2026-03-11 08:44:30,Wednesday,8,190.0,88.6,obstacle_near,navigation
2026-03-11 08:45:00,Wednesday,8,210.6,88.6,none,indoor_assist
2026-03-11 08:45:30,Wednesday,8,205.7,88.6,obstacle_medium,navigation
2026-03-11 08:46:00,Wednesday,8,198.0,88.6,none,navigation
2026-03-11 08:46:30,Wednesday,8,150.2,88.5,none,navigation
2026-03-11 08:47:00,Wednesday,8,209.1,88.5,low_battery,navigation
2026-03-11 08:47:30,Wednesday,8,154.6,88.5,none,navigation
2026-03-11 08:48:00,Wednesday,8,200.3,88.5,obstacle_near,indoor_assist
2026-03-11 08:48:30,Wednesday,8,164.5,88.5,none,standby
2026-03-11 08:49:00,Wednesday,8,146.8,88.4,none,indoor_assist
2026-03-11 08:49:30,Wednesday,8,181.2,88.4,none,navigation
2026-03-11 08:50:00,Wednesday,8,244.6,88.4,none,standby
2026-03-11 08:50:30,Wednesday,8,267.2,88.4,obstacle_medium,navigation
2026-03-11 08:51:00,Wednesday,8,184.5,88.4,obstacle_medium,indoor_assist
2026-03-11 08:51:30,Wednesday,8,185.7,88.3,none,indoor_assist
2026-03-11 08:52:00,Wednesday,8,213.7,88.3,none,indoor_assist
2026-03-11 08:52:30,Wednesday,8,169.2,88.3,none,navigation
2026-03-11 08:53:00,Wednesday,8,214.2,88.3,obstacle_medium,navigation
2026-03-11 08:53:30,Wednesday,8,159.1,88.3,obstacle_near,indoor_assist
2026-03-11 08:54:00,Wednesday,8,204.1,88.2,low_battery,indoor_assist
2026-03-11 08:54:30,Wednesday,8,194.1,88.2,obstacle_near,indoor_assist
2026-03-11 08:55:00,Wednesday,8,201.1,88.2,none,indoor_assist
2026-03-11 08:55:30,Wednesday,8,174.2,88.2,obstacle_near,navigation
2026-03-11 08:56:00,Wednesday,8,238.3,88.2,none,indoor_assist
2026-03-11 08:56:30,Wednesday,8,194.3,88.1,obstacle_near,navigation
2026-03-11 08:57:00,Wednesday,8,203.7,88.1,none,navigation
2026-03-11 08:57:30,Wednesday,8,198.6,88.1,none,navigation
2026-03-11 08:58:00,Wednesday,8,200.6,88.1,none,indoor_assist
2026-03-11 08:58:30,Wednesday,8,151.8,88.1,obstacle_medium,navigation
2026-03-11 08:59:00,Wednesday,8,199.3,88.0,none,navigation
2026-03-11 08:59:30,Wednesday,8,186.2,88.0,none,navigation
2026-03-11 09:00:00,Wednesday,9,69.8,100.0,obstacle_medium,navigation
2026-03-11 09:00:30,Wednesday,9,89.7,100.0,none,standby
2026-03-11 09:01:00,Wednesday,9,159.8,100.0,none,indoor_assist
2026-03-11 09:01:30,Wednesday,9,146.4,99.9,none,indoor_assist
2026-03-11 09:02:00,Wednesday,9,161.0,99.9,none,indoor_assist
2026-03-11 09:02:30,Wednesday,9,185.5,99.9,none,standby
2026-03-11 09:03:00,Wednesday,9,91.4,99.9,none,navigation
2026-03-11 09:03:30,Wednesday,9,164.2,99.9,none,navigation
2026-03-11 09:04:00,Wednesday,9,160.0,99.8,none,navigation
2026-03-11 09:04:30,Wednesday,9,87.2,99.8,none,navigation
2026-03-11 09:05:00,Wednesday,9,144.3,99.8,none,indoor_assist
2026-03-11 09:05:30,Wednesday,9,154.5,99.8,obstacle_medium,standby
2026-03-11 09:06:00,Wednesday,9,44.4,99.8,obstacle_medium,navigation
2026-03-11 09:06:30,Wednesday,9,96.9,99.7,obstacle_medium,navigation
2026-03-11 09:07:00,Wednesday,9,136.3,99.7,low_battery,navigation
2026-03-11 09:07:30,Wednesday,9,112.8,99.7,obstacle_medium,navigation
2026-03-11 09:08:00,Wednesday,9,123.2,99.7,none,navigation
2026-03-11 09:08:30,Wednesday,9,97.0,99.7,none,indoor_assist
2026-03-11 09:09:00,Wednesday,9,129.8,99.6,none,navigation
2026-03-11 09:09:30,Wednesday,9,131.9,99.6,none,navigation
2026-03-11 09:10:00,Wednesday,9,161.7,99.6,obstacle_medium,navigation
2026-03-11 09:10:30,Wednesday,9,67.6,99.6,obstacle_medium,standby
2026-03-11 09:11:00,Wednesday,9,88.1,99.6,none,navigation
2026-03-11 09:11:30,Wednesday,9,152.4,99.5,none,indoor_assist
2026-03-11 09:12:00,Wednesday,9,88.7,99.5,none,navigation
2026-03-11 09:12:30,Wednesday,9,90.4,99.5,none,navigation
2026-03-11 09:13:00,Wednesday,9,135.0,99.5,obstacle_medium,navigation
2026-03-11 09:13:30,Wednesday,9,100.2,99.5,obstacle_near,navigation
2026-03-11 09:14:00,Wednesday,9,107.1,99.4,none,indoor_assist
2026-03-11 09:14:30,Wednesday,9,123.1,99.4,none,navigation
2026-03-11 09:15:00,Wednesday,9,161.8,99.4,none,standby
2026-03-11 09:15:30,Wednesday,9,145.0,99.4,none,navigation
2026-03-11 09:16:00,Wednesday,9,107.6,99.4,none,navigation
2026-03-11 09:16:30,Wednesday,9,143.1,99.3,none,navigation
2026-03-11 09:17:00,Wednesday,9,118.5,99.3,obstacle_medium,navigation
2026-03-11 09:17:30,Wednesday,9,128.2,99.3,none,navigation
2026-03-11 09:18:00,Wednesday,9,159.9,99.3,none,standby
2026-03-11 09:18:30,Wednesday,9,128.0,99.3,none,navigation
2026-03-11 09:19:00,Wednesday,9,110.1,99.2,none,standby
2026-03-11 09:19:30,Wednesday,9,121.7,99.2,none,navigation
2026-03-11 09:20:00,Wednesday,9,111.8,99.2,obstacle_near,navigation
2026-03-11 09:20:30,Wednesday,9,110.6,99.2,low_battery,indoor_assist
2026-03-11 09:21:00,Wednesday,9,145.3,99.2,none,navigation
2026-03-11 09:21:30,Wednesday,9,93.5,99.1,none,navigation
2026-03-11 09:22:00,Wednesday,9,142.4,99.1,none,navigation
2026-03-11 09:22:30,Wednesday,9,104.1,99.1,none,navigation
2026-03-11 09:23:00,Wednesday,9,74.7,99.1,obstacle_medium,indoor_assist
2026-03-11 09:23:30,Wednesday,9,127.0,99.1,none,indoor_assist
2026-03-11 09:24:00,Wednesday,9,116.7,99.0,none,indoor_assist
2026-03-11 09:24:30,Wednesday,9,122.7,99.0,obstacle_near,indoor_assist
2026-03-11 09:25:00,Wednesday,9,100.3,99.0,none,standby
2026-03-11 09:25:30,Wednesday,9,102.3,99.0,none,indoor_assist
2026-03-11 09:26:00,Wednesday,9,113.0,99.0,none,navigation
2026-03-11 09:26:30,Wednesday,9,135.7,98.9,none,navigation
2026-03-11 09:27:00,Wednesday,9,150.1,98.9,none,navigation
2026-03-11 09:27:30,Wednesday,9,114.3,98.9,none,indoor_assist
2026-03-11 09:28:00,Wednesday,9,143.1,98.9,none,navigation
2026-03-11 09:28:30,Wednesday,9,143.3,98.9,obstacle_medium,standby
2026-03-11 09:29:00,Wednesday,9,86.9,98.8,obstacle_medium,navigation
2026-03-11 09:29:30,Wednesday,9,138.1,98.8,none,standby
2026-03-11 09:30:00,Wednesday,9,158.7,98.8,obstacle_near,indoor_assist
2026-03-11 09:30:30,Wednesday,9,113.1,98.8,obstacle_near,standby
2026-03-11 09:31:00,Wednesday,9,59.7,98.8,obstacle_medium,indoor_assist
2026-03-11 09:31:30,Wednesday,9,119.2,98.7,none,navigation
2026-03-11 09:32:00,Wednesday,9,97.5,98.7,none,indoor_assist
2026-03-11 09:32:30,Wednesday,9,150.0,98.7,obstacle_medium,navigation
2026-03-11 09:33:00,Wednesday,9,103.1,98.7,none,indoor_assist
2026-03-11 09:33:30,Wednesday,9,128.1,98.7,none,indoor_assist
2026-03-11 09:34:00,Wednesday,9,107.9,98.6,low_battery,indoor_assist
2026-03-11 09:34:30,Wednesday,9,90.2,98.6,none,standby
2026-03-11 09:35:00,Wednesday,9,174.3,98.6,obstacle_medium,indoor_assist
2026-03-11 09:35:30,Wednesday,9,118.4,98.6,none,navigation
2026-03-11 09:36:00,Wednesday,9,69.9,98.6,obstacle_medium,navigation
2026-03-11 09:36:30,Wednesday,9,121.1,98.5,none,indoor_assist
2026-03-11 09:37:00,Wednesday,9,144.3,98.5,none,navigation
2026-03-11 09:37:30,Wednesday,9,125.1,98.5,none,navigation
2026-03-11 09:38:00,Wednesday,9,131.3,98.5,obstacle_medium,standby
2026-03-11 09:38:30,Wednesday,9,151.8,98.5,none,navigation
2026-03-11 09:39:00,Wednesday,9,140.0,98.4,none,navigation
2026-03-11 09:39:30,Wednesday,9,77.7,98.4,obstacle_medium,navigation
2026-03-11 09:40:00,Wednesday,9,107.1,98.4,low_battery,indoor_assist
2026-03-11 09:40:30,Wednesday,9,180.4,98.4,none,navigation
2026-03-11 09:41:00,Wednesday,9,123.4,98.4,none,navigation
2026-03-11 09:41:30,Wednesday,9,184.3,98.3,obstacle_medium,navigation
2026-03-11 09:42:00,Wednesday,9,142.6,98.3,none,navigation
2026-03-11 09:42:30,Wednesday,9,69.2,98.3,obstacle_medium,standby
2026-03-11 09:43:00,Wednesday,9,124.1,98.3,obstacle_medium,indoor_assist
2026-03-11 09:43:30,Wednesday,9,200.7,98.3,none,indoor_assist
2026-03-11 09:44:00,Wednesday,9,106.1,98.2,none,standby
2026-03-11 09:44:30,Wednesday,9,112.6,98.2,obstacle_medium,standby
2026-03-11 09:45:00,Wednesday,9,88.0,98.2,obstacle_medium,indoor_assist
2026-03-11 09:45:30,Wednesday,9,116.5,98.2,none,indoor_assist
2026-03-11 09:46:00,Wednesday,9,132.3,98.2,none,navigation
2026-03-11 09:46:30,Wednesday,9,63.6,98.1,obstacle_medium,standby
2026-03-11 09:47:00,Wednesday,9,123.8,98.1,none,indoor_assist
2026-03-11 09:47:30,Wednesday,9,132.7,98.1,none,navigation
2026-03-11 09:48:00,Wednesday,9,102.2,98.1,obstacle_near,navigation
2026-03-11 09:48:30,Wednesday,9,54.9,98.1,obstacle_medium,navigation
2026-03-11 09:49:00,Wednesday,9,79.4,98.0,obstacle_medium,navigation
2026-03-11 09:49:30,Wednesday,9,132.2,98.0,none,navigation
2026-03-11 09:50:00,Wednesday,9,98.0,98.0,none,indoor_assist
2026-03-11 09:50:30,Wednesday,9,115.0,98.0,none,indoor_assist
2026-03-11 09:51:00,Wednesday,9,109.0,98.0,none,indoor_assist
2026-03-11 09:51:30,Wednesday,9,189.3,97.9,none,navigation
2026-03-11 09:52:00,Wednesday,9,80.9,97.9,obstacle_medium,navigation
2026-03-11 09:52:30,Wednesday,9,130.3,97.9,none,navigation
2026-03-11 09:53:00,Wednesday,9,91.6,97.9,none,navigation
2026-03-11 09:53:30,Wednesday,9,121.0,97.9,none,navigation
2026-03-11 09:54:00,Wednesday,9,187.9,97.8,obstacle_near,indoor_assist
2026-03-11 09:54:30,Wednesday,9,153.8,97.8,none,navigation
2026-03-11 09:55:00,Wednesday,9,165.7,97.8,obstacle_medium,navigation
2026-03-11 09:55:30,Wednesday,9,90.3,97.8,obstacle_medium,indoor_assist
2026-03-11 09:56:00,Wednesday,9,114.1,97.8,none,standby
2026-03-11 09:56:30,Wednesday,9,115.3,97.7,none,indoor_assist
2026-03-11 09:57:00,Wednesday,9,103.1,97.7,none,standby
2026-03-11 09:57:30,Wednesday,9,114.9,97.7,obstacle_medium,navigation
2026-03-11 09:58:00,Wednesday,9,155.5,97.7,obstacle_medium,standby
2026-03-11 09:58:30,Wednesday,9,125.2,97.7,obstacle_medium,navigation
2026-03-11 09:59:00,Wednesday,9,110.1,97.6,none,standby
2026-03-11 09:59:30,Wednesday,9,138.7,97.6,low_battery,navigation
2026-03-11 10:00:00,Wednesday,10,146.6,97.6,none,navigation
2026-03-11 10:00:30,Wednesday,10,112.0,97.6,none,navigation
2026-03-11 10:01:00,Wednesday,10,89.8,97.6,obstacle_medium,navigation
2026-03-11 10:01:30,Wednesday,10,117.6,97.5,none,standby
2026-03-11 10:02:00,Wednesday,10,114.2,97.5,none,indoor_assist
2026-03-11 10:02:30,Wednesday,10,149.4,97.5,none,indoor_assist
2026-03-11 10:03:00,Wednesday,10,153.2,97.5,none,navigation
2026-03-11 10:03:30,Wednesday,10,110.1,97.5,none,indoor_assist
2026-03-11 10:04:00,Wednesday,10,90.6,97.4,none,indoor_assist
2026-03-11 10:04:30,Wednesday,10,91.4,97.4,none,indoor_assist
2026-03-11 10:05:00,Wednesday,10,136.7,97.4,obstacle_near,indoor_assist
2026-03-11 10:05:30,Wednesday,10,127.1,97.4,none,navigation
2026-03-11 10:06:00,Wednesday,10,140.0,97.4,none,navigation
2026-03-11 10:06:30,Wednesday,10,81.7,97.3,obstacle_near,navigation
2026-03-11 10:07:00,Wednesday,10,96.6,97.3,none,navigation
2026-03-11 10:07:30,Wednesday,10,167.6,97.3,none,navigation
2026-03-11 10:08:00,Wednesday,10,122.8,97.3,none,navigation
2026-03-11 10:08:30,Wednesday,10,104.9,97.3,none,navigation
2026-03-11 10:09:00,Wednesday,10,138.0,97.2,none,navigation
2026-03-11 10:09:30,Wednesday,10,58.4,97.2,obstacle_medium,indoor_assist
2026-03-11 10:10:00,Wednesday,10,139.3,97.2,none,standby
2026-03-11 10:10:30,Wednesday,10,134.6,97.2,none,navigation
2026-03-11 10:11:00,Wednesday,10,144.5,97.2,none,navigation
2026-03-11 10:11:30,Wednesday,10,100.4,97.1,none,navigation
2026-03-11 10:12:00,Wednesday,10,131.5,97.1,none,navigation
2026-03-11 10:12:30,Wednesday,10,86.7,97.1,obstacle_medium,navigation
2026-03-11 10:13:00,Wednesday,10,106.3,97.1,none,navigation
2026-03-11 10:13:30,Wednesday,10,146.1,97.1,none,standby
2026-03-11 10:14:00,Wednesday,10,185.9,97.0,low_battery,indoor_assist
2026-03-11 10:14:30,Wednesday,10,115.0,97.0,none,standby
2026-03-11 10:15:00,Wednesday,10,127.4,97.0,none,navigation
2026-03-11 10:15:30,Wednesday,10,115.8,97.0,obstacle_medium,indoor_assist
2026-03-11 10:16:00,Wednesday,10,116.0,97.0,none,navigation
2026-03-11 10:16:30,Wednesday,10,96.3,96.9,none,navigation
2026-03-11 10:17:00,Wednesday,10,97.2,96.9,none,navigation
2026-03-11 10:17:30,Wednesday,10,100.5,96.9,none,standby
2026-03-11 10:18:00,Wednesday,10,141.0,96.9,none,navigation
2026-03-11 10:18:30,Wednesday,10,140.1,96.9,obstacle_near,navigation
2026-03-11 10:19:00,Wednesday,10,140.9,96.8,none,navigation
2026-03-11 10:19:30,Wednesday,10,136.3,96.8,obstacle_medium,navigation
2026-03-11 10:20:00,Wednesday,10,143.5,96.8,none,standby
2026-03-11 10:20:30,Wednesday,10,103.4,96.8,none,standby
2026-03-11 10:21:00,Wednesday,10,116.8,96.8,obstacle_medium,standby
2026-03-11 10:21:30,Wednesday,10,172.5,96.7,obstacle_near,navigation
2026-03-11 10:22:00,Wednesday,10,78.3,96.7,obstacle_medium,navigation
2026-03-11 10:22:30,Wednesday,10,84.3,96.7,obstacle_medium,navigation
2026-03-11 10:23:00,Wednesday,10,161.9,96.7,none,standby
2026-03-11 10:23:30,Wednesday,10,162.6,96.7,none,navigation
2026-03-11 10:24:00,Wednesday,10,105.5,96.6,none,indoor_assist
2026-03-11 10:24:30,Wednesday,10,125.0,96.6,none,standby
2026-03-11 10:25:00,Wednesday,10,98.8,96.6,obstacle_medium,navigation
2026-03-11 10:25:30,Wednesday,10,163.7,96.6,low_battery,navigation
2026-03-11 10:26:00,Wednesday,10,63.1,96.6,obstacle_medium,indoor_assist
2026-03-11 10:26:30,Wednesday,10,98.1,96.5,obstacle_medium,navigation
2026-03-11 10:27:00,Wednesday,10,130.4,96.5,obstacle_near,navigation
2026-03-11 10:27:30,Wednesday,10,118.1,96.5,none,navigation
2026-03-11 10:28:00,Wednesday,10,136.3,96.5,none,indoor_assist
2026-03-11 10:28:30,Wednesday,10,132.5,96.5,none,indoor_assist
2026-03-11 10:29:00,Wednesday,10,107.5,96.4,obstacle_medium,indoor_assist
2026-03-11 10:29:30,Wednesday,10,150.5,96.4,none,navigation
2026-03-11 10:30:00,Wednesday,10,66.6,96.4,obstacle_medium,indoor_assist
2026-03-11 10:30:30,Wednesday,10,181.6,96.4,none,navigation
2026-03-11 10:31:00,Wednesday,10,116.9,96.4,none,standby
2026-03-11 10:31:30,Wednesday,10,137.7,96.3,none,navigation
2026-03-11 10:32:00,Wednesday,10,155.3,96.3,fall_detected,standby
2026-03-11 10:32:30,Wednesday,10,85.2,96.3,obstacle_medium,navigation
2026-03-11 10:33:00,Wednesday,10,102.7,96.3,low_battery,standby
2026-03-11 10:33:30,Wednesday,10,92.0,96.3,obstacle_medium,navigation
2026-03-11 10:34:00,Wednesday,10,140.7,96.2,none,navigation
2026-03-11 10:34:30,Wednesday,10,148.7,96.2,low_battery,navigation
2026-03-11 10:35:00,Wednesday,10,91.0,96.2,none,navigation
2026-03-11 10:35:30,Wednesday,10,80.9,96.2,none,indoor_assist
2026-03-11 10:36:00,Wednesday,10,85.6,96.2,none,indoor_assist
2026-03-11 10:36:30,Wednesday,10,113.5,96.1,none,standby
2026-03-11 10:37:00,Wednesday,10,121.9,96.1,obstacle_near,navigation
2026-03-11 10:37:30,Wednesday,10,129.7,96.1,obstacle_near,navigation
2026-03-11 10:38:00,Wednesday,10,126.2,96.1,none,navigation
2026-03-11 10:38:30,Wednesday,10,161.3,96.1,obstacle_medium,indoor_assist
2026-03-11 10:39:00,Wednesday,10,137.2,96.0,obstacle_medium,indoor_assist
2026-03-11 10:39:30,Wednesday,10,103.7,96.0,none,navigation
2026-03-11 10:40:00,Wednesday,10,79.9,96.0,obstacle_medium,indoor_assist
2026-03-11 10:40:30,Wednesday,10,92.2,96.0,none,navigation
2026-03-11 10:41:00,Wednesday,10,97.7,96.0,fall_detected,navigation
2026-03-11 10:41:30,Wednesday,10,181.4,95.9,obstacle_near,navigation
2026-03-11 10:42:00,Wednesday,10,133.4,95.9,obstacle_near,navigation
2026-03-11 10:42:30,Wednesday,10,110.2,95.9,none,navigation
2026-03-11 10:43:00,Wednesday,10,119.0,95.9,none,standby
2026-03-11 10:43:30,Wednesday,10,132.0,95.9,none,standby
2026-03-11 10:44:00,Wednesday,10,89.9,95.8,fall_detected,navigation
2026-03-11 10:44:30,Wednesday,10,102.7,95.8,none,indoor_assist
2026-03-11 10:45:00,Wednesday,10,176.9,95.8,none,navigation
2026-03-11 10:45:30,Wednesday,10,116.6,95.8,obstacle_medium,navigation
2026-03-11 10:46:00,Wednesday,10,103.5,95.8,none,indoor_assist
2026-03-11 10:46:30,Wednesday,10,166.1,95.7,none,navigation
2026-03-11 10:47:00,Wednesday,10,91.5,95.7,obstacle_near,navigation
2026-03-11 10:47:30,Wednesday,10,122.4,95.7,none,standby
2026-03-11 10:48:00,Wednesday,10,129.1,95.7,none,indoor_assist
2026-03-11 10:48:30,Wednesday,10,61.5,95.7,obstacle_medium,indoor_assist
2026-03-11 10:49:00,Wednesday,10,119.2,95.6,none,standby
2026-03-11 10:49:30,Wednesday,10,113.9,95.6,none,navigation
2026-03-11 10:50:00,Wednesday,10,97.5,95.6,none,standby
2026-03-11 10:50:30,Wednesday,10,120.3,95.6,none,indoor_assist
2026-03-11 10:51:00,Wednesday,10,145.8,95.6,none,standby
2026-03-11 10:51:30,Wednesday,10,190.1,95.5,none,indoor_assist
2026-03-11 10:52:00,Wednesday,10,146.4,95.5,none,indoor_assist
2026-03-11 10:52:30,Wednesday,10,100.6,95.5,low_battery,indoor_assist
2026-03-11 10:53:00,Wednesday,10,142.8,95.5,none,standby
2026-03-11 10:53:30,Wednesday,10,100.7,95.5,none,navigation
2026-03-11 10:54:00,Wednesday,10,92.7,95.4,none,navigation
2026-03-11 10:54:30,Wednesday,10,116.5,95.4,none,standby
2026-03-11 10:55:00,Wednesday,10,126.5,95.4,none,navigation
2026-03-11 10:55:30,Wednesday,10,96.1,95.4,none,navigation
2026-03-11 10:56:00,Wednesday,10,165.9,95.4,none,indoor_assist
2026-03-11 10:56:30,Wednesday,10,183.4,95.3,none,navigation
2026-03-11 10:57:00,Wednesday,10,121.6,95.3,obstacle_near,navigation
2026-03-11 10:57:30,Wednesday,10,114.9,95.3,none,navigation
2026-03-11 10:58:00,Wednesday,10,109.1,95.3,none,navigation
2026-03-11 10:58:30,Wednesday,10,149.9,95.3,low_battery,navigation
2026-03-11 10:59:00,Wednesday,10,107.7,95.2,none,indoor_assist
2026-03-11 10:59:30,Wednesday,10,178.1,95.2,obstacle_medium,navigation
2026-03-11 11:00:00,Wednesday,11,107.1,95.2,obstacle_medium,indoor_assist
2026-03-11 11:00:30,Wednesday,11,218.7,95.2,obstacle_medium,navigation
2026-03-11 11:01:00,Wednesday,11,92.3,95.2,none,indoor_assist
2026-03-11 11:01:30,Wednesday,11,124.7,95.1,none,standby
2026-03-11 11:02:00,Wednesday,11,139.0,95.1,none,navigation
2026-03-11 11:02:30,Wednesday,11,133.5,95.1,none,indoor_assist
2026-03-11 11:03:00,Wednesday,11,102.7,95.1,none,navigation
2026-03-11 11:03:30,Wednesday,11,155.4,95.1,obstacle_medium,indoor_assist
2026-03-11 11:04:00,Wednesday,11,116.0,95.0,none,indoor_assist
2026-03-11 11:04:30,Wednesday,11,132.0,95.0,none,navigation
2026-03-11 11:05:00,Wednesday,11,142.9,95.0,obstacle_medium,navigation
2026-03-11 11:05:30,Wednesday,11,97.4,95.0,none,standby
2026-03-11 11:06:00,Wednesday,11,112.1,95.0,none,navigation
2026-03-11 11:06:30,Wednesday,11,87.2,94.9,none,navigation
2026-03-11 11:07:00,Wednesday,11,49.7,94.9,obstacle_medium,indoor_assist
2026-03-11 11:07:30,Wednesday,11,92.7,94.9,none,navigation
2026-03-11 11:08:00,Wednesday,11,121.7,94.9,obstacle_medium,indoor_assist
2026-03-11 11:08:30,Wednesday,11,155.9,94.9,none,navigation
2026-03-11 11:09:00,Wednesday,11,121.0,94.8,none,navigation
2026-03-11 11:09:30,Wednesday,11,90.1,94.8,none,standby
2026-03-11 11:10:00,Wednesday,11,110.3,94.8,obstacle_near,indoor_assist
2026-03-11 11:10:30,Wednesday,11,122.5,94.8,none,navigation
2026-03-11 11:11:00,Wednesday,11,140.3,94.8,none,navigation
2026-03-11 11:11:30,Wednesday,11,134.3,94.7,obstacle_near,indoor_assist
2026-03-11 11:12:00,Wednesday,11,97.5,94.7,obstacle_near,navigation
2026-03-11 11:12:30,Wednesday,11,76.2,94.7,obstacle_medium,indoor_assist
2026-03-11 11:13:00,Wednesday,11,98.7,94.7,none,standby
2026-03-11 11:13:30,Wednesday,11,120.6,94.7,none,navigation
2026-03-11 11:14:00,Wednesday,11,123.4,94.6,none,indoor_assist
2026-03-11 11:14:30,Wednesday,11,119.8,94.6,obstacle_medium,navigation
2026-03-11 11:15:00,Wednesday,11,107.9,94.6,obstacle_medium,navigation
2026-03-11 11:15:30,Wednesday,11,110.8,94.6,none,indoor_assist
2026-03-11 11:16:00,Wednesday,11,110.5,94.6,obstacle_medium,navigation
2026-03-11 11:16:30,Wednesday,11,123.5,94.5,none,indoor_assist
2026-03-11 11:17:00,Wednesday,11,140.6,94.5,none,indoor_assist
2026-03-11 11:17:30,Wednesday,11,88.4,94.5,none,indoor_assist
2026-03-11 11:18:00,Wednesday,11,81.1,94.5,obstacle_medium,indoor_assist
2026-03-11 11:18:30,Wednesday,11,137.6,94.5,none,navigation
2026-03-11 11:19:00,Wednesday,11,118.0,94.4,none,navigation
2026-03-11 11:19:30,Wednesday,11,82.3,94.4,none,standby
2026-03-11 11:20:00,Wednesday,11,75.5,94.4,obstacle_medium,indoor_assist
2026-03-11 11:20:30,Wednesday,11,122.0,94.4,obstacle_medium,navigation
2026-03-11 11:21:00,Wednesday,11,113.6,94.4,none,indoor_assist
2026-03-11 11:21:30,Wednesday,11,123.3,94.3,obstacle_near,navigation
2026-03-11 11:22:00,Wednesday,11,81.1,94.3,none,navigation
2026-03-11 11:22:30,Wednesday,11,69.8,94.3,obstacle_medium,standby
2026-03-11 11:23:00,Wednesday,11,72.9,94.3,obstacle_medium,standby
2026-03-11 11:23:30,Wednesday,11,129.6,94.3,none,standby
2026-03-11 11:24:00,Wednesday,11,92.2,94.2,none,navigation
2026-03-11 11:24:30,Wednesday,11,119.4,94.2,obstacle_near,indoor_assist
2026-03-11 11:25:00,Wednesday,11,91.4,94.2,none,indoor_assist
2026-03-11 11:25:30,Wednesday,11,158.4,94.2,none,navigation
2026-03-11 11:26:00,Wednesday,11,122.0,94.2,none,standby
2026-03-11 11:26:30,Wednesday,11,94.6,94.1,none,navigation
2026-03-11 11:27:00,Wednesday,11,76.7,94.1,obstacle_medium,standby
2026-03-11 11:27:30,Wednesday,11,127.8,94.1,none,indoor_assist
2026-03-11 11:28:00,Wednesday,11,138.2,94.1,none,navigation
2026-03-11 11:28:30,Wednesday,11,139.3,94.1,none,navigation
2026-03-11 11:29:00,Wednesday,11,176.3,94.0,obstacle_medium,navigation
2026-03-11 11:29:30,Wednesday,11,136.3,94.0,obstacle_medium,standby
2026-03-11 11:30:00,Wednesday,11,69.9,94.0,obstacle_medium,indoor_assist
2026-03-11 11:30:30,Wednesday,11,127.5,94.0,none,navigation
2026-03-11 11:31:00,Wednesday,11,135.0,94.0,none,indoor_assist
2026-03-11 11:31:30,Wednesday,11,109.1,93.9,none,navigation
2026-03-11 11:32:00,Wednesday,11,108.7,93.9,none,navigation
2026-03-11 11:32:30,Wednesday,11,110.4,93.9,none,indoor_assist
2026-03-11 11:33:00,Wednesday,11,156.7,93.9,none,indoor_assist
2026-03-11 11:33:30,Wednesday,11,62.7,93.9,obstacle_medium,standby
2026-03-11 11:34:00,Wednesday,11,102.1,93.8,low_battery,navigation
2026-03-11 11:34:30,Wednesday,11,111.0,93.8,low_battery,navigation
2026-03-11 11:35:00,Wednesday,11,148.9,93.8,none,navigation
2026-03-11 11:35:30,Wednesday,11,166.8,93.8,none,indoor_assist
2026-03-11 11:36:00,Wednesday,11,110.1,93.8,none,standby
2026-03-11 11:36:30,Wednesday,11,102.3,93.7,none,navigation
2026-03-11 11:37:00,Wednesday,11,108.9,93.7,obstacle_medium,indoor_assist
2026-03-11 11:37:30,Wednesday,11,116.7,93.7,none,indoor_assist
2026-03-11 11:38:00,Wednesday,11,63.3,93.7,obstacle_medium,navigation
2026-03-11 11:38:30,Wednesday,11,121.4,93.7,none,indoor_assist
2026-03-11 11:39:00,Wednesday,11,104.8,93.6,obstacle_near,navigation
2026-03-11 11:39:30,Wednesday,11,114.1,93.6,none,navigation
2026-03-11 11:40:00,Wednesday,11,166.2,93.6,low_battery,navigation
2026-03-11 11:40:30,Wednesday,11,144.7,93.6,fall_detected,indoor_assist
2026-03-11 11:41:00,Wednesday,11,109.6,93.6,none,standby
2026-03-11 11:41:30,Wednesday,11,138.7,93.5,low_battery,indoor_assist
2026-03-11 11:42:00,Wednesday,11,175.3,93.5,none,navigation
2026-03-11 11:42:30,Wednesday,11,145.2,93.5,none,standby
2026-03-11 11:43:00,Wednesday,11,152.1,93.5,none,navigation
2026-03-11 11:43:30,Wednesday,11,105.3,93.5,none,navigation
2026-03-11 11:44:00,Wednesday,11,54.1,93.4,obstacle_medium,navigation
2026-03-11 11:44:30,Wednesday,11,132.1,93.4,none,navigation
2026-03-11 11:45:00,Wednesday,11,94.1,93.4,obstacle_medium,indoor_assist
2026-03-11 11:45:30,Wednesday,11,164.0,93.4,none,standby
2026-03-11 11:46:00,Wednesday,11,88.1,93.4,fall_detected,navigation
2026-03-11 11:46:30,Wednesday,11,67.3,93.3,obstacle_medium,standby
2026-03-11 11:47:00,Wednesday,11,105.2,93.3,obstacle_near,standby
2026-03-11 11:47:30,Wednesday,11,71.1,93.3,obstacle_medium,indoor_assist
2026-03-11 11:48:00,Wednesday,11,110.6,93.3,none,standby
2026-03-11 11:48:30,Wednesday,11,112.0,93.3,low_battery,navigation
2026-03-11 11:49:00,Wednesday,11,154.8,93.2,none,navigation
2026-03-11 11:49:30,Wednesday,11,127.9,93.2,none,indoor_assist
2026-03-11 11:50:00,Wednesday,11,126.1,93.2,obstacle_near,indoor_assist
2026-03-11 11:50:30,Wednesday,11,118.9,93.2,none,indoor_assist
2026-03-11 11:51:00,Wednesday,11,149.0,93.2,none,indoor_assist
2026-03-11 11:51:30,Wednesday,11,85.1,93.1,obstacle_near,indoor_assist
2026-03-11 11:52:00,Wednesday,11,109.3,93.1,none,navigation
2026-03-11 11:52:30,Wednesday,11,90.1,93.1,none,standby
2026-03-11 11:53:00,Wednesday,11,148.6,93.1,obstacle_medium,navigation
2026-03-11 11:53:30,Wednesday,11,116.9,93.1,obstacle_near,navigation
2026-03-11 11:54:00,Wednesday,11,101.7,93.0,none,standby
2026-03-11 11:54:30,Wednesday,11,108.6,93.0,none,indoor_assist
2026-03-11 11:55:00,Wednesday,11,125.2,93.0,none,indoor_assist
2026-03-11 11:55:30,Wednesday,11,119.7,93.0,obstacle_near,navigation
2026-03-11 11:56:00,Wednesday,11,123.8,93.0,none,indoor_assist
2026-03-11 11:56:30,Wednesday,11,128.1,92.9,fall_detected,navigation
2026-03-11 11:57:00,Wednesday,11,93.1,92.9,obstacle_medium,navigation
2026-03-11 11:57:30,Wednesday,11,98.8,92.9,low_battery,indoor_assist
2026-03-11 11:58:00,Wednesday,11,71.1,92.9,obstacle_medium,standby
2026-03-11 11:58:30,Wednesday,11,121.6,92.9,obstacle_medium,indoor_assist
2026-03-11 11:59:00,Wednesday,11,168.7,92.8,low_battery,indoor_assist
2026-03-11 11:59:30,Wednesday,11,101.2,92.8,none,navigation
2026-03-11 12:00:00,Wednesday,12,188.6,92.8,obstacle_near,standby
2026-03-11 12:00:30,Wednesday,12,166.4,92.8,none,indoor_assist
2026-03-11 12:01:00,Wednesday,12,196.2,92.8,obstacle_medium,standby
2026-03-11 12:01:30,Wednesday,12,219.9,92.7,fall_detected,indoor_assist
2026-03-11 12:02:00,Wednesday,12,207.1,92.7,none,navigation
2026-03-11 12:02:30,Wednesday,12,228.1,92.7,none,indoor_assist
2026-03-11 12:03:00,Wednesday,12,180.6,92.7,obstacle_medium,navigation
2026-03-11 12:03:30,Wednesday,12,173.3,92.7,obstacle_near,navigation
2026-03-11 12:04:00,Wednesday,12,158.0,92.6,obstacle_medium,navigation
2026-03-11 12:04:30,Wednesday,12,237.4,92.6,none,navigation
2026-03-11 12:05:00,Wednesday,12,219.2,92.6,obstacle_near,navigation
2026-03-11 12:05:30,Wednesday,12,177.6,92.6,obstacle_medium,navigation
2026-03-11 12:06:00,Wednesday,12,224.2,92.6,none,navigation
2026-03-11 12:06:30,Wednesday,12,208.3,92.5,obstacle_near,indoor_assist
2026-03-11 12:07:00,Wednesday,12,253.2,92.5,none,indoor_assist
2026-03-11 12:07:30,Wednesday,12,157.8,92.5,none,indoor_assist
2026-03-11 12:08:00,Wednesday,12,169.5,92.5,none,navigation
2026-03-11 12:08:30,Wednesday,12,247.4,92.5,none,indoor_assist
2026-03-11 12:09:00,Wednesday,12,213.5,92.4,none,indoor_assist
2026-03-11 12:09:30,Wednesday,12,205.1,92.4,none,standby
2026-03-11 12:10:00,Wednesday,12,231.0,92.4,none,indoor_assist
2026-03-11 12:10:30,Wednesday,12,187.3,92.4,none,navigation
2026-03-11 12:11:00,Wednesday,12,163.5,92.4,none,navigation
2026-03-11 12:11:30,Wednesday,12,233.7,92.3,obstacle_near,indoor_assist
2026-03-11 12:12:00,Wednesday,12,212.1,92.3,fall_detected,indoor_assist
2026-03-11 12:12:30,Wednesday,12,196.2,92.3,none,navigation
2026-03-11 12:13:00,Wednesday,12,178.7,92.3,none,indoor_assist
2026-03-11 12:13:30,Wednesday,12,181.1,92.3,none,indoor_assist
2026-03-11 12:14:00,Wednesday,12,227.6,92.2,none,navigation
2026-03-11 12:14:30,Wednesday,12,227.4,92.2,obstacle_medium,navigation
2026-03-11 12:15:00,Wednesday,12,168.7,92.2,none,navigation
2026-03-11 12:15:30,Wednesday,12,212.4,92.2,none,navigation
2026-03-11 12:16:00,Wednesday,12,266.2,92.2,low_battery,indoor_assist
2026-03-11 12:16:30,Wednesday,12,225.5,92.1,none,navigation
2026-03-11 12:17:00,Wednesday,12,221.8,92.1,low_battery,standby
2026-03-11 12:17:30,Wednesday,12,246.2,92.1,obstacle_medium,indoor_assist
2026-03-11 12:18:00,Wednesday,12,225.1,92.1,obstacle_near,navigation
2026-03-11 12:18:30,Wednesday,12,233.2,92.1,obstacle_near,indoor_assist
2026-03-11 12:19:00,Wednesday,12,225.3,92.0,obstacle_near,indoor_assist
2026-03-11 12:19:30,Wednesday,12,169.6,92.0,obstacle_near,indoor_assist
2026-03-11 12:20:00,Wednesday,12,198.7,92.0,none,standby
2026-03-11 12:20:30,Wednesday,12,223.1,92.0,none,indoor_assist
2026-03-11 12:21:00,Wednesday,12,177.5,92.0,obstacle_near,navigation
2026-03-11 12:21:30,Wednesday,12,183.6,91.9,none,navigation
2026-03-11 12:22:00,Wednesday,12,186.7,91.9,none,navigation
2026-03-11 12:22:30,Wednesday,12,225.7,91.9,none,standby
2026-03-11 12:23:00,Wednesday,12,216.6,91.9,none,navigation
2026-03-11 12:23:30,Wednesday,12,220.9,91.9,none,indoor_assist
2026-03-11 12:24:00,Wednesday,12,120.5,91.8,none,navigation
2026-03-11 12:24:30,Wednesday,12,214.8,91.8,obstacle_near,standby
2026-03-11 12:25:00,Wednesday,12,205.8,91.8,none,indoor_assist
2026-03-11 12:25:30,Wednesday,12,196.4,91.8,none,indoor_assist
2026-03-11 12:26:00,Wednesday,12,160.5,91.8,none,navigation
2026-03-11 12:26:30,Wednesday,12,198.0,91.7,none,navigation
2026-03-11 12:27:00,Wednesday,12,195.6,91.7,none,navigation
2026-03-11 12:27:30,Wednesday,12,170.9,91.7,obstacle_near,standby
2026-03-11 12:28:00,Wednesday,12,205.6,91.7,none,indoor_assist
2026-03-11 12:28:30,Wednesday,12,235.0,91.7,none,indoor_assist
2026-03-11 12:29:00,Wednesday,12,221.1,91.6,obstacle_near,navigation
2026-03-11 12:29:30,Wednesday,12,169.9,91.6,none,navigation
2026-03-11 12:30:00,Wednesday,12,193.1,91.6,low_battery,navigation
2026-03-11 12:30:30,Wednesday,12,256.6,91.6,fall_detected,indoor_assist
2026-03-11 12:31:00,Wednesday,12,178.6,91.6,none,navigation
2026-03-11 12:31:30,Wednesday,12,225.2,91.5,fall_detected,indoor_assist
2026-03-11 12:32:00,Wednesday,12,220.8,91.5,none,indoor_assist
2026-03-11 12:32:30,Wednesday,12,180.6,91.5,none,indoor_assist
2026-03-11 12:33:00,Wednesday,12,174.1,91.5,none,indoor_assist
2026-03-11 12:33:30,Wednesday,12,179.9,91.5,none,navigation
2026-03-11 12:34:00,Wednesday,12,149.5,91.4,none,indoor_assist
2026-03-11 12:34:30,Wednesday,12,187.8,91.4,obstacle_medium,navigation
2026-03-11 12:35:00,Wednesday,12,194.0,91.4,obstacle_medium,navigation
2026-03-11 12:35:30,Wednesday,12,225.3,91.4,none,indoor_assist
2026-03-11 12:36:00,Wednesday,12,165.3,91.4,none,standby
2026-03-11 12:36:30,Wednesday,12,161.8,91.3,obstacle_near,navigation
2026-03-11 12:37:00,Wednesday,12,196.8,91.3,none,indoor_assist
2026-03-11 12:37:30,Wednesday,12,238.0,91.3,obstacle_medium,navigation
2026-03-11 12:38:00,Wednesday,12,158.3,91.3,none,navigation
2026-03-11 12:38:30,Wednesday,12,219.2,91.3,none,standby
2026-03-11 12:39:00,Wednesday,12,223.1,91.2,none,indoor_assist
2026-03-11 12:39:30,Wednesday,12,184.1,91.2,none,navigation
2026-03-11 12:40:00,Wednesday,12,251.3,91.2,none,indoor_assist
2026-03-11 12:40:30,Wednesday,12,161.5,91.2,none,navigation
2026-03-11 12:41:00,Wednesday,12,198.0,91.2,none,navigation
2026-03-11 12:41:30,Wednesday,12,172.0,91.1,none,indoor_assist
2026-03-11 12:42:00,Wednesday,12,191.7,91.1,obstacle_medium,navigation
2026-03-11 12:42:30,Wednesday,12,233.1,91.1,none,standby
2026-03-11 12:43:00,Wednesday,12,211.6,91.1,none,indoor_assist
2026-03-11 12:43:30,Wednesday,12,195.1,91.1,none,indoor_assist
2026-03-11 12:44:00,Wednesday,12,176.6,91.0,none,indoor_assist
2026-03-11 12:44:30,Wednesday,12,222.2,91.0,none,navigation
2026-03-11 12:45:00,Wednesday,12,192.0,91.0,none,standby
2026-03-11 12:45:30,Wednesday,12,226.2,91.0,none,indoor_assist
2026-03-11 12:46:00,Wednesday,12,176.3,91.0,none,navigation
2026-03-11 12:46:30,Wednesday,12,211.8,90.9,obstacle_medium,indoor_assist
2026-03-11 12:47:00,Wednesday,12,191.3,90.9,obstacle_medium,indoor_assist
2026-03-11 12:47:30,Wednesday,12,110.1,90.9,none,indoor_assist
2026-03-11 12:48:00,Wednesday,12,219.9,90.9,obstacle_medium,navigation
2026-03-11 12:48:30,Wednesday,12,214.4,90.9,none,standby
2026-03-11 12:49:00,Wednesday,12,183.9,90.8,none,indoor_assist
2026-03-11 12:49:30,Wednesday,12,265.1,90.8,none,indoor_assist
2026-03-11 12:50:00,Wednesday,12,212.9,90.8,none,indoor_assist
2026-03-11 12:50:30,Wednesday,12,215.8,90.8,obstacle_near,standby
2026-03-11 12:51:00,Wednesday,12,236.2,90.8,none,navigation
2026-03-11 12:51:30,Wednesday,12,190.7,90.7,none,navigation
2026-03-11 12:52:00,Wednesday,12,220.8,90.7,none,indoor_assist
2026-03-11 12:52:30,Wednesday,12,268.5,90.7,none,indoor_assist
2026-03-11 12:53:00,Wednesday,12,196.0,90.7,none,indoor_assist
2026-03-11 12:53:30,Wednesday,12,213.9,90.7,none,navigation
2026-03-11 12:54:00,Wednesday,12,195.1,90.6,none,indoor_assist
2026-03-11 12:54:30,Wednesday,12,259.8,90.6,obstacle_medium,navigation
2026-03-11 12:55:00,Wednesday,12,246.8,90.6,none,navigation
2026-03-11 12:55:30,Wednesday,12,225.4,90.6,none,navigation
2026-03-11 12:56:00,Wednesday,12,175.5,90.6,none,indoor_assist
2026-03-11 12:56:30,Wednesday,12,173.7,90.5,none,standby
2026-03-11 12:57:00,Wednesday,12,136.4,90.5,none,navigation
2026-03-11 12:57:30,Wednesday,12,228.3,90.5,none,indoor_assist
2026-03-11 12:58:00,Wednesday,12,205.8,90.5,none,navigation
2026-03-11 12:58:30,Wednesday,12,194.4,90.5,obstacle_medium,navigation
2026-03-11 12:59:00,Wednesday,12,242.0,90.4,low_battery,navigation
2026-03-11 12:59:30,Wednesday,12,184.3,90.4,none,indoor_assist
2026-03-11 13:00:00,Wednesday,13,195.9,90.4,none,standby
2026-03-11 13:00:30,Wednesday,13,219.5,90.4,none,indoor_assist
2026-03-11 13:01:00,Wednesday,13,211.2,90.4,none,navigation
2026-03-11 13:01:30,Wednesday,13,200.2,90.3,obstacle_medium,navigation
2026-03-11 13:02:00,Wednesday,13,197.6,90.3,none,indoor_assist
2026-03-11 13:02:30,Wednesday,13,229.2,90.3,none,indoor_assist
2026-03-11 13:03:00,Wednesday,13,210.8,90.3,fall_detected,navigation
2026-03-11 13:03:30,Wednesday,13,222.9,90.3,none,indoor_assist
2026-03-11 13:04:00,Wednesday,13,178.0,90.2,none,navigation
2026-03-11 13:04:30,Wednesday,13,217.7,90.2,obstacle_medium,standby
2026-03-11 13:05:00,Wednesday,13,200.8,90.2,none,navigation
2026-03-11 13:05:30,Wednesday,13,175.3,90.2,none,navigation
2026-03-11 13:06:00,Wednesday,13,174.4,90.2,obstacle_medium,indoor_assist
2026-03-11 13:06:30,Wednesday,13,205.8,90.1,none,indoor_assist
2026-03-11 13:07:00,Wednesday,13,146.1,90.1,none,navigation
2026-03-11 13:07:30,Wednesday,13,205.5,90.1,fall_detected,navigation
2026-03-11 13:08:00,Wednesday,13,137.1,90.1,none,navigation
2026-03-11 13:08:30,Wednesday,13,197.0,90.1,none,navigation
2026-03-11 13:09:00,Wednesday,13,187.7,90.0,none,navigation
2026-03-11 13:09:30,Wednesday,13,227.2,90.0,none,navigation
2026-03-11 13:10:00,Wednesday,13,196.3,90.0,none,navigation
2026-03-11 13:10:30,Wednesday,13,172.9,90.0,none,indoor_assist
2026-03-11 13:11:00,Wednesday,13,210.2,90.0,none,standby
2026-03-11 13:11:30,Wednesday,13,217.6,89.9,none,navigation
2026-03-11 13:12:00,Wednesday,13,195.2,89.9,none,indoor_assist
2026-03-11 13:12:30,Wednesday,13,196.3,89.9,obstacle_medium,indoor_assist
2026-03-11 13:13:00,Wednesday,13,243.6,89.9,none,indoor_assist
2026-03-11 13:13:30,Wednesday,13,173.2,89.9,none,navigation
2026-03-11 13:14:00,Wednesday,13,205.6,89.8,none,standby
2026-03-11 13:14:30,Wednesday,13,216.6,89.8,obstacle_medium,indoor_assist
2026-03-11 13:15:00,Wednesday,13,222.8,89.8,obstacle_medium,indoor_assist
2026-03-11 13:15:30,Wednesday,13,185.7,89.8,none,navigation
2026-03-11 13:16:00,Wednesday,13,270.7,89.8,obstacle_medium,navigation
2026-03-11 13:16:30,Wednesday,13,208.9,89.7,none,navigation
2026-03-11 13:17:00,Wednesday,13,193.1,89.7,none,navigation
2026-03-11 13:17:30,Wednesday,13,220.6,89.7,low_battery,navigation
2026-03-11 13:18:00,Wednesday,13,209.3,89.7,obstacle_medium,indoor_assist
2026-03-11 13:18:30,Wednesday,13,157.2,89.7,low_battery,navigation
2026-03-11 13:19:00,Wednesday,13,242.9,89.6,none,navigation
2026-03-11 13:19:30,Wednesday,13,221.5,89.6,obstacle_near,indoor_assist
2026-03-11 13:20:00,Wednesday,13,186.4,89.6,none,indoor_assist
2026-03-11 13:20:30,Wednesday,13,189.5,89.6,obstacle_medium,indoor_assist
2026-03-11 13:21:00,Wednesday,13,189.9,89.6,none,navigation
2026-03-11 13:21:30,Wednesday,13,224.5,89.5,low_battery,navigation
2026-03-11 13:22:00,Wednesday,13,196.1,89.5,none,navigation
2026-03-11 13:22:30,Wednesday,13,243.7,89.5,obstacle_medium,standby
2026-03-11 13:23:00,Wednesday,13,168.0,89.5,none,indoor_assist
2026-03-11 13:23:30,Wednesday,13,187.1,89.5,fall_detected,navigation
2026-03-11 13:24:00,Wednesday,13,170.0,89.4,none,indoor_assist
2026-03-11 13:24:30,Wednesday,13,200.6,89.4,obstacle_medium,navigation
2026-03-11 13:25:00,Wednesday,13,229.8,89.4,fall_detected,navigation
2026-03-11 13:25:30,Wednesday,13,195.3,89.4,none,indoor_assist
2026-03-11 13:26:00,Wednesday,13,172.9,89.4,none,navigation
2026-03-11 13:26:30,Wednesday,13,247.5,89.3,obstacle_medium,standby
2026-03-11 13:27:00,Wednesday,13,177.3,89.3,obstacle_medium,indoor_assist
2026-03-11 13:27:30,Wednesday,13,201.5,89.3,none,indoor_assist
2026-03-11 13:28:00,Wednesday,13,180.1,89.3,none,navigation
2026-03-11 13:28:30,Wednesday,13,191.1,89.3,none,navigation
2026-03-11 13:29:00,Wednesday,13,215.4,89.2,none,navigation
2026-03-11 13:29:30,Wednesday,13,221.4,89.2,obstacle_near,indoor_assist
2026-03-11 13:30:00,Wednesday,13,201.7,89.2,none,navigation
2026-03-11 13:30:30,Wednesday,13,146.6,89.2,none,navigation
2026-03-11 13:31:00,Wednesday,13,190.8,89.2,none,standby
2026-03-11 13:31:30,Wednesday,13,165.1,89.1,obstacle_medium,navigation
2026-03-11 13:32:00,Wednesday,13,190.9,89.1,none,navigation
2026-03-11 13:32:30,Wednesday,13,172.3,89.1,none,navigation
2026-03-11 13:33:00,Wednesday,13,125.9,89.1,obstacle_near,navigation
2026-03-11 13:33:30,Wednesday,13,230.6,89.1,obstacle_medium,indoor_assist
2026-03-11 13:34:00,Wednesday,13,150.3,89.0,none,navigation
2026-03-11 13:34:30,Wednesday,13,204.0,89.0,low_battery,navigation
2026-03-11 13:35:00,Wednesday,13,181.4,89.0,none,indoor_assist
2026-03-11 13:35:30,Wednesday,13,265.2,89.0,none,navigation
2026-03-11 13:36:00,Wednesday,13,190.3,89.0,none,navigation
2026-03-11 13:36:30,Wednesday,13,186.6,88.9,none,indoor_assist
2026-03-11 13:37:00,Wednesday,13,177.3,88.9,none,standby
2026-03-11 13:37:30,Wednesday,13,197.2,88.9,none,indoor_assist
2026-03-11 13:38:00,Wednesday,13,209.7,88.9,none,indoor_assist
2026-03-11 13:38:30,Wednesday,13,187.1,88.9,obstacle_near,navigation
2026-03-11 13:39:00,Wednesday,13,206.5,88.8,none,navigation
2026-03-11 13:39:30,Wednesday,13,209.1,88.8,obstacle_medium,indoor_assist
2026-03-11 13:40:00,Wednesday,13,173.9,88.8,obstacle_near,navigation
2026-03-11 13:40:30,Wednesday,13,193.7,88.8,obstacle_medium,navigation
2026-03-11 13:41:00,Wednesday,13,180.0,88.8,none,standby
2026-03-11 13:41:30,Wednesday,13,192.2,88.7,low_battery,indoor_assist
2026-03-11 13:42:00,Wednesday,13,226.9,88.7,none,indoor_assist
2026-03-11 13:42:30,Wednesday,13,170.7,88.7,none,navigation
2026-03-11 13:43:00,Wednesday,13,157.4,88.7,obstacle_near,navigation
2026-03-11 13:43:30,Wednesday,13,188.8,88.7,none,navigation
2026-03-11 13:44:00,Wednesday,13,198.9,88.6,none,indoor_assist
2026-03-11 13:44:30,Wednesday,13,213.9,88.6,none,navigation
2026-03-11 13:45:00,Wednesday,13,205.5,88.6,low_battery,indoor_assist
2026-03-11 13:45:30,Wednesday,13,160.2,88.6,none,indoor_assist
2026-03-11 13:46:00,Wednesday,13,182.1,88.6,none,standby
2026-03-11 13:46:30,Wednesday,13,203.0,88.5,obstacle_medium,indoor_assist
2026-03-11 13:47:00,Wednesday,13,210.9,88.5,none,navigation
2026-03-11 13:47:30,Wednesday,13,214.3,88.5,none,navigation
2026-03-11 13:48:00,Wednesday,13,167.8,88.5,none,navigation
2026-03-11 13:48:30,Wednesday,13,197.6,88.5,none,navigation
2026-03-11 13:49:00,Wednesday,13,172.9,88.4,none,navigation
2026-03-11 13:49:30,Wednesday,13,189.2,88.4,none,indoor_assist
2026-03-11 13:50:00,Wednesday,13,139.0,88.4,none,standby
2026-03-11 13:50:30,Wednesday,13,188.1,88.4,none,indoor_assist
2026-03-11 13:51:00,Wednesday,13,186.2,88.4,none,navigation
2026-03-11 13:51:30,Wednesday,13,144.3,88.3,none,indoor_assist
2026-03-11 13:52:00,Wednesday,13,170.0,88.3,none,navigation
2026-03-11 13:52:30,Wednesday,13,188.6,88.3,none,navigation
2026-03-11 13:53:00,Wednesday,13,176.7,88.3,obstacle_medium,indoor_assist
2026-03-11 13:53:30,Wednesday,13,157.5,88.3,none,standby
2026-03-11 13:54:00,Wednesday,13,186.1,88.2,none,navigation
2026-03-11 13:54:30,Wednesday,13,212.7,88.2,none,indoor_assist
2026-03-11 13:55:00,Wednesday,13,225.8,88.2,obstacle_medium,navigation
2026-03-11 13:55:30,Wednesday,13,200.9,88.2,low_battery,standby
2026-03-11 13:56:00,Wednesday,13,193.9,88.2,low_battery,navigation
2026-03-11 13:56:30,Wednesday,13,195.1,88.1,obstacle_near,indoor_assist
2026-03-11 13:57:00,Wednesday,13,199.2,88.1,none,indoor_assist
2026-03-11 13:57:30,Wednesday,13,242.0,88.1,none,standby
2026-03-11 13:58:00,Wednesday,13,242.4,88.1,none,navigation
2026-03-11 13:58:30,Wednesday,13,199.3,88.1,none,indoor_assist
2026-03-11 13:59:00,Wednesday,13,203.0,88.0,obstacle_near,standby
2026-03-11 13:59:30,Wednesday,13,192.2,88.0,obstacle_medium,indoor_assist
2026-03-11 14:00:00,Wednesday,14,211.0,100.0,none,indoor_assist
2026-03-11 14:00:30,Wednesday,14,188.4,100.0,obstacle_near,indoor_assist
2026-03-11 14:01:00,Wednesday,14,212.6,100.0,none,standby
2026-03-11 14:01:30,Wednesday,14,205.2,99.9,obstacle_medium,indoor_assist
2026-03-11 14:02:00,Wednesday,14,256.9,99.9,none,navigation
2026-03-11 14:02:30,Wednesday,14,206.0,99.9,none,standby
2026-03-11 14:03:00,Wednesday,14,138.4,99.9,none,standby
2026-03-11 14:03:30,Wednesday,14,162.6,99.9,none,indoor_assist
2026-03-11 14:04:00,Wednesday,14,194.7,99.8,none,indoor_assist
2026-03-11 14:04:30,Wednesday,14,190.4,99.8,none,navigation
2026-03-11 14:05:00,Wednesday,14,177.4,99.8,obstacle_medium,indoor_assist
2026-03-11 14:05:30,Wednesday,14,208.4,99.8,obstacle_medium,indoor_assist
2026-03-11 14:06:00,Wednesday,14,201.3,99.8,low_battery,navigation
2026-03-11 14:06:30,Wednesday,14,197.9,99.7,none,indoor_assist
2026-03-11 14:07:00,Wednesday,14,187.2,99.7,none,navigation
2026-03-11 14:07:30,Wednesday,14,163.4,99.7,obstacle_medium,indoor_assist
2026-03-11 14:08:00,Wednesday,14,215.8,99.7,none,indoor_assist
2026-03-11 14:08:30,Wednesday,14,236.9,99.7,none,navigation
2026-03-11 14:09:00,Wednesday,14,191.3,99.6,none,navigation
2026-03-11 14:09:30,Wednesday,14,208.8,99.6,none,indoor_assist
2026-03-11 14:10:00,Wednesday,14,215.9,99.6,none,navigation
2026-03-11 14:10:30,Wednesday,14,188.7,99.6,obstacle_near,indoor_assist
2026-03-11 14:11:00,Wednesday,14,207.2,99.6,none,navigation
2026-03-11 14:11:30,Wednesday,14,214.8,99.5,obstacle_medium,standby
2026-03-11 14:12:00,Wednesday,14,211.1,99.5,none,navigation
2026-03-11 14:12:30,Wednesday,14,222.5,99.5,none,indoor_assist
2026-03-11 14:13:00,Wednesday,14,175.0,99.5,none,indoor_assist
2026-03-11 14:13:30,Wednesday,14,235.0,99.5,none,navigation
2026-03-11 14:14:00,Wednesday,14,215.0,99.4,none,navigation
2026-03-11 14:14:30,Wednesday,14,174.5,99.4,none,navigation
2026-03-11 14:15:00,Wednesday,14,220.0,99.4,obstacle_medium,indoor_assist
2026-03-11 14:15:30,Wednesday,14,150.4,99.4,none,indoor_assist
2026-03-11 14:16:00,Wednesday,14,203.6,99.4,none,navigation
2026-03-11 14:16:30,Wednesday,14,187.4,99.3,none,navigation
2026-03-11 14:17:00,Wednesday,14,232.9,99.3,obstacle_medium,navigation
2026-03-11 14:17:30,Wednesday,14,229.1,99.3,none,navigation
2026-03-11 14:18:00,Wednesday,14,171.2,99.3,obstacle_near,indoor_assist
2026-03-11 14:18:30,Wednesday,14,227.7,99.3,none,standby
2026-03-11 14:19:00,Wednesday,14,231.3,99.2,none,indoor_assist
2026-03-11 14:19:30,Wednesday,14,201.6,99.2,obstacle_medium,standby
2026-03-11 14:20:00,Wednesday,14,188.3,99.2,obstacle_medium,navigation
2026-03-11 14:20:30,Wednesday,14,231.6,99.2,none,navigation
2026-03-11 14:21:00,Wednesday,14,171.5,99.2,none,indoor_assist
2026-03-11 14:21:30,Wednesday,14,185.3,99.1,low_battery,navigation
2026-03-11 14:22:00,Wednesday,14,176.3,99.1,none,standby
2026-03-11 14:22:30,Wednesday,14,238.5,99.1,none,indoor_assist
2026-03-11 14:23:00,Wednesday,14,229.0,99.1,none,indoor_assist
2026-03-11 14:23:30,Wednesday,14,179.2,99.1,none,navigation
2026-03-11 14:24:00,Wednesday,14,235.4,99.0,none,standby
2026-03-11 14:24:30,Wednesday,14,206.4,99.0,none,standby
2026-03-11 14:25:00,Wednesday,14,225.6,99.0,none,navigation
2026-03-11 14:25:30,Wednesday,14,276.2,99.0,none,standby
2026-03-11 14:26:00,Wednesday,14,225.4,99.0,none,indoor_assist
2026-03-11 14:26:30,Wednesday,14,195.2,98.9,none,navigation
2026-03-11 14:27:00,Wednesday,14,216.9,98.9,none,navigation
2026-03-11 14:27:30,Wednesday,14,200.1,98.9,obstacle_medium,navigation
2026-03-11 14:28:00,Wednesday,14,203.8,98.9,fall_detected,indoor_assist
2026-03-11 14:28:30,Wednesday,14,212.5,98.9,none,navigation
2026-03-11 14:29:00,Wednesday,14,172.7,98.8,none,indoor_assist
2026-03-11 14:29:30,Wednesday,14,203.9,98.8,none,standby
2026-03-11 14:30:00,Wednesday,14,172.2,98.8,none,indoor_assist
2026-03-11 14:30:30,Wednesday,14,150.7,98.8,obstacle_medium,navigation
2026-03-11 14:31:00,Wednesday,14,201.3,98.8,none,standby
2026-03-11 14:31:30,Wednesday,14,184.0,98.7,none,indoor_assist
2026-03-11 14:32:00,Wednesday,14,173.3,98.7,obstacle_near,navigation
2026-03-11 14:32:30,Wednesday,14,213.7,98.7,none,indoor_assist
2026-03-11 14:33:00,Wednesday,14,207.3,98.7,none,navigation
2026-03-11 14:33:30,Wednesday,14,240.4,98.7,none,indoor_assist
2026-03-11 14:34:00,Wednesday,14,161.5,98.6,none,indoor_assist
2026-03-11 14:34:30,Wednesday,14,167.9,98.6,obstacle_medium,navigation
2026-03-11 14:35:00,Wednesday,14,207.7,98.6,none,indoor_assist
2026-03-11 14:35:30,Wednesday,14,231.1,98.6,none,navigation
2026-03-11 14:36:00,Wednesday,14,157.8,98.6,obstacle_near,standby
2026-03-11 14:36:30,Wednesday,14,236.3,98.5,none,navigation
2026-03-11 14:37:00,Wednesday,14,176.5,98.5,none,navigation
2026-03-11 14:37:30,Wednesday,14,148.2,98.5,none,navigation
2026-03-11 14:38:00,Wednesday,14,235.1,98.5,obstacle_near,navigation
2026-03-11 14:38:30,Wednesday,14,158.8,98.5,none,navigation
2026-03-11 14:39:00,Wednesday,14,166.8,98.4,none,navigation
2026-03-11 14:39:30,Wednesday,14,209.7,98.4,none,navigation
2026-03-11 14:40:00,Wednesday,14,197.7,98.4,none,indoor_assist
2026-03-11 14:40:30,Wednesday,14,242.5,98.4,none,navigation
2026-03-11 14:41:00,Wednesday,14,173.3,98.4,none,navigation
2026-03-11 14:41:30,Wednesday,14,204.5,98.3,none,standby
2026-03-11 14:42:00,Wednesday,14,171.1,98.3,none,navigation
2026-03-11 14:42:30,Wednesday,14,194.2,98.3,none,standby
2026-03-11 14:43:00,Wednesday,14,183.2,98.3,none,indoor_assist
2026-03-11 14:43:30,Wednesday,14,189.3,98.3,none,navigation
2026-03-11 14:44:00,Wednesday,14,197.0,98.2,none,navigation
2026-03-11 14:44:30,Wednesday,14,215.0,98.2,none,indoor_assist
2026-03-11 14:45:00,Wednesday,14,199.6,98.2,low_battery,indoor_assist
2026-03-11 14:45:30,Wednesday,14,227.2,98.2,none,navigation
2026-03-11 14:46:00,Wednesday,14,196.5,98.2,none,indoor_assist
2026-03-11 14:46:30,Wednesday,14,204.4,98.1,none,navigation
2026-03-11 14:47:00,Wednesday,14,247.9,98.1,fall_detected,navigation
2026-03-11 14:47:30,Wednesday,14,211.2,98.1,obstacle_medium,indoor_assist
2026-03-11 14:48:00,Wednesday,14,178.6,98.1,low_battery,standby
2026-03-11 14:48:30,Wednesday,14,176.4,98.1,none,navigation
2026-03-11 14:49:00,Wednesday,14,226.0,98.0,none,indoor_assist
2026-03-11 14:49:30,Wednesday,14,149.4,98.0,none,navigation
2026-03-11 14:50:00,Wednesday,14,188.2,98.0,none,indoor_assist
2026-03-11 14:50:30,Wednesday,14,212.1,98.0,none,navigation
2026-03-11 14:51:00,Wednesday,14,212.1,98.0,none,indoor_assist
2026-03-11 14:51:30,Wednesday,14,198.5,97.9,none,navigation
2026-03-11 14:52:00,Wednesday,14,222.0,97.9,none,standby
2026-03-11 14:52:30,Wednesday,14,192.9,97.9,none,navigation
2026-03-11 14:53:00,Wednesday,14,214.6,97.9,low_battery,navigation
2026-03-11 14:53:30,Wednesday,14,213.1,97.9,none,standby
2026-03-11 14:54:00,Wednesday,14,202.1,97.8,none,navigation
2026-03-11 14:54:30,Wednesday,14,253.7,97.8,none,navigation
2026-03-11 14:55:00,Wednesday,14,199.0,97.8,low_battery,indoor_assist
2026-03-11 14:55:30,Wednesday,14,147.9,97.8,none,standby
2026-03-11 14:56:00,Wednesday,14,189.6,97.8,none,navigation
2026-03-11 14:56:30,Wednesday,14,178.5,97.7,none,navigation
2026-03-11 14:57:00,Wednesday,14,195.7,97.7,none,navigation
2026-03-11 14:57:30,Wednesday,14,240.3,97.7,obstacle_medium,navigation
2026-03-11 14:58:00,Wednesday,14,195.1,97.7,low_battery,indoor_assist
2026-03-11 14:58:30,Wednesday,14,209.7,97.7,none,indoor_assist
2026-03-11 14:59:00,Wednesday,14,182.3,97.6,none,standby
2026-03-11 14:59:30,Wednesday,14,179.9,97.6,obstacle_near,navigation
2026-03-11 15:00:00,Wednesday,15,181.5,97.6,none,indoor_assist
2026-03-11 15:00:30,Wednesday,15,226.7,97.6,obstacle_medium,indoor_assist
2026-03-11 15:01:00,Wednesday,15,189.3,97.6,obstacle_near,standby
2026-03-11 15:01:30,Wednesday,15,179.6,97.5,none,indoor_assist
2026-03-11 15:02:00,Wednesday,15,174.4,97.5,obstacle_medium,standby
2026-03-11 15:02:30,Wednesday,15,189.6,97.5,none,navigation
2026-03-11 15:03:00,Wednesday,15,182.1,97.5,obstacle_near,indoor_assist
2026-03-11 15:03:30,Wednesday,15,241.2,97.5,obstacle_medium,navigation
2026-03-11 15:04:00,Wednesday,15,109.7,97.4,obstacle_near,standby
2026-03-11 15:04:30,Wednesday,15,241.4,97.4,none,navigation
2026-03-11 15:05:00,Wednesday,15,206.5,97.4,obstacle_medium,indoor_assist
2026-03-11 15:05:30,Wednesday,15,267.3,97.4,none,navigation
2026-03-11 15:06:00,Wednesday,15,218.5,97.4,none,navigation
2026-03-11 15:06:30,Wednesday,15,291.5,97.3,obstacle_medium,indoor_assist
2026-03-11 15:07:00,Wednesday,15,197.0,97.3,none,indoor_assist
2026-03-11 15:07:30,Wednesday,15,169.8,97.3,none,indoor_assist
2026-03-11 15:08:00,Wednesday,15,188.0,97.3,obstacle_medium,standby
2026-03-11 15:08:30,Wednesday,15,225.8,97.3,none,indoor_assist
2026-03-11 15:09:00,Wednesday,15,184.7,97.2,none,standby
2026-03-11 15:09:30,Wednesday,15,233.8,97.2,none,navigation
2026-03-11 15:10:00,Wednesday,15,215.1,97.2,none,navigation
2026-03-11 15:10:30,Wednesday,15,170.9,97.2,low_battery,indoor_assist
2026-03-11 15:11:00,Wednesday,15,183.1,97.2,obstacle_medium,standby
2026-03-11 15:11:30,Wednesday,15,228.9,97.1,none,indoor_assist
2026-03-11 15:12:00,Wednesday,15,230.4,97.1,none,indoor_assist
2026-03-11 15:12:30,Wednesday,15,195.0,97.1,obstacle_medium,indoor_assist
2026-03-11 15:13:00,Wednesday,15,240.6,97.1,none,standby
2026-03-11 15:13:30,Wednesday,15,199.7,97.1,none,navigation
2026-03-11 15:14:00,Wednesday,15,169.3,97.0,obstacle_medium,navigation
2026-03-11 15:14:30,Wednesday,15,185.7,97.0,none,standby
2026-03-11 15:15:00,Wednesday,15,178.5,97.0,none,standby
2026-03-11 15:15:30,Wednesday,15,168.7,97.0,obstacle_medium,navigation
2026-03-11 15:16:00,Wednesday,15,213.1,97.0,none,standby
2026-03-11 15:16:30,Wednesday,15,186.8,96.9,none,navigation
2026-03-11 15:17:00,Wednesday,15,216.1,96.9,none,navigation
2026-03-11 15:17:30,Wednesday,15,187.4,96.9,none,standby
2026-03-11 15:18:00,Wednesday,15,223.3,96.9,none,navigation
2026-03-11 15:18:30,Wednesday,15,122.9,96.9,none,navigation
2026-03-11 15:19:00,Wednesday,15,215.5,96.8,none,standby
2026-03-11 15:19:30,Wednesday,15,191.5,96.8,obstacle_near,navigation
2026-03-11 15:20:00,Wednesday,15,173.3,96.8,none,standby
2026-03-11 15:20:30,Wednesday,15,146.0,96.8,obstacle_near,navigation
2026-03-11 15:21:00,Wednesday,15,197.0,96.8,obstacle_medium,indoor_assist
2026-03-11 15:21:30,Wednesday,15,247.5,96.7,none,indoor_assist
2026-03-11 15:22:00,Wednesday,15,234.0,96.7,none,navigation
2026-03-11 15:22:30,Wednesday,15,205.1,96.7,none,indoor_assist
2026-03-11 15:23:00,Wednesday,15,203.4,96.7,none,indoor_assist
2026-03-11 15:23:30,Wednesday,15,171.7,96.7,none,navigation
2026-03-11 15:24:00,Wednesday,15,212.0,96.6,low_battery,indoor_assist
2026-03-11 15:24:30,Wednesday,15,211.8,96.6,none,navigation
2026-03-11 15:25:00,Wednesday,15,215.1,96.6,none,standby
2026-03-11 15:25:30,Wednesday,15,227.0,96.6,none,navigation
2026-03-11 15:26:00,Wednesday,15,235.2,96.6,obstacle_near,standby
2026-03-11 15:26:30,Wednesday,15,224.6,96.5,none,navigation
2026-03-11 15:27:00,Wednesday,15,198.4,96.5,none,indoor_assist
2026-03-11 15:27:30,Wednesday,15,225.0,96.5,none,indoor_assist
2026-03-11 15:28:00,Wednesday,15,157.9,96.5,obstacle_medium,navigation
2026-03-11 15:28:30,Wednesday,15,171.6,96.5,obstacle_medium,navigation
2026-03-11 15:29:00,Wednesday,15,183.8,96.4,none,navigation
2026-03-11 15:29:30,Wednesday,15,218.9,96.4,none,navigation
2026-03-11 15:30:00,Wednesday,15,176.7,96.4,none,indoor_assist
2026-03-11 15:30:30,Wednesday,15,209.3,96.4,obstacle_medium,navigation
2026-03-11 15:31:00,Wednesday,15,168.1,96.4,obstacle_near,navigation
2026-03-11 15:31:30,Wednesday,15,228.4,96.3,none,indoor_assist
2026-03-11 15:32:00,Wednesday,15,197.2,96.3,none,standby
2026-03-11 15:32:30,Wednesday,15,247.9,96.3,none,indoor_assist
2026-03-11 15:33:00,Wednesday,15,213.2,96.3,obstacle_medium,standby
2026-03-11 15:33:30,Wednesday,15,224.2,96.3,none,navigation
2026-03-11 15:34:00,Wednesday,15,222.9,96.2,obstacle_medium,indoor_assist
2026-03-11 15:34:30,Wednesday,15,174.1,96.2,obstacle_medium,standby
2026-03-11 15:35:00,Wednesday,15,272.4,96.2,none,navigation
2026-03-11 15:35:30,Wednesday,15,206.5,96.2,obstacle_medium,navigation
2026-03-11 15:36:00,Wednesday,15,209.3,96.2,none,navigation
2026-03-11 15:36:30,Wednesday,15,147.9,96.1,none,standby
2026-03-11 15:37:00,Wednesday,15,247.8,96.1,none,indoor_assist
2026-03-11 15:37:30,Wednesday,15,168.1,96.1,none,navigation
2026-03-11 15:38:00,Wednesday,15,213.0,96.1,none,navigation
2026-03-11 15:38:30,Wednesday,15,242.4,96.1,none,navigation
2026-03-11 15:39:00,Wednesday,15,164.9,96.0,none,standby
2026-03-11 15:39:30,Wednesday,15,187.8,96.0,none,navigation
2026-03-11 15:40:00,Wednesday,15,179.3,96.0,low_battery,indoor_assist
2026-03-11 15:40:30,Wednesday,15,190.8,96.0,none,indoor_assist
2026-03-11 15:41:00,Wednesday,15,201.4,96.0,none,navigation
2026-03-11 15:41:30,Wednesday,15,245.9,95.9,none,indoor_assist
2026-03-11 15:42:00,Wednesday,15,216.4,95.9,none,navigation
2026-03-11 15:42:30,Wednesday,15,210.6,95.9,none,indoor_assist
2026-03-11 15:43:00,Wednesday,15,220.0,95.9,none,indoor_assist
2026-03-11 15:43:30,Wednesday,15,208.0,95.9,none,indoor_assist
2026-03-11 15:44:00,Wednesday,15,205.2,95.8,none,navigation
2026-03-11 15:44:30,Wednesday,15,174.2,95.8,obstacle_medium,navigation
2026-03-11 15:45:00,Wednesday,15,212.2,95.8,obstacle_medium,navigation
2026-03-11 15:45:30,Wednesday,15,235.5,95.8,none,indoor_assist
2026-03-11 15:46:00,Wednesday,15,209.4,95.8,none,indoor_assist
2026-03-11 15:46:30,Wednesday,15,188.8,95.7,obstacle_medium,indoor_assist
2026-03-11 15:47:00,Wednesday,15,175.1,95.7,obstacle_near,indoor_assist
2026-03-11 15:47:30,Wednesday,15,178.2,95.7,none,navigation
2026-03-11 15:48:00,Wednesday,15,215.9,95.7,none,standby
2026-03-11 15:48:30,Wednesday,15,232.0,95.7,low_battery,standby
2026-03-11 15:49:00,Wednesday,15,200.1,95.6,none,navigation
2026-03-11 15:49:30,Wednesday,15,224.1,95.6,none,standby
2026-03-11 15:50:00,Wednesday,15,232.7,95.6,none,standby
2026-03-11 15:50:30,Wednesday,15,188.4,95.6,none,navigation
2026-03-11 15:51:00,Wednesday,15,229.2,95.6,none,standby
2026-03-11 15:51:30,Wednesday,15,212.8,95.5,none,indoor_assist
2026-03-11 15:52:00,Wednesday,15,181.5,95.5,none,indoor_assist
2026-03-11 15:52:30,Wednesday,15,195.4,95.5,obstacle_medium,indoor_assist
2026-03-11 15:53:00,Wednesday,15,184.3,95.5,obstacle_medium,navigation
2026-03-11 15:53:30,Wednesday,15,233.4,95.5,none,indoor_assist
2026-03-11 15:54:00,Wednesday,15,209.9,95.4,none,indoor_assist
2026-03-11 15:54:30,Wednesday,15,214.4,95.4,none,indoor_assist
2026-03-11 15:55:00,Wednesday,15,241.4,95.4,none,indoor_assist
2026-03-11 15:55:30,Wednesday,15,262.7,95.4,none,indoor_assist
2026-03-11 15:56:00,Wednesday,15,191.5,95.4,none,standby
2026-03-11 15:56:30,Wednesday,15,269.2,95.3,none,navigation
2026-03-11 15:57:00,Wednesday,15,185.9,95.3,none,navigation
2026-03-11 15:57:30,Wednesday,15,224.3,95.3,none,navigation
2026-03-11 15:58:00,Wednesday,15,155.9,95.3,none,standby
2026-03-11 15:58:30,Wednesday,15,225.3,95.3,none,indoor_assist
2026-03-11 15:59:00,Wednesday,15,250.6,95.2,obstacle_near,indoor_assist
2026-03-11 15:59:30,Wednesday,15,192.0,95.2,obstacle_medium,indoor_assist
2026-03-11 16:00:00,Wednesday,16,111.9,95.2,none,indoor_assist
2026-03-11 16:00:30,Wednesday,16,147.9,95.2,none,indoor_assist
2026-03-11 16:01:00,Wednesday,16,126.5,95.2,none,standby
2026-03-11 16:01:30,Wednesday,16,139.8,95.1,obstacle_medium,navigation
2026-03-11 16:02:00,Wednesday,16,104.3,95.1,none,navigation
2026-03-11 16:02:30,Wednesday,16,150.5,95.1,none,navigation
2026-03-11 16:03:00,Wednesday,16,95.3,95.1,none,navigation
2026-03-11 16:03:30,Wednesday,16,81.4,95.1,low_battery,indoor_assist
2026-03-11 16:04:00,Wednesday,16,110.2,95.0,none,navigation
2026-03-11 16:04:30,Wednesday,16,129.8,95.0,none,standby
2026-03-11 16:05:00,Wednesday,16,132.3,95.0,none,navigation
2026-03-11 16:05:30,Wednesday,16,130.3,95.0,none,navigation
2026-03-11 16:06:00,Wednesday,16,129.9,95.0,low_battery,navigation
2026-03-11 16:06:30,Wednesday,16,134.0,94.9,obstacle_medium,navigation
2026-03-11 16:07:00,Wednesday,16,74.3,94.9,obstacle_medium,indoor_assist
2026-03-11 16:07:30,Wednesday,16,97.5,94.9,low_battery,navigation
2026-03-11 16:08:00,Wednesday,16,121.6,94.9,none,indoor_assist
2026-03-11 16:08:30,Wednesday,16,108.8,94.9,none,standby
2026-03-11 16:09:00,Wednesday,16,147.0,94.8,none,navigation
2026-03-11 16:09:30,Wednesday,16,101.7,94.8,none,navigation
2026-03-11 16:10:00,Wednesday,16,97.5,94.8,none,navigation
2026-03-11 16:10:30,Wednesday,16,159.1,94.8,none,navigation
2026-03-11 16:11:00,Wednesday,16,142.6,94.8,none,navigation
2026-03-11 16:11:30,Wednesday,16,141.0,94.7,obstacle_near,indoor_assist
2026-03-11 16:12:00,Wednesday,16,150.7,94.7,obstacle_near,navigation
2026-03-11 16:12:30,Wednesday,16,101.3,94.7,obstacle_near,indoor_assist
2026-03-11 16:13:00,Wednesday,16,135.8,94.7,none,indoor_assist
2026-03-11 16:13:30,Wednesday,16,69.4,94.7,obstacle_medium,indoor_assist
2026-03-11 16:14:00,Wednesday,16,45.6,94.6,obstacle_medium,indoor_assist
2026-03-11 16:14:30,Wednesday,16,87.6,94.6,none,indoor_assist
2026-03-11 16:15:00,Wednesday,16,177.8,94.6,none,standby
2026-03-11 16:15:30,Wednesday,16,155.5,94.6,none,indoor_assist
2026-03-11 16:16:00,Wednesday,16,98.1,94.6,none,standby
2026-03-11 16:16:30,Wednesday,16,130.2,94.5,none,indoor_assist
2026-03-11 16:17:00,Wednesday,16,158.9,94.5,none,indoor_assist
2026-03-11 16:17:30,Wednesday,16,139.2,94.5,none,indoor_assist
2026-03-11 16:18:00,Wednesday,16,114.3,94.5,none,navigation
2026-03-11 16:18:30,Wednesday,16,122.6,94.5,none,navigation
2026-03-11 16:19:00,Wednesday,16,124.9,94.4,low_battery,navigation
2026-03-11 16:19:30,Wednesday,16,151.3,94.4,none,navigation
2026-03-11 16:20:00,Wednesday,16,77.2,94.4,obstacle_medium,indoor_assist
2026-03-11 16:20:30,Wednesday,16,131.6,94.4,none,standby
2026-03-11 16:21:00,Wednesday,16,131.6,94.4,none,navigation
2026-03-11 16:21:30,Wednesday,16,107.2,94.3,obstacle_medium,navigation
2026-03-11 16:22:00,Wednesday,16,73.6,94.3,obstacle_medium,indoor_assist
2026-03-11 16:22:30,Wednesday,16,85.4,94.3,none,navigation
2026-03-11 16:23:00,Wednesday,16,111.3,94.3,obstacle_medium,navigation
2026-03-11 16:23:30,Wednesday,16,139.9,94.3,none,navigation
2026-03-11 16:24:00,Wednesday,16,139.3,94.2,none,navigation
2026-03-11 16:24:30,Wednesday,16,111.8,94.2,none,navigation
2026-03-11 16:25:00,Wednesday,16,134.7,94.2,none,indoor_assist
2026-03-11 16:25:30,Wednesday,16,94.9,94.2,none,navigation
2026-03-11 16:26:00,Wednesday,16,91.4,94.2,obstacle_medium,navigation
2026-03-11 16:26:30,Wednesday,16,129.9,94.1,none,navigation
2026-03-11 16:27:00,Wednesday,16,150.1,94.1,none,navigation
2026-03-11 16:27:30,Wednesday,16,179.1,94.1,none,navigation
2026-03-11 16:28:00,Wednesday,16,79.2,94.1,obstacle_medium,navigation
2026-03-11 16:28:30,Wednesday,16,122.8,94.1,obstacle_medium,standby
2026-03-11 16:29:00,Wednesday,16,128.7,94.0,low_battery,navigation
2026-03-11 16:29:30,Wednesday,16,93.0,94.0,none,navigation
2026-03-11 16:30:00,Wednesday,16,130.0,94.0,none,navigation
2026-03-11 16:30:30,Wednesday,16,91.4,94.0,none,indoor_assist
2026-03-11 16:31:00,Wednesday,16,66.7,94.0,obstacle_medium,standby
2026-03-11 16:31:30,Wednesday,16,143.4,93.9,obstacle_medium,indoor_assist
2026-03-11 16:32:00,Wednesday,16,93.9,93.9,none,navigation
2026-03-11 16:32:30,Wednesday,16,141.6,93.9,none,navigation
2026-03-11 16:33:00,Wednesday,16,134.4,93.9,none,navigation
2026-03-11 16:33:30,Wednesday,16,137.6,93.9,obstacle_medium,indoor_assist
2026-03-11 16:34:00,Wednesday,16,120.8,93.8,none,standby
2026-03-11 16:34:30,Wednesday,16,109.4,93.8,none,navigation
2026-03-11 16:35:00,Wednesday,16,104.9,93.8,obstacle_medium,standby
2026-03-11 16:35:30,Wednesday,16,129.0,93.8,none,indoor_assist
2026-03-11 16:36:00,Wednesday,16,127.0,93.8,none,navigation
2026-03-11 16:36:30,Wednesday,16,102.4,93.7,obstacle_medium,navigation
2026-03-11 16:37:00,Wednesday,16,105.5,93.7,none,navigation
2026-03-11 16:37:30,Wednesday,16,159.5,93.7,none,indoor_assist
2026-03-11 16:38:00,Wednesday,16,89.2,93.7,obstacle_near,standby
2026-03-11 16:38:30,Wednesday,16,174.8,93.7,none,navigation
2026-03-11 16:39:00,Wednesday,16,91.0,93.6,none,navigation
2026-03-11 16:39:30,Wednesday,16,148.3,93.6,obstacle_near,standby
2026-03-11 16:40:00,Wednesday,16,194.8,93.6,obstacle_medium,navigation
2026-03-11 16:40:30,Wednesday,16,168.9,93.6,none,standby
2026-03-11 16:41:00,Wednesday,16,104.3,93.6,none,indoor_assist
2026-03-11 16:41:30,Wednesday,16,116.3,93.5,none,navigation
2026-03-11 16:42:00,Wednesday,16,132.9,93.5,none,navigation
2026-03-11 16:42:30,Wednesday,16,111.0,93.5,none,indoor_assist
2026-03-11 16:43:00,Wednesday,16,70.6,93.5,obstacle_medium,navigation
2026-03-11 16:43:30,Wednesday,16,126.9,93.5,obstacle_medium,navigation
2026-03-11 16:44:00,Wednesday,16,140.1,93.4,obstacle_medium,navigation
2026-03-11 16:44:30,Wednesday,16,112.4,93.4,none,standby
2026-03-11 16:45:00,Wednesday,16,137.0,93.4,obstacle_medium,indoor_assist
2026-03-11 16:45:30,Wednesday,16,133.2,93.4,none,standby
2026-03-11 16:46:00,Wednesday,16,102.2,93.4,none,standby
2026-03-11 16:46:30,Wednesday,16,88.3,93.3,none,navigation
2026-03-11 16:47:00,Wednesday,16,81.1,93.3,none,standby
2026-03-11 16:47:30,Wednesday,16,140.8,93.3,obstacle_near,standby
2026-03-11 16:48:00,Wednesday,16,112.9,93.3,obstacle_medium,navigation
2026-03-11 16:48:30,Wednesday,16,126.2,93.3,obstacle_medium,navigation
2026-03-11 16:49:00,Wednesday,16,124.9,93.2,none,indoor_assist
2026-03-11 16:49:30,Wednesday,16,102.9,93.2,none,navigation
2026-03-11 16:50:00,Wednesday,16,81.8,93.2,none,navigation
2026-03-11 16:50:30,Wednesday,16,80.0,93.2,obstacle_medium,indoor_assist
2026-03-11 16:51:00,Wednesday,16,105.6,93.2,low_battery,indoor_assist
2026-03-11 16:51:30,Wednesday,16,115.7,93.1,none,navigation
2026-03-11 16:52:00,Wednesday,16,138.0,93.1,none,navigation
2026-03-11 16:52:30,Wednesday,16,105.6,93.1,none,indoor_assist
2026-03-11 16:53:00,Wednesday,16,106.5,93.1,none,navigation
2026-03-11 16:53:30,Wednesday,16,96.1,93.1,none,indoor_assist
2026-03-11 16:54:00,Wednesday,16,135.2,93.0,obstacle_medium,navigation
2026-03-11 16:54:30,Wednesday,16,116.6,93.0,obstacle_medium,indoor_assist
2026-03-11 16:55:00,Wednesday,16,102.7,93.0,none,navigation
2026-03-11 16:55:30,Wednesday,16,178.5,93.0,none,navigation
2026-03-11 16:56:00,Wednesday,16,143.8,93.0,none,standby
2026-03-11 16:56:30,Wednesday,16,93.6,92.9,none,navigation
2026-03-11 16:57:00,Wednesday,16,131.4,92.9,obstacle_near,indoor_assist
2026-03-11 16:57:30,Wednesday,16,102.1,92.9,none,indoor_assist
2026-03-11 16:58:00,Wednesday,16,154.4,92.9,none,indoor_assist
2026-03-11 16:58:30,Wednesday,16,168.5,92.9,none,navigation
2026-03-11 16:59:00,Wednesday,16,154.9,92.8,none,navigation
2026-03-11 16:59:30,Wednesday,16,108.0,92.8,obstacle_medium,indoor_assist
2026-03-11 17:00:00,Wednesday,17,77.5,92.8,obstacle_medium,navigation
2026-03-11 17:00:30,Wednesday,17,80.9,92.8,none,indoor_assist
2026-03-11 17:01:00,Wednesday,17,135.2,92.8,none,standby
2026-03-11 17:01:30,Wednesday,17,101.2,92.7,low_battery,standby
2026-03-11 17:02:00,Wednesday,17,182.5,92.7,none,navigation
2026-03-11 17:02:30,Wednesday,17,108.9,92.7,none,navigation
2026-03-11 17:03:00,Wednesday,17,119.7,92.7,none,standby
2026-03-11 17:03:30,Wednesday,17,158.2,92.7,none,standby
2026-03-11 17:04:00,Wednesday,17,148.7,92.6,obstacle_medium,indoor_assist
2026-03-11 17:04:30,Wednesday,17,131.2,92.6,none,indoor_assist
2026-03-11 17:05:00,Wednesday,17,141.3,92.6,none,indoor_assist
2026-03-11 17:05:30,Wednesday,17,113.2,92.6,none,navigation
2026-03-11 17:06:00,Wednesday,17,125.8,92.6,none,navigation
2026-03-11 17:06:30,Wednesday,17,110.1,92.5,none,navigation
2026-03-11 17:07:00,Wednesday,17,115.3,92.5,obstacle_medium,navigation
2026-03-11 17:07:30,Wednesday,17,48.0,92.5,obstacle_medium,indoor_assist
2026-03-11 17:08:00,Wednesday,17,135.0,92.5,none,navigation
2026-03-11 17:08:30,Wednesday,17,121.0,92.5,none,navigation
2026-03-11 17:09:00,Wednesday,17,106.5,92.4,obstacle_medium,indoor_assist
2026-03-11 17:09:30,Wednesday,17,98.6,92.4,none,navigation
2026-03-11 17:10:00,Wednesday,17,185.3,92.4,none,navigation
2026-03-11 17:10:30,Wednesday,17,111.3,92.4,none,navigation
2026-03-11 17:11:00,Wednesday,17,131.4,92.4,none,indoor_assist
2026-03-11 17:11:30,Wednesday,17,110.7,92.3,none,indoor_assist
2026-03-11 17:12:00,Wednesday,17,133.9,92.3,obstacle_medium,navigation
2026-03-11 17:12:30,Wednesday,17,71.4,92.3,obstacle_medium,indoor_assist
2026-03-11 17:13:00,Wednesday,17,96.9,92.3,none,indoor_assist
2026-03-11 17:13:30,Wednesday,17,103.4,92.3,none,standby
2026-03-11 17:14:00,Wednesday,17,82.3,92.2,none,navigation
2026-03-11 17:14:30,Wednesday,17,140.2,92.2,none,navigation
2026-03-11 17:15:00,Wednesday,17,119.6,92.2,none,indoor_assist
2026-03-11 17:15:30,Wednesday,17,155.7,92.2,none,navigation
2026-03-11 17:16:00,Wednesday,17,163.7,92.2,fall_detected,navigation
2026-03-11 17:16:30,Wednesday,17,152.2,92.1,none,indoor_assist
2026-03-11 17:17:00,Wednesday,17,161.5,92.1,none,indoor_assist
2026-03-11 17:17:30,Wednesday,17,151.8,92.1,none,navigation
2026-03-11 17:18:00,Wednesday,17,52.2,92.1,obstacle_medium,indoor_assist
2026-03-11 17:18:30,Wednesday,17,111.9,92.1,none,indoor_assist
2026-03-11 17:19:00,Wednesday,17,157.7,92.0,obstacle_medium,indoor_assist
2026-03-11 17:19:30,Wednesday,17,108.8,92.0,none,indoor_assist
2026-03-11 17:20:00,Wednesday,17,145.8,92.0,none,indoor_assist
2026-03-11 17:20:30,Wednesday,17,102.2,92.0,none,indoor_assist
2026-03-11 17:21:00,Wednesday,17,143.5,92.0,none,standby
2026-03-11 17:21:30,Wednesday,17,88.6,91.9,none,indoor_assist
2026-03-11 17:22:00,Wednesday,17,127.7,91.9,obstacle_near,indoor_assist
2026-03-11 17:22:30,Wednesday,17,76.1,91.9,obstacle_medium,standby
2026-03-11 17:23:00,Wednesday,17,174.9,91.9,none,indoor_assist
2026-03-11 17:23:30,Wednesday,17,159.3,91.9,none,navigation
2026-03-11 17:24:00,Wednesday,17,131.5,91.8,none,navigation
2026-03-11 17:24:30,Wednesday,17,95.0,91.8,none,navigation
2026-03-11 17:25:00,Wednesday,17,31.1,91.8,obstacle_medium,indoor_assist
2026-03-11 17:25:30,Wednesday,17,143.9,91.8,obstacle_medium,indoor_assist
2026-03-11 17:26:00,Wednesday,17,94.7,91.8,none,navigation
2026-03-11 17:26:30,Wednesday,17,112.3,91.7,none,indoor_assist
2026-03-11 17:27:00,Wednesday,17,136.8,91.7,none,indoor_assist
2026-03-11 17:27:30,Wednesday,17,98.8,91.7,none,navigation
2026-03-11 17:28:00,Wednesday,17,126.6,91.7,none,indoor_assist
2026-03-11 17:28:30,Wednesday,17,107.8,91.7,none,navigation
2026-03-11 17:29:00,Wednesday,17,131.5,91.6,low_battery,indoor_assist
2026-03-11 17:29:30,Wednesday,17,147.1,91.6,none,indoor_assist
2026-03-11 17:30:00,Wednesday,17,159.9,91.6,none,navigation
2026-03-11 17:30:30,Wednesday,17,89.4,91.6,obstacle_medium,indoor_assist
2026-03-11 17:31:00,Wednesday,17,159.1,91.6,none,indoor_assist
2026-03-11 17:31:30,Wednesday,17,94.8,91.5,none,navigation
2026-03-11 17:32:00,Wednesday,17,113.3,91.5,obstacle_medium,indoor_assist
2026-03-11 17:32:30,Wednesday,17,101.2,91.5,none,navigation
2026-03-11 17:33:00,Wednesday,17,116.0,91.5,none,navigation
2026-03-11 17:33:30,Wednesday,17,167.4,91.5,none,navigation
2026-03-11 17:34:00,Wednesday,17,173.0,91.4,none,navigation
2026-03-11 17:34:30,Wednesday,17,105.0,91.4,none,navigation
2026-03-11 17:35:00,Wednesday,17,152.4,91.4,obstacle_near,indoor_assist
2026-03-11 17:35:30,Wednesday,17,119.9,91.4,none,navigation
2026-03-11 17:36:00,Wednesday,17,63.3,91.4,obstacle_medium,navigation
2026-03-11 17:36:30,Wednesday,17,122.0,91.3,obstacle_medium,indoor_assist
2026-03-11 17:37:00,Wednesday,17,121.0,91.3,fall_detected,navigation
2026-03-11 17:37:30,Wednesday,17,124.6,91.3,none,indoor_assist
2026-03-11 17:38:00,Wednesday,17,87.4,91.3,none,navigation
2026-03-11 17:38:30,Wednesday,17,139.4,91.3,none,indoor_assist
2026-03-11 17:39:00,Wednesday,17,76.2,91.2,obstacle_medium,indoor_assist
2026-03-11 17:39:30,Wednesday,17,74.9,91.2,obstacle_medium,standby
2026-03-11 17:40:00,Wednesday,17,127.7,91.2,none,standby
2026-03-11 17:40:30,Wednesday,17,97.8,91.2,none,navigation
2026-03-11 17:41:00,Wednesday,17,72.9,91.2,obstacle_medium,standby
2026-03-11 17:41:30,Wednesday,17,179.1,91.1,none,navigation
2026-03-11 17:42:00,Wednesday,17,104.7,91.1,none,indoor_assist
2026-03-11 17:42:30,Wednesday,17,116.2,91.1,none,navigation
2026-03-11 17:43:00,Wednesday,17,98.9,91.1,none,indoor_assist
2026-03-11 17:43:30,Wednesday,17,170.2,91.1,none,indoor_assist
2026-03-11 17:44:00,Wednesday,17,38.0,91.0,obstacle_medium,indoor_assist
2026-03-11 17:44:30,Wednesday,17,91.0,91.0,obstacle_near,indoor_assist
2026-03-11 17:45:00,Wednesday,17,87.9,91.0,none,navigation
2026-03-11 17:45:30,Wednesday,17,120.6,91.0,none,indoor_assist
2026-03-11 17:46:00,Wednesday,17,145.9,91.0,none,navigation
2026-03-11 17:46:30,Wednesday,17,129.8,90.9,none,navigation
2026-03-11 17:47:00,Wednesday,17,112.4,90.9,none,indoor_assist
2026-03-11 17:47:30,Wednesday,17,81.8,90.9,none,navigation
2026-03-11 17:48:00,Wednesday,17,99.6,90.9,none,navigation
2026-03-11 17:48:30,Wednesday,17,51.2,90.9,obstacle_medium,indoor_assist
2026-03-11 17:49:00,Wednesday,17,107.7,90.8,none,standby
2026-03-11 17:49:30,Wednesday,17,96.1,90.8,none,navigation
2026-03-11 17:50:00,Wednesday,17,76.0,90.8,obstacle_medium,navigation
2026-03-11 17:50:30,Wednesday,17,108.8,90.8,none,indoor_assist
2026-03-11 17:51:00,Wednesday,17,110.5,90.8,none,indoor_assist
2026-03-11 17:51:30,Wednesday,17,131.8,90.7,none,indoor_assist
2026-03-11 17:52:00,Wednesday,17,117.5,90.7,none,indoor_assist
2026-03-11 17:52:30,Wednesday,17,97.4,90.7,obstacle_medium,navigation
2026-03-11 17:53:00,Wednesday,17,99.3,90.7,obstacle_medium,navigation
2026-03-11 17:53:30,Wednesday,17,91.7,90.7,none,indoor_assist
2026-03-11 17:54:00,Wednesday,17,148.2,90.6,none,indoor_assist
2026-03-11 17:54:30,Wednesday,17,110.6,90.6,obstacle_medium,navigation
2026-03-11 17:55:00,Wednesday,17,143.2,90.6,none,standby
2026-03-11 17:55:30,Wednesday,17,135.9,90.6,none,navigation
2026-03-11 17:56:00,Wednesday,17,102.5,90.6,none,indoor_assist
2026-03-11 17:56:30,Wednesday,17,132.5,90.5,none,indoor_assist
2026-03-11 17:57:00,Wednesday,17,114.0,90.5,none,standby
2026-03-11 17:57:30,Wednesday,17,119.1,90.5,obstacle_near,navigation
2026-03-11 17:58:00,Wednesday,17,157.8,90.5,none,navigation
2026-03-11 17:58:30,Wednesday,17,187.3,90.5,none,navigation
2026-03-11 17:59:00,Wednesday,17,152.0,90.4,none,standby
2026-03-11 17:59:30,Wednesday,17,98.3,90.4,obstacle_medium,indoor_assist
2026-03-11 18:00:00,Wednesday,18,128.8,90.4,none,standby
2026-03-11 18:00:30,Wednesday,18,139.2,90.4,none,indoor_assist
2026-03-11 18:01:00,Wednesday,18,63.5,90.4,obstacle_medium,standby
2026-03-11 18:01:30,Wednesday,18,91.7,90.3,obstacle_medium,navigation
2026-03-11 18:02:00,Wednesday,18,123.1,90.3,obstacle_near,indoor_assist
2026-03-11 18:02:30,Wednesday,18,113.2,90.3,none,standby
2026-03-11 18:03:00,Wednesday,18,129.1,90.3,low_battery,navigation
2026-03-11 18:03:30,Wednesday,18,95.7,90.3,obstacle_medium,indoor_assist
2026-03-11 18:04:00,Wednesday,18,148.5,90.2,none,standby
2026-03-11 18:04:30,Wednesday,18,99.3,90.2,none,standby
2026-03-11 18:05:00,Wednesday,18,154.1,90.2,none,navigation
2026-03-11 18:05:30,Wednesday,18,103.6,90.2,obstacle_medium,indoor_assist
2026-03-11 18:06:00,Wednesday,18,104.9,90.2,fall_detected,indoor_assist
2026-03-11 18:06:30,Wednesday,18,144.3,90.1,obstacle_medium,navigation
2026-03-11 18:07:00,Wednesday,18,77.9,90.1,obstacle_medium,indoor_assist
2026-03-11 18:07:30,Wednesday,18,172.0,90.1,none,indoor_assist
2026-03-11 18:08:00,Wednesday,18,127.3,90.1,none,indoor_assist
2026-03-11 18:08:30,Wednesday,18,108.4,90.1,none,indoor_assist
2026-03-11 18:09:00,Wednesday,18,87.1,90.0,none,indoor_assist
2026-03-11 18:09:30,Wednesday,18,103.2,90.0,obstacle_medium,navigation
2026-03-11 18:10:00,Wednesday,18,101.1,90.0,none,navigation
2026-03-11 18:10:30,Wednesday,18,126.4,90.0,none,navigation
2026-03-11 18:11:00,Wednesday,18,133.9,90.0,none,indoor_assist
2026-03-11 18:11:30,Wednesday,18,122.1,89.9,none,standby
2026-03-11 18:12:00,Wednesday,18,126.7,89.9,none,indoor_assist
2026-03-11 18:12:30,Wednesday,18,68.9,89.9,obstacle_medium,standby
2026-03-11 18:13:00,Wednesday,18,106.0,89.9,none,indoor_assist
2026-03-11 18:13:30,Wednesday,18,157.4,89.9,none,indoor_assist
2026-03-11 18:14:00,Wednesday,18,110.9,89.8,none,navigation
2026-03-11 18:14:30,Wednesday,18,118.0,89.8,none,navigation
2026-03-11 18:15:00,Wednesday,18,147.8,89.8,none,indoor_assist
2026-03-11 18:15:30,Wednesday,18,65.7,89.8,obstacle_medium,navigation
2026-03-11 18:16:00,Wednesday,18,99.3,89.8,obstacle_medium,standby
2026-03-11 18:16:30,Wednesday,18,57.4,89.7,obstacle_medium,indoor_assist
2026-03-11 18:17:00,Wednesday,18,138.2,89.7,obstacle_medium,indoor_assist
2026-03-11 18:17:30,Wednesday,18,129.0,89.7,obstacle_near,standby
2026-03-11 18:18:00,Wednesday,18,132.5,89.7,none,navigation
2026-03-11 18:18:30,Wednesday,18,164.1,89.7,fall_detected,indoor_assist
2026-03-11 18:19:00,Wednesday,18,162.3,89.6,none,indoor_assist
2026-03-11 18:19:30,Wednesday,18,44.5,89.6,obstacle_medium,indoor_assist
2026-03-11 18:20:00,Wednesday,18,135.9,89.6,fall_detected,indoor_assist
2026-03-11 18:20:30,Wednesday,18,124.6,89.6,none,navigation
2026-03-11 18:21:00,Wednesday,18,65.9,89.6,obstacle_medium,navigation
2026-03-11 18:21:30,Wednesday,18,94.3,89.5,none,indoor_assist
2026-03-11 18:22:00,Wednesday,18,113.5,89.5,none,navigation
2026-03-11 18:22:30,Wednesday,18,165.5,89.5,low_battery,standby
2026-03-11 18:23:00,Wednesday,18,134.1,89.5,none,indoor_assist
2026-03-11 18:23:30,Wednesday,18,88.3,89.5,none,indoor_assist
2026-03-11 18:24:00,Wednesday,18,78.0,89.4,obstacle_medium,indoor_assist
2026-03-11 18:24:30,Wednesday,18,133.9,89.4,obstacle_medium,standby
2026-03-11 18:25:00,Wednesday,18,101.0,89.4,none,standby
2026-03-11 18:25:30,Wednesday,18,121.4,89.4,low_battery,indoor_assist
2026-03-11 18:26:00,Wednesday,18,147.4,89.4,none,navigation
2026-03-11 18:26:30,Wednesday,18,107.2,89.3,none,navigation
2026-03-11 18:27:00,Wednesday,18,160.8,89.3,none,standby
2026-03-11 18:27:30,Wednesday,18,158.1,89.3,none,navigation
2026-03-11 18:28:00,Wednesday,18,188.9,89.3,none,navigation
2026-03-11 18:28:30,Wednesday,18,190.7,89.3,obstacle_medium,indoor_assist
2026-03-11 18:29:00,Wednesday,18,140.4,89.2,none,navigation
2026-03-11 18:29:30,Wednesday,18,166.6,89.2,none,navigation
2026-03-11 18:30:00,Wednesday,18,145.2,89.2,obstacle_near,standby
2026-03-11 18:30:30,Wednesday,18,151.6,89.2,none,navigation
2026-03-11 18:31:00,Wednesday,18,126.5,89.2,none,standby
2026-03-11 18:31:30,Wednesday,18,145.4,89.1,none,standby
2026-03-11 18:32:00,Wednesday,18,144.6,89.1,obstacle_medium,indoor_assist
2026-03-11 18:32:30,Wednesday,18,106.9,89.1,none,navigation
2026-03-11 18:33:00,Wednesday,18,117.2,89.1,obstacle_medium,navigation
2026-03-11 18:33:30,Wednesday,18,130.5,89.1,none,navigation
2026-03-11 18:34:00,Wednesday,18,127.9,89.0,fall_detected,indoor_assist
2026-03-11 18:34:30,Wednesday,18,111.8,89.0,none,navigation
2026-03-11 18:35:00,Wednesday,18,130.0,89.0,none,navigation
2026-03-11 18:35:30,Wednesday,18,117.7,89.0,none,indoor_assist
2026-03-11 18:36:00,Wednesday,18,153.6,89.0,none,navigation
2026-03-11 18:36:30,Wednesday,18,181.1,88.9,obstacle_medium,navigation
2026-03-11 18:37:00,Wednesday,18,91.7,88.9,none,indoor_assist
2026-03-11 18:37:30,Wednesday,18,146.2,88.9,obstacle_medium,navigation
2026-03-11 18:38:00,Wednesday,18,93.3,88.9,obstacle_near,indoor_assist
2026-03-11 18:38:30,Wednesday,18,92.1,88.9,none,standby
2026-03-11 18:39:00,Wednesday,18,105.0,88.8,none,navigation
2026-03-11 18:39:30,Wednesday,18,100.7,88.8,none,indoor_assist
2026-03-11 18:40:00,Wednesday,18,99.0,88.8,none,navigation
2026-03-11 18:40:30,Wednesday,18,102.1,88.8,none,navigation
2026-03-11 18:41:00,Wednesday,18,92.4,88.8,obstacle_medium,indoor_assist
2026-03-11 18:41:30,Wednesday,18,113.6,88.7,obstacle_medium,standby
2026-03-11 18:42:00,Wednesday,18,182.0,88.7,none,navigation
2026-03-11 18:42:30,Wednesday,18,119.7,88.7,none,navigation
2026-03-11 18:43:00,Wednesday,18,74.2,88.7,obstacle_medium,navigation
2026-03-11 18:43:30,Wednesday,18,131.8,88.7,none,indoor_assist
2026-03-11 18:44:00,Wednesday,18,76.9,88.6,obstacle_medium,navigation
2026-03-11 18:44:30,Wednesday,18,177.1,88.6,none,navigation
2026-03-11 18:45:00,Wednesday,18,98.2,88.6,none,navigation
2026-03-11 18:45:30,Wednesday,18,138.4,88.6,none,navigation
2026-03-11 18:46:00,Wednesday,18,124.0,88.6,obstacle_medium,standby
2026-03-11 18:46:30,Wednesday,18,139.1,88.5,none,indoor_assist
2026-03-11 18:47:00,Wednesday,18,150.6,88.5,none,navigation
2026-03-11 18:47:30,Wednesday,18,97.8,88.5,none,navigation
2026-03-11 18:48:00,Wednesday,18,129.1,88.5,none,navigation
2026-03-11 18:48:30,Wednesday,18,131.2,88.5,none,indoor_assist
2026-03-11 18:49:00,Wednesday,18,113.1,88.4,obstacle_medium,indoor_assist
2026-03-11 18:49:30,Wednesday,18,113.2,88.4,obstacle_medium,navigation
2026-03-11 18:50:00,Wednesday,18,101.2,88.4,none,indoor_assist
2026-03-11 18:50:30,Wednesday,18,117.9,88.4,none,indoor_assist
2026-03-11 18:51:00,Wednesday,18,112.7,88.4,none,navigation
2026-03-11 18:51:30,Wednesday,18,169.1,88.3,none,indoor_assist
2026-03-11 18:52:00,Wednesday,18,129.9,88.3,none,standby
2026-03-11 18:52:30,Wednesday,18,149.2,88.3,obstacle_medium,standby
2026-03-11 18:53:00,Wednesday,18,91.8,88.3,none,indoor_assist
2026-03-11 18:53:30,Wednesday,18,183.8,88.3,none,indoor_assist
2026-03-11 18:54:00,Wednesday,18,122.9,88.2,obstacle_near,standby
2026-03-11 18:54:30,Wednesday,18,107.6,88.2,obstacle_near,standby
2026-03-11 18:55:00,Wednesday,18,95.0,88.2,obstacle_medium,navigation
2026-03-11 18:55:30,Wednesday,18,179.6,88.2,obstacle_medium,indoor_assist
2026-03-11 18:56:00,Wednesday,18,77.2,88.2,obstacle_medium,indoor_assist
2026-03-11 18:56:30,Wednesday,18,169.9,88.1,none,indoor_assist
2026-03-11 18:57:00,Wednesday,18,116.6,88.1,none,standby
2026-03-11 18:57:30,Wednesday,18,133.4,88.1,obstacle_medium,navigation
2026-03-11 18:58:00,Wednesday,18,79.2,88.1,obstacle_medium,indoor_assist
2026-03-11 18:58:30,Wednesday,18,111.6,88.1,none,standby
2026-03-11 18:59:00,Wednesday,18,96.1,88.0,none,indoor_assist
2026-03-11 18:59:30,Wednesday,18,59.7,88.0,obstacle_medium,navigation
2026-03-11 19:00:00,Wednesday,19,200.6,100.0,none,navigation
2026-03-11 19:00:30,Wednesday,19,183.8,100.0,obstacle_medium,navigation
2026-03-11 19:01:00,Wednesday,19,179.0,100.0,none,indoor_assist
2026-03-11 19:01:30,Wednesday,19,148.8,99.9,obstacle_medium,standby
2026-03-11 19:02:00,Wednesday,19,271.4,99.9,none,standby
2026-03-11 19:02:30,Wednesday,19,186.5,99.9,none,standby
2026-03-11 19:03:00,Wednesday,19,214.7,99.9,none,navigation
2026-03-11 19:03:30,Wednesday,19,206.8,99.9,obstacle_medium,standby
2026-03-11 19:04:00,Wednesday,19,211.4,99.8,none,navigation
2026-03-11 19:04:30,Wednesday,19,156.9,99.8,none,standby
2026-03-11 19:05:00,Wednesday,19,235.3,99.8,none,navigation
2026-03-11 19:05:30,Wednesday,19,220.3,99.8,none,navigation
2026-03-11 19:06:00,Wednesday,19,228.5,99.8,obstacle_medium,navigation
2026-03-11 19:06:30,Wednesday,19,251.2,99.7,none,standby
2026-03-11 19:07:00,Wednesday,19,134.9,99.7,obstacle_near,navigation
2026-03-11 19:07:30,Wednesday,19,204.3,99.7,none,navigation
2026-03-11 19:08:00,Wednesday,19,192.1,99.7,none,indoor_assist
2026-03-11 19:08:30,Wednesday,19,203.5,99.7,none,navigation
2026-03-11 19:09:00,Wednesday,19,184.9,99.6,none,indoor_assist
2026-03-11 19:09:30,Wednesday,19,195.0,99.6,none,navigation
2026-03-11 19:10:00,Wednesday,19,152.4,99.6,none,navigation
2026-03-11 19:10:30,Wednesday,19,244.3,99.6,none,indoor_assist
2026-03-11 19:11:00,Wednesday,19,172.3,99.6,none,indoor_assist
2026-03-11 19:11:30,Wednesday,19,246.4,99.5,none,navigation
2026-03-11 19:12:00,Wednesday,19,244.8,99.5,none,navigation
2026-03-11 19:12:30,Wednesday,19,183.2,99.5,low_battery,standby
2026-03-11 19:13:00,Wednesday,19,211.0,99.5,none,navigation
2026-03-11 19:13:30,Wednesday,19,193.8,99.5,none,navigation
2026-03-11 19:14:00,Wednesday,19,220.2,99.4,obstacle_medium,navigation
2026-03-11 19:14:30,Wednesday,19,149.6,99.4,none,navigation
2026-03-11 19:15:00,Wednesday,19,216.6,99.4,none,navigation
2026-03-11 19:15:30,Wednesday,19,150.6,99.4,obstacle_near,indoor_assist
2026-03-11 19:16:00,Wednesday,19,228.5,99.4,obstacle_medium,indoor_assist
2026-03-11 19:16:30,Wednesday,19,169.7,99.3,none,navigation
2026-03-11 19:17:00,Wednesday,19,236.9,99.3,obstacle_medium,navigation
2026-03-11 19:17:30,Wednesday,19,162.4,99.3,none,navigation
2026-03-11 19:18:00,Wednesday,19,199.7,99.3,obstacle_medium,standby
2026-03-11 19:18:30,Wednesday,19,187.7,99.3,obstacle_near,indoor_assist
2026-03-11 19:19:00,Wednesday,19,201.0,99.2,obstacle_near,navigation
2026-03-11 19:19:30,Wednesday,19,209.6,99.2,none,navigation
2026-03-11 19:20:00,Wednesday,19,229.0,99.2,none,navigation
2026-03-11 19:20:30,Wednesday,19,284.3,99.2,low_battery,indoor_assist
2026-03-11 19:21:00,Wednesday,19,207.1,99.2,obstacle_medium,navigation
2026-03-11 19:21:30,Wednesday,19,192.0,99.1,obstacle_medium,navigation
2026-03-11 19:22:00,Wednesday,19,223.2,99.1,none,indoor_assist
2026-03-11 19:22:30,Wednesday,19,229.5,99.1,none,navigation
2026-03-11 19:23:00,Wednesday,19,210.2,99.1,none,navigation
2026-03-11 19:23:30,Wednesday,19,224.4,99.1,none,indoor_assist
2026-03-11 19:24:00,Wednesday,19,171.4,99.0,low_battery,navigation
2026-03-11 19:24:30,Wednesday,19,178.8,99.0,none,indoor_assist
2026-03-11 19:25:00,Wednesday,19,157.0,99.0,none,navigation
2026-03-11 19:25:30,Wednesday,19,191.7,99.0,none,navigation
2026-03-11 19:26:00,Wednesday,19,225.4,99.0,none,indoor_assist
2026-03-11 19:26:30,Wednesday,19,210.6,98.9,none,navigation
2026-03-11 19:27:00,Wednesday,19,204.3,98.9,obstacle_near,indoor_assist
2026-03-11 19:27:30,Wednesday,19,152.6,98.9,obstacle_medium,indoor_assist
2026-03-11 19:28:00,Wednesday,19,224.6,98.9,none,indoor_assist
2026-03-11 19:28:30,Wednesday,19,185.7,98.9,obstacle_near,navigation
2026-03-11 19:29:00,Wednesday,19,217.6,98.8,none,navigation
2026-03-11 19:29:30,Wednesday,19,172.2,98.8,none,indoor_assist
2026-03-11 19:30:00,Wednesday,19,156.4,98.8,obstacle_medium,indoor_assist
2026-03-11 19:30:30,Wednesday,19,303.5,98.8,obstacle_near,navigation
2026-03-11 19:31:00,Wednesday,19,167.4,98.8,none,indoor_assist
2026-03-11 19:31:30,Wednesday,19,207.3,98.7,none,navigation
2026-03-11 19:32:00,Wednesday,19,226.5,98.7,obstacle_medium,indoor_assist
2026-03-11 19:32:30,Wednesday,19,180.5,98.7,none,navigation
2026-03-11 19:33:00,Wednesday,19,216.8,98.7,none,indoor_assist
2026-03-11 19:33:30,Wednesday,19,220.1,98.7,none,navigation
2026-03-11 19:34:00,Wednesday,19,211.4,98.6,obstacle_medium,indoor_assist
2026-03-11 19:34:30,Wednesday,19,157.3,98.6,obstacle_medium,navigation
2026-03-11 19:35:00,Wednesday,19,186.7,98.6,none,navigation
2026-03-11 19:35:30,Wednesday,19,210.8,98.6,none,navigation
2026-03-11 19:36:00,Wednesday,19,236.4,98.6,obstacle_medium,navigation
2026-03-11 19:36:30,Wednesday,19,189.5,98.5,none,navigation
2026-03-11 19:37:00,Wednesday,19,216.7,98.5,none,navigation
2026-03-11 19:37:30,Wednesday,19,194.2,98.5,none,navigation
2026-03-11 19:38:00,Wednesday,19,184.8,98.5,low_battery,navigation
2026-03-11 19:38:30,Wednesday,19,230.6,98.5,none,indoor_assist
2026-03-11 19:39:00,Wednesday,19,195.8,98.4,none,navigation
2026-03-11 19:39:30,Wednesday,19,202.4,98.4,none,indoor_assist
2026-03-11 19:40:00,Wednesday,19,186.2,98.4,obstacle_medium,navigation
2026-03-11 19:40:30,Wednesday,19,206.6,98.4,none,indoor_assist
2026-03-11 19:41:00,Wednesday,19,218.9,98.4,none,navigation
2026-03-11 19:41:30,Wednesday,19,178.3,98.3,none,navigation
2026-03-11 19:42:00,Wednesday,19,206.7,98.3,fall_detected,standby
2026-03-11 19:42:30,Wednesday,19,225.8,98.3,none,standby
2026-03-11 19:43:00,Wednesday,19,252.0,98.3,none,indoor_assist
2026-03-11 19:43:30,Wednesday,19,190.9,98.3,none,navigation
2026-03-11 19:44:00,Wednesday,19,218.4,98.2,none,standby
2026-03-11 19:44:30,Wednesday,19,218.9,98.2,obstacle_medium,indoor_assist
2026-03-11 19:45:00,Wednesday,19,204.5,98.2,none,navigation
2026-03-11 19:45:30,Wednesday,19,255.3,98.2,obstacle_near,indoor_assist
2026-03-11 19:46:00,Wednesday,19,241.2,98.2,none,navigation
2026-03-11 19:46:30,Wednesday,19,228.2,98.1,none,indoor_assist
2026-03-11 19:47:00,Wednesday,19,258.5,98.1,low_battery,navigation
2026-03-11 19:47:30,Wednesday,19,152.1,98.1,none,indoor_assist
2026-03-11 19:48:00,Wednesday,19,197.3,98.1,none,navigation
2026-03-11 19:48:30,Wednesday,19,216.4,98.1,fall_detected,indoor_assist
2026-03-11 19:49:00,Wednesday,19,173.9,98.0,none,navigation
2026-03-11 19:49:30,Wednesday,19,249.5,98.0,low_battery,navigation
2026-03-11 19:50:00,Wednesday,19,240.7,98.0,none,indoor_assist
2026-03-11 19:50:30,Wednesday,19,196.2,98.0,none,standby
2026-03-11 19:51:00,Wednesday,19,187.6,98.0,none,indoor_assist
2026-03-11 19:51:30,Wednesday,19,191.3,97.9,obstacle_medium,indoor_assist
2026-03-11 19:52:00,Wednesday,19,189.3,97.9,none,indoor_assist
2026-03-11 19:52:30,Wednesday,19,252.0,97.9,obstacle_near,navigation
2026-03-11 19:53:00,Wednesday,19,204.2,97.9,none,indoor_assist
2026-03-11 19:53:30,Wednesday,19,205.3,97.9,obstacle_near,navigation
2026-03-11 19:54:00,Wednesday,19,214.3,97.8,none,indoor_assist
2026-03-11 19:54:30,Wednesday,19,190.9,97.8,none,indoor_assist
2026-03-11 19:55:00,Wednesday,19,218.7,97.8,low_battery,indoor_assist
2026-03-11 19:55:30,Wednesday,19,215.0,97.8,none,navigation
2026-03-11 19:56:00,Wednesday,19,251.8,97.8,obstacle_medium,standby
2026-03-11 19:56:30,Wednesday,19,254.2,97.7,none,navigation
2026-03-11 19:57:00,Wednesday,19,180.9,97.7,none,indoor_assist
2026-03-11 19:57:30,Wednesday,19,243.9,97.7,none,navigation
2026-03-11 19:58:00,Wednesday,19,173.6,97.7,obstacle_near,navigation
2026-03-11 19:58:30,Wednesday,19,250.6,97.7,none,indoor_assist
2026-03-11 19:59:00,Wednesday,19,207.6,97.6,none,navigation
2026-03-11 19:59:30,Wednesday,19,193.2,97.6,obstacle_near,navigation
2026-03-12 08:00:00,Thursday,8,221.2,97.6,none,navigation
2026-03-12 08:00:30,Thursday,8,229.7,97.6,none,standby
2026-03-12 08:01:00,Thursday,8,183.7,97.6,none,navigation
2026-03-12 08:01:30,Thursday,8,226.3,97.5,none,indoor_assist
2026-03-12 08:02:00,Thursday,8,181.1,97.5,obstacle_medium,indoor_assist
2026-03-12 08:02:30,Thursday,8,176.6,97.5,none,navigation
2026-03-12 08:03:00,Thursday,8,249.5,97.5,low_battery,navigation
2026-03-12 08:03:30,Thursday,8,243.8,97.5,none,indoor_assist
2026-03-12 08:04:00,Thursday,8,254.6,97.4,obstacle_medium,navigation
2026-03-12 08:04:30,Thursday,8,218.7,97.4,obstacle_medium,navigation
2026-03-12 08:05:00,Thursday,8,234.8,97.4,none,navigation
2026-03-12 08:05:30,Thursday,8,249.7,97.4,none,indoor_assist
2026-03-12 08:06:00,Thursday,8,250.7,97.4,none,indoor_assist
2026-03-12 08:06:30,Thursday,8,206.2,97.3,none,indoor_assist
2026-03-12 08:07:00,Thursday,8,238.8,97.3,obstacle_medium,indoor_assist
2026-03-12 08:07:30,Thursday,8,210.0,97.3,obstacle_near,indoor_assist
2026-03-12 08:08:00,Thursday,8,174.9,97.3,none,navigation
2026-03-12 08:08:30,Thursday,8,185.9,97.3,obstacle_medium,indoor_assist
2026-03-12 08:09:00,Thursday,8,242.7,97.2,low_battery,indoor_assist
2026-03-12 08:09:30,Thursday,8,174.8,97.2,none,navigation
2026-03-12 08:10:00,Thursday,8,212.3,97.2,none,navigation
2026-03-12 08:10:30,Thursday,8,239.2,97.2,low_battery,navigation
2026-03-12 08:11:00,Thursday,8,198.4,97.2,none,indoor_assist
2026-03-12 08:11:30,Thursday,8,207.1,97.1,none,navigation
2026-03-12 08:12:00,Thursday,8,203.5,97.1,none,indoor_assist
2026-03-12 08:12:30,Thursday,8,208.0,97.1,none,navigation
2026-03-12 08:13:00,Thursday,8,155.0,97.1,none,indoor_assist
2026-03-12 08:13:30,Thursday,8,178.8,97.1,none,indoor_assist
2026-03-12 08:14:00,Thursday,8,193.6,97.0,none,indoor_assist
2026-03-12 08:14:30,Thursday,8,207.7,97.0,none,navigation
2026-03-12 08:15:00,Thursday,8,174.2,97.0,obstacle_medium,navigation
2026-03-12 08:15:30,Thursday,8,198.2,97.0,none,navigation
2026-03-12 08:16:00,Thursday,8,191.0,97.0,none,navigation
2026-03-12 08:16:30,Thursday,8,153.0,96.9,none,standby
2026-03-12 08:17:00,Thursday,8,159.9,96.9,none,indoor_assist
2026-03-12 08:17:30,Thursday,8,205.0,96.9,none,navigation
2026-03-12 08:18:00,Thursday,8,200.5,96.9,obstacle_near,navigation
2026-03-12 08:18:30,Thursday,8,200.4,96.9,obstacle_near,navigation
2026-03-12 08:19:00,Thursday,8,232.6,96.8,none,standby
2026-03-12 08:19:30,Thursday,8,200.0,96.8,obstacle_medium,navigation
2026-03-12 08:20:00,Thursday,8,151.4,96.8,none,navigation
2026-03-12 08:20:30,Thursday,8,136.7,96.8,low_battery,indoor_assist
2026-03-12 08:21:00,Thursday,8,197.6,96.8,obstacle_medium,navigation
2026-03-12 08:21:30,Thursday,8,207.7,96.7,none,standby
2026-03-12 08:22:00,Thursday,8,266.2,96.7,obstacle_medium,indoor_assist
2026-03-12 08:22:30,Thursday,8,193.0,96.7,none,indoor_assist
2026-03-12 08:23:00,Thursday,8,250.8,96.7,obstacle_medium,navigation
2026-03-12 08:23:30,Thursday,8,152.5,96.7,none,navigation
2026-03-12 08:24:00,Thursday,8,235.0,96.6,low_battery,navigation
2026-03-12 08:24:30,Thursday,8,169.7,96.6,none,navigation
2026-03-12 08:25:00,Thursday,8,192.5,96.6,none,navigation
2026-03-12 08:25:30,Thursday,8,180.5,96.6,obstacle_near,navigation
2026-03-12 08:26:00,Thursday,8,181.8,96.6,obstacle_near,standby
2026-03-12 08:26:30,Thursday,8,204.0,96.5,none,standby
2026-03-12 08:27:00,Thursday,8,233.7,96.5,none,navigation
2026-03-12 08:27:30,Thursday,8,166.9,96.5,low_battery,indoor_assist
2026-03-12 08:28:00,Thursday,8,218.8,96.5,none,indoor_assist
2026-03-12 08:28:30,Thursday,8,195.6,96.5,none,navigation
2026-03-12 08:29:00,Thursday,8,145.4,96.4,none,indoor_assist
2026-03-12 08:29:30,Thursday,8,177.1,96.4,none,indoor_assist
2026-03-12 08:30:00,Thursday,8,198.8,96.4,obstacle_medium,navigation
2026-03-12 08:30:30,Thursday,8,175.4,96.4,none,indoor_assist
2026-03-12 08:31:00,Thursday,8,154.8,96.4,none,indoor_assist
2026-03-12 08:31:30,Thursday,8,246.2,96.3,none,indoor_assist
2026-03-12 08:32:00,Thursday,8,167.0,96.3,none,standby
2026-03-12 08:32:30,Thursday,8,221.8,96.3,none,navigation
2026-03-12 08:33:00,Thursday,8,170.6,96.3,none,navigation
2026-03-12 08:33:30,Thursday,8,144.3,96.3,none,navigation
2026-03-12 08:34:00,Thursday,8,199.7,96.2,none,indoor_assist
2026-03-12 08:34:30,Thursday,8,216.3,96.2,none,indoor_assist
2026-03-12 08:35:00,Thursday,8,173.3,96.2,none,standby
2026-03-12 08:35:30,Thursday,8,142.9,96.2,none,navigation
2026-03-12 08:36:00,Thursday,8,176.9,96.2,none,standby
2026-03-12 08:36:30,Thursday,8,235.6,96.1,none,standby
2026-03-12 08:37:00,Thursday,8,214.7,96.1,none,indoor_assist
2026-03-12 08:37:30,Thursday,8,146.0,96.1,none,standby
2026-03-12 08:38:00,Thursday,8,165.1,96.1,none,navigation
2026-03-12 08:38:30,Thursday,8,190.1,96.1,none,standby
2026-03-12 08:39:00,Thursday,8,197.1,96.0,none,navigation
2026-03-12 08:39:30,Thursday,8,154.6,96.0,none,indoor_assist
2026-03-12 08:40:00,Thursday,8,150.7,96.0,none,indoor_assist
2026-03-12 08:40:30,Thursday,8,250.4,96.0,obstacle_medium,navigation
2026-03-12 08:41:00,Thursday,8,158.1,96.0,obstacle_medium,indoor_assist
2026-03-12 08:41:30,Thursday,8,227.4,95.9,none,indoor_assist
2026-03-12 08:42:00,Thursday,8,215.3,95.9,obstacle_near,indoor_assist
2026-03-12 08:42:30,Thursday,8,188.1,95.9,none,navigation
2026-03-12 08:43:00,Thursday,8,207.2,95.9,none,navigation
2026-03-12 08:43:30,Thursday,8,209.1,95.9,none,indoor_assist
2026-03-12 08:44:00,Thursday,8,186.9,95.8,none,navigation
2026-03-12 08:44:30,Thursday,8,196.5,95.8,obstacle_near,navigation
2026-03-12 08:45:00,Thursday,8,220.4,95.8,obstacle_near,navigation
2026-03-12 08:45:30,Thursday,8,247.7,95.8,none,navigation
2026-03-12 08:46:00,Thursday,8,180.9,95.8,none,navigation
2026-03-12 08:46:30,Thursday,8,223.8,95.7,none,navigation
2026-03-12 08:47:00,Thursday,8,163.9,95.7,none,indoor_assist
2026-03-12 08:47:30,Thursday,8,217.4,95.7,obstacle_near,navigation
2026-03-12 08:48:00,Thursday,8,225.8,95.7,obstacle_near,indoor_assist
2026-03-12 08:48:30,Thursday,8,205.2,95.7,none,navigation
2026-03-12 08:49:00,Thursday,8,186.8,95.6,none,indoor_assist
2026-03-12 08:49:30,Thursday,8,196.7,95.6,none,standby
2026-03-12 08:50:00,Thursday,8,193.0,95.6,obstacle_near,navigation
2026-03-12 08:50:30,Thursday,8,200.4,95.6,none,navigation
2026-03-12 08:51:00,Thursday,8,188.0,95.6,none,indoor_assist
2026-03-12 08:51:30,Thursday,8,196.6,95.5,none,navigation
2026-03-12 08:52:00,Thursday,8,199.9,95.5,none,navigation
2026-03-12 08:52:30,Thursday,8,177.7,95.5,none,indoor_assist
2026-03-12 08:53:00,Thursday,8,212.8,95.5,none,navigation
2026-03-12 08:53:30,Thursday,8,183.4,95.5,obstacle_medium,standby
2026-03-12 08:54:00,Thursday,8,213.5,95.4,none,indoor_assist
2026-03-12 08:54:30,Thursday,8,131.1,95.4,none,indoor_assist
2026-03-12 08:55:00,Thursday,8,147.9,95.4,none,navigation
2026-03-12 08:55:30,Thursday,8,244.1,95.4,none,indoor_assist
2026-03-12 08:56:00,Thursday,8,135.4,95.4,low_battery,navigation
2026-03-12 08:56:30,Thursday,8,203.6,95.3,low_battery,navigation
2026-03-12 08:57:00,Thursday,8,213.4,95.3,none,navigation
2026-03-12 08:57:30,Thursday,8,211.1,95.3,none,navigation
2026-03-12 08:58:00,Thursday,8,208.8,95.3,none,indoor_assist
2026-03-12 08:58:30,Thursday,8,146.3,95.3,obstacle_near,navigation
2026-03-12 08:59:00,Thursday,8,175.6,95.2,none,navigation
2026-03-12 08:59:30,Thursday,8,238.4,95.2,none,indoor_assist
2026-03-12 09:00:00,Thursday,9,131.8,95.2,obstacle_medium,indoor_assist
2026-03-12 09:00:30,Thursday,9,112.7,95.2,none,indoor_assist
2026-03-12 09:01:00,Thursday,9,93.5,95.2,none,navigation
2026-03-12 09:01:30,Thursday,9,130.9,95.1,none,indoor_assist
2026-03-12 09:02:00,Thursday,9,110.6,95.1,none,navigation
2026-03-12 09:02:30,Thursday,9,109.3,95.1,none,navigation
2026-03-12 09:03:00,Thursday,9,141.5,95.1,none,navigation
2026-03-12 09:03:30,Thursday,9,129.3,95.1,none,standby
2026-03-12 09:04:00,Thursday,9,171.0,95.0,obstacle_medium,navigation
2026-03-12 09:04:30,Thursday,9,86.1,95.0,none,indoor_assist
2026-03-12 09:05:00,Thursday,9,24.8,95.0,obstacle_near,navigation
2026-03-12 09:05:30,Thursday,9,153.5,95.0,obstacle_near,indoor_assist
2026-03-12 09:06:00,Thursday,9,132.2,95.0,none,navigation
2026-03-12 09:06:30,Thursday,9,148.5,94.9,obstacle_medium,navigation
2026-03-12 09:07:00,Thursday,9,118.6,94.9,obstacle_near,indoor_assist
2026-03-12 09:07:30,Thursday,9,115.7,94.9,obstacle_medium,indoor_assist
2026-03-12 09:08:00,Thursday,9,116.6,94.9,none,navigation
2026-03-12 09:08:30,Thursday,9,118.0,94.9,none,standby
2026-03-12 09:09:00,Thursday,9,126.1,94.8,none,navigation
2026-03-12 09:09:30,Thursday,9,101.6,94.8,obstacle_medium,navigation
2026-03-12 09:10:00,Thursday,9,94.9,94.8,none,navigation
2026-03-12 09:10:30,Thursday,9,92.2,94.8,obstacle_medium,indoor_assist
2026-03-12 09:11:00,Thursday,9,127.2,94.8,none,standby
2026-03-12 09:11:30,Thursday,9,111.4,94.7,none,navigation
2026-03-12 09:12:00,Thursday,9,121.2,94.7,none,navigation
2026-03-12 09:12:30,Thursday,9,62.6,94.7,obstacle_medium,navigation
2026-03-12 09:13:00,Thursday,9,64.8,94.7,obstacle_medium,navigation
2026-03-12 09:13:30,Thursday,9,145.2,94.7,none,standby
2026-03-12 09:14:00,Thursday,9,88.3,94.6,none,indoor_assist
2026-03-12 09:14:30,Thursday,9,146.0,94.6,obstacle_medium,indoor_assist
2026-03-12 09:15:00,Thursday,9,135.8,94.6,none,indoor_assist
2026-03-12 09:15:30,Thursday,9,59.2,94.6,obstacle_medium,indoor_assist
2026-03-12 09:16:00,Thursday,9,107.9,94.6,none,navigation
2026-03-12 09:16:30,Thursday,9,170.2,94.5,obstacle_near,navigation
2026-03-12 09:17:00,Thursday,9,133.1,94.5,none,navigation
2026-03-12 09:17:30,Thursday,9,109.4,94.5,none,navigation
2026-03-12 09:18:00,Thursday,9,143.4,94.5,none,indoor_assist
2026-03-12 09:18:30,Thursday,9,57.3,94.5,obstacle_medium,navigation
2026-03-12 09:19:00,Thursday,9,154.0,94.4,none,standby
2026-03-12 09:19:30,Thursday,9,108.6,94.4,none,indoor_assist
2026-03-12 09:20:00,Thursday,9,156.3,94.4,none,indoor_assist
2026-03-12 09:20:30,Thursday,9,101.1,94.4,none,navigation
2026-03-12 09:21:00,Thursday,9,92.6,94.4,none,indoor_assist
2026-03-12 09:21:30,Thursday,9,121.8,94.3,low_battery,navigation
2026-03-12 09:22:00,Thursday,9,116.7,94.3,none,navigation
2026-03-12 09:22:30,Thursday,9,144.6,94.3,none,standby
2026-03-12 09:23:00,Thursday,9,94.6,94.3,none,indoor_assist
2026-03-12 09:23:30,Thursday,9,108.8,94.3,none,navigation
2026-03-12 09:24:00,Thursday,9,117.3,94.2,none,indoor_assist
2026-03-12 09:24:30,Thursday,9,151.4,94.2,none,navigation
2026-03-12 09:25:00,Thursday,9,123.1,94.2,none,navigation
2026-03-12 09:25:30,Thursday,9,95.1,94.2,none,navigation
2026-03-12 09:26:00,Thursday,9,131.8,94.2,obstacle_medium,indoor_assist
2026-03-12 09:26:30,Thursday,9,82.2,94.1,none,indoor_assist
2026-03-12 09:27:00,Thursday,9,134.6,94.1,none,navigation
2026-03-12 09:27:30,Thursday,9,171.0,94.1,none,navigation
2026-03-12 09:28:00,Thursday,9,120.9,94.1,low_battery,indoor_assist
2026-03-12 09:28:30,Thursday,9,154.5,94.1,none,navigation
2026-03-12 09:29:00,Thursday,9,102.0,94.0,none,indoor_assist
2026-03-12 09:29:30,Thursday,9,105.9,94.0,none,navigation
2026-03-12 09:30:00,Thursday,9,146.2,94.0,none,navigation
2026-03-12 09:30:30,Thursday,9,184.9,94.0,none,indoor_assist
2026-03-12 09:31:00,Thursday,9,113.4,94.0,obstacle_medium,navigation
2026-03-12 09:31:30,Thursday,9,158.3,93.9,none,standby
2026-03-12 09:32:00,Thursday,9,91.8,93.9,none,navigation
2026-03-12 09:32:30,Thursday,9,100.8,93.9,obstacle_medium,navigation
2026-03-12 09:33:00,Thursday,9,123.2,93.9,none,navigation
2026-03-12 09:33:30,Thursday,9,110.5,93.9,none,navigation
2026-03-12 09:34:00,Thursday,9,134.4,93.8,none,navigation
2026-03-12 09:34:30,Thursday,9,53.1,93.8,obstacle_medium,indoor_assist
2026-03-12 09:35:00,Thursday,9,147.2,93.8,none,navigation
2026-03-12 09:35:30,Thursday,9,121.7,93.8,none,navigation
2026-03-12 09:36:00,Thursday,9,91.3,93.8,low_battery,indoor_assist
2026-03-12 09:36:30,Thursday,9,93.6,93.7,none,navigation
2026-03-12 09:37:00,Thursday,9,95.3,93.7,obstacle_medium,indoor_assist
2026-03-12 09:37:30,Thursday,9,111.3,93.7,none,navigation
2026-03-12 09:38:00,Thursday,9,64.5,93.7,obstacle_medium,indoor_assist
2026-03-12 09:38:30,Thursday,9,70.2,93.7,obstacle_medium,navigation
2026-03-12 09:39:00,Thursday,9,106.6,93.6,none,navigation
2026-03-12 09:39:30,Thursday,9,121.2,93.6,none,navigation
2026-03-12 09:40:00,Thursday,9,129.8,93.6,obstacle_medium,navigation
2026-03-12 09:40:30,Thursday,9,138.8,93.6,none,indoor_assist
2026-03-12 09:41:00,Thursday,9,96.0,93.6,obstacle_medium,navigation
2026-03-12 09:41:30,Thursday,9,102.6,93.5,obstacle_medium,indoor_assist
2026-03-12 09:42:00,Thursday,9,74.0,93.5,obstacle_medium,indoor_assist
2026-03-12 09:42:30,Thursday,9,137.4,93.5,none,indoor_assist
2026-03-12 09:43:00,Thursday,9,111.6,93.5,none,indoor_assist
2026-03-12 09:43:30,Thursday,9,181.4,93.5,none,navigation
2026-03-12 09:44:00,Thursday,9,78.5,93.4,obstacle_medium,indoor_assist
2026-03-12 09:44:30,Thursday,9,120.3,93.4,none,indoor_assist
2026-03-12 09:45:00,Thursday,9,82.6,93.4,none,indoor_assist
2026-03-12 09:45:30,Thursday,9,92.5,93.4,obstacle_medium,navigation
2026-03-12 09:46:00,Thursday,9,101.2,93.4,low_battery,navigation
2026-03-12 09:46:30,Thursday,9,132.7,93.3,none,navigation
2026-03-12 09:47:00,Thursday,9,189.4,93.3,fall_detected,indoor_assist
2026-03-12 09:47:30,Thursday,9,130.7,93.3,none,indoor_assist
2026-03-12 09:48:00,Thursday,9,98.9,93.3,none,navigation
2026-03-12 09:48:30,Thursday,9,137.7,93.3,none,standby
2026-03-12 09:49:00,Thursday,9,139.5,93.2,obstacle_medium,navigation
2026-03-12 09:49:30,Thursday,9,132.3,93.2,none,navigation
2026-03-12 09:50:00,Thursday,9,148.8,93.2,none,indoor_assist
2026-03-12 09:50:30,Thursday,9,171.3,93.2,none,indoor_assist
2026-03-12 09:51:00,Thursday,9,148.3,93.2,none,navigation
2026-03-12 09:51:30,Thursday,9,116.3,93.1,none,navigation
2026-03-12 09:52:00,Thursday,9,116.8,93.1,obstacle_near,standby
2026-03-12 09:52:30,Thursday,9,110.9,93.1,none,navigation
2026-03-12 09:53:00,Thursday,9,135.3,93.1,none,navigation
2026-03-12 09:53:30,Thursday,9,101.2,93.1,none,indoor_assist
2026-03-12 09:54:00,Thursday,9,121.5,93.0,obstacle_near,indoor_assist
2026-03-12 09:54:30,Thursday,9,133.1,93.0,none,standby
2026-03-12 09:55:00,Thursday,9,137.4,93.0,none,standby
2026-03-12 09:55:30,Thursday,9,113.3,93.0,none,navigation
2026-03-12 09:56:00,Thursday,9,127.0,93.0,none,navigation
2026-03-12 09:56:30,Thursday,9,101.5,92.9,obstacle_medium,indoor_assist
2026-03-12 09:57:00,Thursday,9,126.7,92.9,none,indoor_assist
2026-03-12 09:57:30,Thursday,9,133.9,92.9,none,navigation
2026-03-12 09:58:00,Thursday,9,140.5,92.9,obstacle_near,standby
2026-03-12 09:58:30,Thursday,9,110.7,92.9,none,indoor_assist
2026-03-12 09:59:00,Thursday,9,155.3,92.8,obstacle_near,navigation
2026-03-12 09:59:30,Thursday,9,124.6,92.8,obstacle_near,navigation
2026-03-12 10:00:00,Thursday,10,160.2,92.8,none,indoor_assist
2026-03-12 10:00:30,Thursday,10,164.1,92.8,low_battery,navigation
2026-03-12 10:01:00,Thursday,10,126.6,92.8,fall_detected,indoor_assist
2026-03-12 10:01:30,Thursday,10,132.9,92.7,none,navigation
2026-03-12 10:02:00,Thursday,10,119.3,92.7,none,indoor_assist
2026-03-12 10:02:30,Thursday,10,120.7,92.7,none,navigation
2026-03-12 10:03:00,Thursday,10,90.5,92.7,none,standby
2026-03-12 10:03:30,Thursday,10,112.1,92.7,none,navigation
2026-03-12 10:04:00,Thursday,10,82.4,92.6,none,indoor_assist
2026-03-12 10:04:30,Thursday,10,90.6,92.6,none,navigation
2026-03-12 10:05:00,Thursday,10,84.7,92.6,none,navigation
2026-03-12 10:05:30,Thursday,10,119.3,92.6,none,navigation
2026-03-12 10:06:00,Thursday,10,107.8,92.6,none,navigation
2026-03-12 10:06:30,Thursday,10,159.0,92.5,none,navigation
2026-03-12 10:07:00,Thursday,10,121.7,92.5,none,indoor_assist
2026-03-12 10:07:30,Thursday,10,125.1,92.5,obstacle_medium,standby
2026-03-12 10:08:00,Thursday,10,132.6,92.5,none,navigation
2026-03-12 10:08:30,Thursday,10,71.7,92.5,obstacle_medium,navigation
2026-03-12 10:09:00,Thursday,10,124.6,92.4,none,navigation
2026-03-12 10:09:30,Thursday,10,151.9,92.4,none,standby
2026-03-12 10:10:00,Thursday,10,89.7,92.4,obstacle_near,standby
2026-03-12 10:10:30,Thursday,10,127.1,92.4,none,standby
2026-03-12 10:11:00,Thursday,10,117.2,92.4,none,navigation
2026-03-12 10:11:30,Thursday,10,129.5,92.3,none,navigation
2026-03-12 10:12:00,Thursday,10,97.1,92.3,none,navigation
2026-03-12 10:12:30,Thursday,10,103.7,92.3,none,standby
2026-03-12 10:13:00,Thursday,10,92.3,92.3,obstacle_medium,standby
2026-03-12 10:13:30,Thursday,10,123.6,92.3,obstacle_medium,standby
2026-03-12 10:14:00,Thursday,10,148.8,92.2,low_battery,navigation
2026-03-12 10:14:30,Thursday,10,157.5,92.2,obstacle_medium,indoor_assist
2026-03-12 10:15:00,Thursday,10,150.1,92.2,none,navigation
2026-03-12 10:15:30,Thursday,10,124.6,92.2,none,navigation
2026-03-12 10:16:00,Thursday,10,154.4,92.2,obstacle_medium,navigation
2026-03-12 10:16:30,Thursday,10,131.4,92.1,none,indoor_assist
2026-03-12 10:17:00,Thursday,10,170.8,92.1,none,indoor_assist
2026-03-12 10:17:30,Thursday,10,131.7,92.1,obstacle_near,standby
2026-03-12 10:18:00,Thursday,10,146.7,92.1,none,navigation
2026-03-12 10:18:30,Thursday,10,108.0,92.1,none,navigation
2026-03-12 10:19:00,Thursday,10,161.7,92.0,obstacle_medium,navigation
2026-03-12 10:19:30,Thursday,10,171.9,92.0,none,navigation
2026-03-12 10:20:00,Thursday,10,95.7,92.0,obstacle_medium,indoor_assist
2026-03-12 10:20:30,Thursday,10,190.3,92.0,none,indoor_assist
2026-03-12 10:21:00,Thursday,10,141.9,92.0,low_battery,standby
2026-03-12 10:21:30,Thursday,10,150.8,91.9,obstacle_near,navigation
2026-03-12 10:22:00,Thursday,10,134.9,91.9,none,navigation
2026-03-12 10:22:30,Thursday,10,101.7,91.9,none,standby
2026-03-12 10:23:00,Thursday,10,151.2,91.9,obstacle_near,navigation
2026-03-12 10:23:30,Thursday,10,104.1,91.9,none,indoor_assist
2026-03-12 10:24:00,Thursday,10,178.0,91.8,none,navigation
2026-03-12 10:24:30,Thursday,10,112.5,91.8,none,standby
2026-03-12 10:25:00,Thursday,10,130.6,91.8,none,indoor_assist
2026-03-12 10:25:30,Thursday,10,95.3,91.8,none,indoor_assist
2026-03-12 10:26:00,Thursday,10,81.6,91.8,none,indoor_assist
2026-03-12 10:26:30,Thursday,10,95.7,91.7,fall_detected,indoor_assist
2026-03-12 10:27:00,Thursday,10,98.1,91.7,none,navigation
2026-03-12 10:27:30,Thursday,10,129.7,91.7,none,standby
2026-03-12 10:28:00,Thursday,10,158.1,91.7,none,navigation
2026-03-12 10:28:30,Thursday,10,132.7,91.7,none,indoor_assist
2026-03-12 10:29:00,Thursday,10,131.8,91.6,none,navigation
2026-03-12 10:29:30,Thursday,10,102.5,91.6,obstacle_medium,navigation
2026-03-12 10:30:00,Thursday,10,92.5,91.6,none,navigation
2026-03-12 10:30:30,Thursday,10,112.5,91.6,none,navigation
2026-03-12 10:31:00,Thursday,10,138.0,91.6,none,navigation
2026-03-12 10:31:30,Thursday,10,149.3,91.5,none,standby
2026-03-12 10:32:00,Thursday,10,69.3,91.5,obstacle_medium,navigation
2026-03-12 10:32:30,Thursday,10,141.7,91.5,obstacle_near,standby
2026-03-12 10:33:00,Thursday,10,136.2,91.5,none,navigation
2026-03-12 10:33:30,Thursday,10,134.9,91.5,none,indoor_assist
2026-03-12 10:34:00,Thursday,10,71.6,91.4,obstacle_medium,indoor_assist
2026-03-12 10:34:30,Thursday,10,152.7,91.4,obstacle_medium,navigation
2026-03-12 10:35:00,Thursday,10,106.4,91.4,obstacle_medium,navigation
2026-03-12 10:35:30,Thursday,10,145.8,91.4,none,navigation
2026-03-12 10:36:00,Thursday,10,86.2,91.4,obstacle_medium,standby
2026-03-12 10:36:30,Thursday,10,111.2,91.3,none,indoor_assist
2026-03-12 10:37:00,Thursday,10,121.9,91.3,obstacle_medium,navigation
2026-03-12 10:37:30,Thursday,10,119.9,91.3,none,navigation
2026-03-12 10:38:00,Thursday,10,97.9,91.3,none,indoor_assist
2026-03-12 10:38:30,Thursday,10,68.4,91.3,obstacle_medium,standby
2026-03-12 10:39:00,Thursday,10,115.9,91.2,none,standby
2026-03-12 10:39:30,Thursday,10,127.4,91.2,none,indoor_assist
2026-03-12 10:40:00,Thursday,10,126.5,91.2,none,standby
2026-03-12 10:40:30,Thursday,10,137.1,91.2,obstacle_medium,indoor_assist
2026-03-12 10:41:00,Thursday,10,92.6,91.2,none,navigation
2026-03-12 10:41:30,Thursday,10,95.7,91.1,obstacle_near,indoor_assist
2026-03-12 10:42:00,Thursday,10,117.3,91.1,none,navigation
2026-03-12 10:42:30,Thursday,10,163.0,91.1,none,indoor_assist
2026-03-12 10:43:00,Thursday,10,177.5,91.1,none,indoor_assist
2026-03-12 10:43:30,Thursday,10,131.7,91.1,none,navigation
2026-03-12 10:44:00,Thursday,10,95.0,91.0,none,navigation
2026-03-12 10:44:30,Thursday,10,118.6,91.0,none,navigation
2026-03-12 10:45:00,Thursday,10,145.7,91.0,none,navigation
2026-03-12 10:45:30,Thursday,10,117.5,91.0,obstacle_medium,navigation
2026-03-12 10:46:00,Thursday,10,155.1,91.0,obstacle_medium,navigation
2026-03-12 10:46:30,Thursday,10,139.1,90.9,none,navigation
2026-03-12 10:47:00,Thursday,10,166.1,90.9,none,indoor_assist
2026-03-12 10:47:30,Thursday,10,142.9,90.9,none,navigation
2026-03-12 10:48:00,Thursday,10,151.0,90.9,none,indoor_assist
2026-03-12 10:48:30,Thursday,10,150.0,90.9,none,standby
2026-03-12 10:49:00,Thursday,10,128.5,90.8,obstacle_near,navigation
2026-03-12 10:49:30,Thursday,10,152.9,90.8,obstacle_medium,navigation
2026-03-12 10:50:00,Thursday,10,177.6,90.8,low_battery,navigation
2026-03-12 10:50:30,Thursday,10,131.5,90.8,none,indoor_assist
2026-03-12 10:51:00,Thursday,10,82.3,90.8,none,navigation
2026-03-12 10:51:30,Thursday,10,148.3,90.7,none,standby
2026-03-12 10:52:00,Thursday,10,97.0,90.7,none,indoor_assist
2026-03-12 10:52:30,Thursday,10,132.2,90.7,none,navigation
2026-03-12 10:53:00,Thursday,10,135.4,90.7,none,navigation
2026-03-12 10:53:30,Thursday,10,47.1,90.7,obstacle_medium,navigation
2026-03-12 10:54:00,Thursday,10,136.6,90.6,none,standby
2026-03-12 10:54:30,Thursday,10,105.2,90.6,none,indoor_assist
2026-03-12 10:55:00,Thursday,10,75.2,90.6,obstacle_medium,indoor_assist
2026-03-12 10:55:30,Thursday,10,145.4,90.6,none,navigation
2026-03-12 10:56:00,Thursday,10,154.4,90.6,none,indoor_assist
2026-03-12 10:56:30,Thursday,10,120.6,90.5,obstacle_medium,navigation
2026-03-12 10:57:00,Thursday,10,93.4,90.5,none,indoor_assist
2026-03-12 10:57:30,Thursday,10,78.8,90.5,obstacle_medium,standby
2026-03-12 10:58:00,Thursday,10,88.6,90.5,none,standby
2026-03-12 10:58:30,Thursday,10,93.2,90.5,none,navigation
2026-03-12 10:59:00,Thursday,10,112.7,90.4,none,indoor_assist
2026-03-12 10:59:30,Thursday,10,82.9,90.4,obstacle_near,navigation
2026-03-12 11:00:00,Thursday,11,84.8,90.4,none,navigation
2026-03-12 11:00:30,Thursday,11,143.2,90.4,none,standby
2026-03-12 11:01:00,Thursday,11,155.3,90.4,fall_detected,navigation
2026-03-12 11:01:30,Thursday,11,98.9,90.3,none,navigation
2026-03-12 11:02:00,Thursday,11,106.5,90.3,obstacle_near,navigation
2026-03-12 11:02:30,Thursday,11,161.4,90.3,none,navigation
2026-03-12 11:03:00,Thursday,11,116.4,90.3,obstacle_near,standby
2026-03-12 11:03:30,Thursday,11,156.7,90.3,none,navigation
2026-03-12 11:04:00,Thursday,11,51.5,90.2,obstacle_medium,navigation
2026-03-12 11:04:30,Thursday,11,152.2,90.2,none,indoor_assist
2026-03-12 11:05:00,Thursday,11,89.3,90.2,none,indoor_assist
2026-03-12 11:05:30,Thursday,11,137.7,90.2,none,navigation
2026-03-12 11:06:00,Thursday,11,112.1,90.2,none,navigation
2026-03-12 11:06:30,Thursday,11,114.3,90.1,none,navigation
2026-03-12 11:07:00,Thursday,11,136.4,90.1,none,indoor_assist
2026-03-12 11:07:30,Thursday,11,134.6,90.1,none,indoor_assist
2026-03-12 11:08:00,Thursday,11,134.0,90.1,obstacle_near,indoor_assist
2026-03-12 11:08:30,Thursday,11,163.4,90.1,none,navigation
2026-03-12 11:09:00,Thursday,11,154.2,90.0,low_battery,indoor_assist
2026-03-12 11:09:30,Thursday,11,156.4,90.0,none,navigation
2026-03-12 11:10:00,Thursday,11,136.8,90.0,obstacle_medium,navigation
2026-03-12 11:10:30,Thursday,11,108.7,90.0,none,navigation
2026-03-12 11:11:00,Thursday,11,83.5,90.0,obstacle_near,standby
2026-03-12 11:11:30,Thursday,11,110.1,89.9,none,standby
2026-03-12 11:12:00,Thursday,11,142.2,89.9,none,indoor_assist
2026-03-12 11:12:30,Thursday,11,120.5,89.9,none,standby
2026-03-12 11:13:00,Thursday,11,144.9,89.9,obstacle_medium,indoor_assist
2026-03-12 11:13:30,Thursday,11,141.5,89.9,none,navigation
2026-03-12 11:14:00,Thursday,11,152.1,89.8,low_battery,navigation
2026-03-12 11:14:30,Thursday,11,150.9,89.8,none,navigation
2026-03-12 11:15:00,Thursday,11,105.2,89.8,none,indoor_assist
2026-03-12 11:15:30,Thursday,11,132.6,89.8,none,indoor_assist
2026-03-12 11:16:00,Thursday,11,170.2,89.8,none,navigation
2026-03-12 11:16:30,Thursday,11,110.2,89.7,none,indoor_assist
2026-03-12 11:17:00,Thursday,11,112.7,89.7,none,indoor_assist
2026-03-12 11:17:30,Thursday,11,101.7,89.7,none,navigation
2026-03-12 11:18:00,Thursday,11,81.3,89.7,obstacle_medium,indoor_assist
2026-03-12 11:18:30,Thursday,11,152.3,89.7,none,navigation
2026-03-12 11:19:00,Thursday,11,135.7,89.6,none,indoor_assist
2026-03-12 11:19:30,Thursday,11,159.8,89.6,obstacle_near,standby
2026-03-12 11:20:00,Thursday,11,126.4,89.6,none,navigation
2026-03-12 11:20:30,Thursday,11,163.4,89.6,none,navigation
2026-03-12 11:21:00,Thursday,11,107.5,89.6,obstacle_near,navigation
2026-03-12 11:21:30,Thursday,11,104.4,89.5,obstacle_near,navigation
2026-03-12 11:22:00,Thursday,11,189.7,89.5,none,navigation
2026-03-12 11:22:30,Thursday,11,114.6,89.5,none,standby
2026-03-12 11:23:00,Thursday,11,128.2,89.5,none,indoor_assist
2026-03-12 11:23:30,Thursday,11,110.3,89.5,none,navigation
2026-03-12 11:24:00,Thursday,11,143.0,89.4,none,indoor_assist
2026-03-12 11:24:30,Thursday,11,146.4,89.4,none,indoor_assist
2026-03-12 11:25:00,Thursday,11,175.8,89.4,none,navigation
2026-03-12 11:25:30,Thursday,11,131.5,89.4,none,navigation
2026-03-12 11:26:00,Thursday,11,126.4,89.4,none,standby
2026-03-12 11:26:30,Thursday,11,112.2,89.3,obstacle_medium,navigation
2026-03-12 11:27:00,Thursday,11,107.4,89.3,none,navigation
2026-03-12 11:27:30,Thursday,11,131.9,89.3,obstacle_near,indoor_assist
2026-03-12 11:28:00,Thursday,11,142.9,89.3,low_battery,navigation
2026-03-12 11:28:30,Thursday,11,131.7,89.3,none,navigation
2026-03-12 11:29:00,Thursday,11,105.6,89.2,none,indoor_assist
2026-03-12 11:29:30,Thursday,11,61.2,89.2,obstacle_medium,navigation
2026-03-12 11:30:00,Thursday,11,139.4,89.2,none,standby
2026-03-12 11:30:30,Thursday,11,133.2,89.2,obstacle_medium,navigation
2026-03-12 11:31:00,Thursday,11,126.8,89.2,low_battery,indoor_assist
2026-03-12 11:31:30,Thursday,11,99.3,89.1,none,indoor_assist
2026-03-12 11:32:00,Thursday,11,154.7,89.1,none,indoor_assist
2026-03-12 11:32:30,Thursday,11,77.6,89.1,obstacle_medium,navigation
2026-03-12 11:33:00,Thursday,11,96.1,89.1,none,indoor_assist
2026-03-12 11:33:30,Thursday,11,111.9,89.1,obstacle_near,standby
2026-03-12 11:34:00,Thursday,11,81.5,89.0,low_battery,navigation
2026-03-12 11:34:30,Thursday,11,141.1,89.0,obstacle_near,standby
2026-03-12 11:35:00,Thursday,11,107.9,89.0,none,navigation
2026-03-12 11:35:30,Thursday,11,112.5,89.0,none,indoor_assist
2026-03-12 11:36:00,Thursday,11,116.4,89.0,none,indoor_assist
2026-03-12 11:36:30,Thursday,11,159.9,88.9,obstacle_medium,navigation
2026-03-12 11:37:00,Thursday,11,96.8,88.9,none,indoor_assist
2026-03-12 11:37:30,Thursday,11,88.7,88.9,obstacle_near,navigation
2026-03-12 11:38:00,Thursday,11,115.3,88.9,none,standby
2026-03-12 11:38:30,Thursday,11,102.4,88.9,none,standby
2026-03-12 11:39:00,Thursday,11,156.5,88.8,low_battery,indoor_assist
2026-03-12 11:39:30,Thursday,11,121.2,88.8,none,navigation
2026-03-12 11:40:00,Thursday,11,110.0,88.8,obstacle_medium,indoor_assist
2026-03-12 11:40:30,Thursday,11,116.9,88.8,obstacle_medium,indoor_assist
2026-03-12 11:41:00,Thursday,11,102.9,88.8,none,standby
2026-03-12 11:41:30,Thursday,11,145.3,88.7,low_battery,navigation
2026-03-12 11:42:00,Thursday,11,129.6,88.7,none,indoor_assist
2026-03-12 11:42:30,Thursday,11,107.8,88.7,none,standby
2026-03-12 11:43:00,Thursday,11,103.8,88.7,low_battery,navigation
2026-03-12 11:43:30,Thursday,11,130.9,88.7,obstacle_medium,indoor_assist
2026-03-12 11:44:00,Thursday,11,152.6,88.6,obstacle_medium,navigation
2026-03-12 11:44:30,Thursday,11,150.6,88.6,none,indoor_assist
2026-03-12 11:45:00,Thursday,11,114.6,88.6,obstacle_medium,navigation
2026-03-12 11:45:30,Thursday,11,74.8,88.6,obstacle_medium,indoor_assist
2026-03-12 11:46:00,Thursday,11,92.4,88.6,none,navigation
2026-03-12 11:46:30,Thursday,11,81.1,88.5,obstacle_medium,navigation
2026-03-12 11:47:00,Thursday,11,149.7,88.5,none,standby
2026-03-12 11:47:30,Thursday,11,157.9,88.5,none,navigation
2026-03-12 11:48:00,Thursday,11,95.6,88.5,none,navigation
2026-03-12 11:48:30,Thursday,11,81.8,88.5,none,navigation
2026-03-12 11:49:00,Thursday,11,83.4,88.4,none,indoor_assist
2026-03-12 11:49:30,Thursday,11,168.3,88.4,none,standby
2026-03-12 11:50:00,Thursday,11,98.9,88.4,none,navigation
2026-03-12 11:50:30,Thursday,11,128.8,88.4,none,indoor_assist
2026-03-12 11:51:00,Thursday,11,119.6,88.4,obstacle_medium,navigation
2026-03-12 11:51:30,Thursday,11,83.4,88.3,low_battery,navigation
2026-03-12 11:52:00,Thursday,11,142.7,88.3,none,indoor_assist
2026-03-12 11:52:30,Thursday,11,166.1,88.3,obstacle_near,navigation
2026-03-12 11:53:00,Thursday,11,113.0,88.3,obstacle_medium,standby
2026-03-12 11:53:30,Thursday,11,140.2,88.3,none,standby
2026-03-12 11:54:00,Thursday,11,115.8,88.2,none,navigation
2026-03-12 11:54:30,Thursday,11,154.1,88.2,none,indoor_assist
2026-03-12 11:55:00,Thursday,11,54.1,88.2,obstacle_medium,indoor_assist
2026-03-12 11:55:30,Thursday,11,178.4,88.2,obstacle_medium,navigation
2026-03-12 11:56:00,Thursday,11,104.2,88.2,obstacle_medium,standby
2026-03-12 11:56:30,Thursday,11,136.7,88.1,none,navigation
2026-03-12 11:57:00,Thursday,11,111.1,88.1,none,navigation
2026-03-12 11:57:30,Thursday,11,126.2,88.1,none,navigation
2026-03-12 11:58:00,Thursday,11,122.7,88.1,none,standby
2026-03-12 11:58:30,Thursday,11,195.4,88.1,none,standby
2026-03-12 11:59:00,Thursday,11,157.2,88.0,none,navigation
2026-03-12 11:59:30,Thursday,11,100.1,88.0,none,navigation
2026-03-12 12:00:00,Thursday,12,185.9,100.0,none,navigation
2026-03-12 12:00:30,Thursday,12,164.6,100.0,obstacle_medium,navigation
2026-03-12 12:01:00,Thursday,12,182.3,100.0,low_battery,indoor_assist
2026-03-12 12:01:30,Thursday,12,247.8,99.9,none,indoor_assist
2026-03-12 12:02:00,Thursday,12,163.2,99.9,none,navigation
2026-03-12 12:02:30,Thursday,12,133.2,99.9,none,indoor_assist
2026-03-12 12:03:00,Thursday,12,220.5,99.9,none,navigation
2026-03-12 12:03:30,Thursday,12,183.1,99.9,none,indoor_assist
2026-03-12 12:04:00,Thursday,12,168.2,99.8,none,indoor_assist
2026-03-12 12:04:30,Thursday,12,201.4,99.8,obstacle_medium,standby
2026-03-12 12:05:00,Thursday,12,207.1,99.8,obstacle_medium,navigation
2026-03-12 12:05:30,Thursday,12,259.8,99.8,none,navigation
2026-03-12 12:06:00,Thursday,12,165.6,99.8,none,navigation
2026-03-12 12:06:30,Thursday,12,125.7,99.7,none,navigation
2026-03-12 12:07:00,Thursday,12,218.9,99.7,none,navigation
2026-03-12 12:07:30,Thursday,12,213.2,99.7,none,indoor_assist
2026-03-12 12:08:00,Thursday,12,248.8,99.7,obstacle_medium,standby
2026-03-12 12:08:30,Thursday,12,159.5,99.7,none,navigation
2026-03-12 12:09:00,Thursday,12,199.9,99.6,none,standby
2026-03-12 12:09:30,Thursday,12,240.5,99.6,fall_detected,navigation
2026-03-12 12:10:00,Thursday,12,196.9,99.6,none,indoor_assist
2026-03-12 12:10:30,Thursday,12,217.9,99.6,none,navigation
2026-03-12 12:11:00,Thursday,12,253.4,99.6,none,navigation
2026-03-12 12:11:30,Thursday,12,197.4,99.5,none,navigation
2026-03-12 12:12:00,Thursday,12,199.6,99.5,none,standby
2026-03-12 12:12:30,Thursday,12,199.8,99.5,none,indoor_assist
2026-03-12 12:13:00,Thursday,12,225.2,99.5,none,indoor_assist
2026-03-12 12:13:30,Thursday,12,242.2,99.5,none,navigation
2026-03-12 12:14:00,Thursday,12,209.6,99.4,obstacle_near,navigation
2026-03-12 12:14:30,Thursday,12,180.3,99.4,none,navigation
2026-03-12 12:15:00,Thursday,12,197.0,99.4,none,indoor_assist
2026-03-12 12:15:30,Thursday,12,210.2,99.4,obstacle_near,indoor_assist
2026-03-12 12:16:00,Thursday,12,195.3,99.4,none,indoor_assist
2026-03-12 12:16:30,Thursday,12,171.7,99.3,none,navigation
2026-03-12 12:17:00,Thursday,12,178.4,99.3,obstacle_medium,navigation
2026-03-12 12:17:30,Thursday,12,147.5,99.3,obstacle_medium,navigation
2026-03-12 12:18:00,Thursday,12,226.2,99.3,none,navigation
2026-03-12 12:18:30,Thursday,12,251.4,99.3,obstacle_medium,navigation
2026-03-12 12:19:00,Thursday,12,172.4,99.2,none,navigation
2026-03-12 12:19:30,Thursday,12,216.3,99.2,none,indoor_assist
2026-03-12 12:20:00,Thursday,12,227.5,99.2,none,indoor_assist
2026-03-12 12:20:30,Thursday,12,175.4,99.2,none,indoor_assist
2026-03-12 12:21:00,Thursday,12,184.1,99.2,none,indoor_assist
2026-03-12 12:21:30,Thursday,12,228.9,99.1,none,navigation
2026-03-12 12:22:00,Thursday,12,182.5,99.1,none,navigation
2026-03-12 12:22:30,Thursday,12,205.8,99.1,none,indoor_assist
2026-03-12 12:23:00,Thursday,12,248.0,99.1,none,navigation
2026-03-12 12:23:30,Thursday,12,176.0,99.1,low_battery,indoor_assist
2026-03-12 12:24:00,Thursday,12,187.2,99.0,none,indoor_assist
2026-03-12 12:24:30,Thursday,12,202.9,99.0,obstacle_medium,navigation
2026-03-12 12:25:00,Thursday,12,197.0,99.0,none,indoor_assist
2026-03-12 12:25:30,Thursday,12,163.1,99.0,none,indoor_assist
2026-03-12 12:26:00,Thursday,12,187.1,99.0,obstacle_near,navigation
2026-03-12 12:26:30,Thursday,12,146.3,98.9,none,indoor_assist
2026-03-12 12:27:00,Thursday,12,200.6,98.9,none,indoor_assist
2026-03-12 12:27:30,Thursday,12,209.7,98.9,obstacle_near,indoor_assist
2026-03-12 12:28:00,Thursday,12,231.7,98.9,obstacle_medium,navigation
2026-03-12 12:28:30,Thursday,12,218.4,98.9,none,indoor_assist
2026-03-12 12:29:00,Thursday,12,233.5,98.8,none,navigation
2026-03-12 12:29:30,Thursday,12,209.5,98.8,none,indoor_assist
2026-03-12 12:30:00,Thursday,12,214.4,98.8,none,navigation
2026-03-12 12:30:30,Thursday,12,209.0,98.8,none,navigation
2026-03-12 12:31:00,Thursday,12,202.1,98.8,none,standby
2026-03-12 12:31:30,Thursday,12,166.7,98.7,none,navigation
2026-03-12 12:32:00,Thursday,12,207.0,98.7,none,navigation
2026-03-12 12:32:30,Thursday,12,200.5,98.7,none,navigation
2026-03-12 12:33:00,Thursday,12,177.8,98.7,none,indoor_assist
2026-03-12 12:33:30,Thursday,12,245.4,98.7,obstacle_medium,navigation
2026-03-12 12:34:00,Thursday,12,213.1,98.6,none,indoor_assist
2026-03-12 12:34:30,Thursday,12,196.0,98.6,none,indoor_assist
2026-03-12 12:35:00,Thursday,12,199.6,98.6,none,standby
2026-03-12 12:35:30,Thursday,12,159.1,98.6,none,indoor_assist
2026-03-12 12:36:00,Thursday,12,209.8,98.6,low_battery,navigation
2026-03-12 12:36:30,Thursday,12,165.9,98.5,obstacle_medium,indoor_assist
2026-03-12 12:37:00,Thursday,12,226.7,98.5,none,navigation
2026-03-12 12:37:30,Thursday,12,235.7,98.5,none,indoor_assist
2026-03-12 12:38:00,Thursday,12,232.7,98.5,low_battery,indoor_assist
2026-03-12 12:38:30,Thursday,12,245.4,98.5,obstacle_near,navigation
2026-03-12 12:39:00,Thursday,12,231.0,98.4,obstacle_near,indoor_assist
2026-03-12 12:39:30,Thursday,12,208.0,98.4,obstacle_near,navigation
2026-03-12 12:40:00,Thursday,12,200.8,98.4,none,navigation
2026-03-12 12:40:30,Thursday,12,227.6,98.4,none,indoor_assist
2026-03-12 12:41:00,Thursday,12,168.0,98.4,fall_detected,navigation
2026-03-12 12:41:30,Thursday,12,221.7,98.3,low_battery,navigation
2026-03-12 12:42:00,Thursday,12,180.8,98.3,none,indoor_assist
2026-03-12 12:42:30,Thursday,12,239.7,98.3,none,navigation
2026-03-12 12:43:00,Thursday,12,245.9,98.3,none,navigation
2026-03-12 12:43:30,Thursday,12,212.3,98.3,obstacle_medium,navigation
2026-03-12 12:44:00,Thursday,12,223.7,98.2,none,indoor_assist
2026-03-12 12:44:30,Thursday,12,169.9,98.2,obstacle_near,indoor_assist
2026-03-12 12:45:00,Thursday,12,153.6,98.2,none,navigation
2026-03-12 12:45:30,Thursday,12,146.5,98.2,obstacle_near,navigation
2026-03-12 12:46:00,Thursday,12,214.7,98.2,none,indoor_assist
2026-03-12 12:46:30,Thursday,12,204.5,98.1,obstacle_medium,indoor_assist
2026-03-12 12:47:00,Thursday,12,197.1,98.1,none,navigation
2026-03-12 12:47:30,Thursday,12,199.5,98.1,none,navigation
2026-03-12 12:48:00,Thursday,12,233.4,98.1,none,indoor_assist
2026-03-12 12:48:30,Thursday,12,188.8,98.1,none,indoor_assist
2026-03-12 12:49:00,Thursday,12,189.2,98.0,low_battery,navigation
2026-03-12 12:49:30,Thursday,12,198.1,98.0,obstacle_near,indoor_assist
2026-03-12 12:50:00,Thursday,12,181.6,98.0,obstacle_medium,indoor_assist
2026-03-12 12:50:30,Thursday,12,182.9,98.0,none,indoor_assist
2026-03-12 12:51:00,Thursday,12,185.3,98.0,fall_detected,navigation
2026-03-12 12:51:30,Thursday,12,209.7,97.9,none,navigation
2026-03-12 12:52:00,Thursday,12,194.3,97.9,obstacle_medium,navigation
2026-03-12 12:52:30,Thursday,12,163.7,97.9,none,navigation
2026-03-12 12:53:00,Thursday,12,239.0,97.9,low_battery,standby
2026-03-12 12:53:30,Thursday,12,160.2,97.9,none,navigation
2026-03-12 12:54:00,Thursday,12,200.1,97.8,none,navigation
2026-03-12 12:54:30,Thursday,12,149.5,97.8,none,navigation
2026-03-12 12:55:00,Thursday,12,187.7,97.8,none,navigation
2026-03-12 12:55:30,Thursday,12,175.6,97.8,none,standby
2026-03-12 12:56:00,Thursday,12,212.5,97.8,none,navigation
2026-03-12 12:56:30,Thursday,12,201.8,97.7,low_battery,navigation
2026-03-12 12:57:00,Thursday,12,151.0,97.7,none,standby
2026-03-12 12:57:30,Thursday,12,174.8,97.7,none,indoor_assist
2026-03-12 12:58:00,Thursday,12,174.1,97.7,none,navigation
2026-03-12 12:58:30,Thursday,12,228.1,97.7,none,navigation
2026-03-12 12:59:00,Thursday,12,233.1,97.6,none,navigation
2026-03-12 12:59:30,Thursday,12,194.2,97.6,none,navigation
2026-03-12 13:00:00,Thursday,13,196.0,97.6,none,navigation
2026-03-12 13:00:30,Thursday,13,190.5,97.6,none,navigation
2026-03-12 13:01:00,Thursday,13,202.7,97.6,none,navigation
2026-03-12 13:01:30,Thursday,13,172.0,97.5,none,indoor_assist
2026-03-12 13:02:00,Thursday,13,183.2,97.5,obstacle_medium,navigation
2026-03-12 13:02:30,Thursday,13,213.1,97.5,obstacle_medium,indoor_assist
2026-03-12 13:03:00,Thursday,13,152.7,97.5,none,indoor_assist
2026-03-12 13:03:30,Thursday,13,192.1,97.5,none,navigation
2026-03-12 13:04:00,Thursday,13,164.7,97.4,obstacle_medium,navigation
2026-03-12 13:04:30,Thursday,13,176.6,97.4,none,navigation
2026-03-12 13:05:00,Thursday,13,209.4,97.4,none,indoor_assist
2026-03-12 13:05:30,Thursday,13,261.3,97.4,none,standby
2026-03-12 13:06:00,Thursday,13,172.9,97.4,none,navigation
2026-03-12 13:06:30,Thursday,13,177.0,97.3,none,navigation
2026-03-12 13:07:00,Thursday,13,169.3,97.3,none,standby
2026-03-12 13:07:30,Thursday,13,199.9,97.3,none,navigation
2026-03-12 13:08:00,Thursday,13,222.1,97.3,none,navigation
2026-03-12 13:08:30,Thursday,13,251.0,97.3,obstacle_medium,indoor_assist
2026-03-12 13:09:00,Thursday,13,212.0,97.2,none,standby
2026-03-12 13:09:30,Thursday,13,210.2,97.2,fall_detected,navigation
2026-03-12 13:10:00,Thursday,13,154.0,97.2,low_battery,navigation
2026-03-12 13:10:30,Thursday,13,208.1,97.2,none,navigation
2026-03-12 13:11:00,Thursday,13,195.1,97.2,obstacle_near,indoor_assist
2026-03-12 13:11:30,Thursday,13,169.3,97.1,obstacle_medium,navigation
2026-03-12 13:12:00,Thursday,13,204.2,97.1,obstacle_near,navigation
2026-03-12 13:12:30,Thursday,13,184.5,97.1,obstacle_near,navigation
2026-03-12 13:13:00,Thursday,13,149.1,97.1,low_battery,indoor_assist
2026-03-12 13:13:30,Thursday,13,191.6,97.1,obstacle_medium,navigation
2026-03-12 13:14:00,Thursday,13,143.3,97.0,none,indoor_assist
2026-03-12 13:14:30,Thursday,13,208.1,97.0,none,navigation
2026-03-12 13:15:00,Thursday,13,187.9,97.0,none,indoor_assist
2026-03-12 13:15:30,Thursday,13,129.5,97.0,obstacle_near,navigation
2026-03-12 13:16:00,Thursday,13,184.1,97.0,obstacle_medium,standby
2026-03-12 13:16:30,Thursday,13,226.9,96.9,none,standby
2026-03-12 13:17:00,Thursday,13,190.1,96.9,none,indoor_assist
2026-03-12 13:17:30,Thursday,13,235.0,96.9,none,indoor_assist
2026-03-12 13:18:00,Thursday,13,204.8,96.9,none,navigation
2026-03-12 13:18:30,Thursday,13,173.2,96.9,none,indoor_assist
2026-03-12 13:19:00,Thursday,13,244.2,96.8,obstacle_medium,navigation
2026-03-12 13:19:30,Thursday,13,213.3,96.8,none,navigation
2026-03-12 13:20:00,Thursday,13,219.0,96.8,none,indoor_assist
2026-03-12 13:20:30,Thursday,13,205.1,96.8,obstacle_medium,navigation
2026-03-12 13:21:00,Thursday,13,209.7,96.8,none,navigation
2026-03-12 13:21:30,Thursday,13,191.4,96.7,obstacle_medium,navigation
2026-03-12 13:22:00,Thursday,13,178.8,96.7,obstacle_medium,navigation
2026-03-12 13:22:30,Thursday,13,244.8,96.7,obstacle_medium,standby
2026-03-12 13:23:00,Thursday,13,165.9,96.7,none,navigation
2026-03-12 13:23:30,Thursday,13,243.5,96.7,none,navigation
2026-03-12 13:24:00,Thursday,13,218.1,96.6,none,standby
2026-03-12 13:24:30,Thursday,13,174.2,96.6,none,standby
2026-03-12 13:25:00,Thursday,13,212.2,96.6,none,navigation
2026-03-12 13:25:30,Thursday,13,178.3,96.6,none,indoor_assist
2026-03-12 13:26:00,Thursday,13,223.7,96.6,none,navigation
2026-03-12 13:26:30,Thursday,13,116.2,96.5,fall_detected,standby
2026-03-12 13:27:00,Thursday,13,241.8,96.5,none,navigation
2026-03-12 13:27:30,Thursday,13,174.5,96.5,obstacle_medium,indoor_assist
2026-03-12 13:28:00,Thursday,13,188.4,96.5,obstacle_medium,navigation
2026-03-12 13:28:30,Thursday,13,189.8,96.5,none,navigation
2026-03-12 13:29:00,Thursday,13,215.7,96.4,none,indoor_assist
2026-03-12 13:29:30,Thursday,13,167.9,96.4,obstacle_near,navigation
2026-03-12 13:30:00,Thursday,13,137.3,96.4,none,navigation
2026-03-12 13:30:30,Thursday,13,168.5,96.4,low_battery,indoor_assist
2026-03-12 13:31:00,Thursday,13,166.8,96.4,none,standby
2026-03-12 13:31:30,Thursday,13,223.2,96.3,none,indoor_assist
2026-03-12 13:32:00,Thursday,13,221.6,96.3,none,indoor_assist
2026-03-12 13:32:30,Thursday,13,143.4,96.3,none,indoor_assist
2026-03-12 13:33:00,Thursday,13,198.9,96.3,none,standby
2026-03-12 13:33:30,Thursday,13,155.0,96.3,obstacle_medium,indoor_assist
2026-03-12 13:34:00,Thursday,13,232.1,96.2,none,indoor_assist
2026-03-12 13:34:30,Thursday,13,241.5,96.2,none,navigation
2026-03-12 13:35:00,Thursday,13,177.0,96.2,none,standby
2026-03-12 13:35:30,Thursday,13,190.0,96.2,none,indoor_assist
2026-03-12 13:36:00,Thursday,13,246.2,96.2,none,navigation
2026-03-12 13:36:30,Thursday,13,141.9,96.1,none,indoor_assist
2026-03-12 13:37:00,Thursday,13,208.8,96.1,none,navigation
2026-03-12 13:37:30,Thursday,13,251.5,96.1,none,standby
2026-03-12 13:38:00,Thursday,13,239.4,96.1,obstacle_near,indoor_assist
2026-03-12 13:38:30,Thursday,13,214.1,96.1,obstacle_medium,indoor_assist
2026-03-12 13:39:00,Thursday,13,169.9,96.0,none,indoor_assist
2026-03-12 13:39:30,Thursday,13,208.3,96.0,obstacle_medium,navigation
2026-03-12 13:40:00,Thursday,13,110.1,96.0,obstacle_medium,indoor_assist
2026-03-12 13:40:30,Thursday,13,163.3,96.0,none,indoor_assist
2026-03-12 13:41:00,Thursday,13,236.4,96.0,none,indoor_assist
2026-03-12 13:41:30,Thursday,13,176.2,95.9,none,indoor_assist
2026-03-12 13:42:00,Thursday,13,255.1,95.9,low_battery,navigation
2026-03-12 13:42:30,Thursday,13,206.1,95.9,none,navigation
2026-03-12 13:43:00,Thursday,13,156.2,95.9,none,indoor_assist
2026-03-12 13:43:30,Thursday,13,127.4,95.9,none,navigation
2026-03-12 13:44:00,Thursday,13,217.7,95.8,none,indoor_assist
2026-03-12 13:44:30,Thursday,13,150.5,95.8,none,navigation
2026-03-12 13:45:00,Thursday,13,192.9,95.8,none,indoor_assist
2026-03-12 13:45:30,Thursday,13,188.7,95.8,none,indoor_assist
2026-03-12 13:46:00,Thursday,13,218.6,95.8,none,indoor_assist
2026-03-12 13:46:30,Thursday,13,190.3,95.7,obstacle_medium,indoor_assist
2026-03-12 13:47:00,Thursday,13,237.8,95.7,none,navigation
2026-03-12 13:47:30,Thursday,13,165.5,95.7,none,standby
2026-03-12 13:48:00,Thursday,13,242.1,95.7,none,navigation
2026-03-12 13:48:30,Thursday,13,239.6,95.7,obstacle_medium,indoor_assist
2026-03-12 13:49:00,Thursday,13,208.5,95.6,low_battery,standby
2026-03-12 13:49:30,Thursday,13,142.2,95.6,none,indoor_assist
2026-03-12 13:50:00,Thursday,13,225.7,95.6,obstacle_near,indoor_assist
2026-03-12 13:50:30,Thursday,13,243.0,95.6,none,indoor_assist
2026-03-12 13:51:00,Thursday,13,224.9,95.6,none,navigation
2026-03-12 13:51:30,Thursday,13,183.6,95.5,none,navigation
2026-03-12 13:52:00,Thursday,13,203.7,95.5,obstacle_medium,indoor_assist
2026-03-12 13:52:30,Thursday,13,211.8,95.5,none,indoor_assist
2026-03-12 13:53:00,Thursday,13,271.4,95.5,none,navigation
2026-03-12 13:53:30,Thursday,13,211.5,95.5,none,navigation
2026-03-12 13:54:00,Thursday,13,192.0,95.4,none,navigation
2026-03-12 13:54:30,Thursday,13,191.5,95.4,none,navigation
2026-03-12 13:55:00,Thursday,13,186.4,95.4,none,navigation
2026-03-12 13:55:30,Thursday,13,185.6,95.4,none,navigation
2026-03-12 13:56:00,Thursday,13,197.3,95.4,low_battery,navigation
2026-03-12 13:56:30,Thursday,13,179.0,95.3,none,navigation
2026-03-12 13:57:00,Thursday,13,196.5,95.3,none,navigation
2026-03-12 13:57:30,Thursday,13,217.5,95.3,obstacle_medium,navigation
2026-03-12 13:58:00,Thursday,13,229.2,95.3,none,navigation
2026-03-12 13:58:30,Thursday,13,166.1,95.3,none,navigation
2026-03-12 13:59:00,Thursday,13,233.5,95.2,none,standby
2026-03-12 13:59:30,Thursday,13,165.4,95.2,none,standby
2026-03-12 14:00:00,Thursday,14,136.1,95.2,obstacle_near,indoor_assist
2026-03-12 14:00:30,Thursday,14,172.2,95.2,obstacle_near,standby
2026-03-12 14:01:00,Thursday,14,189.3,95.2,none,navigation
2026-03-12 14:01:30,Thursday,14,179.2,95.1,none,navigation
2026-03-12 14:02:00,Thursday,14,246.7,95.1,none,standby
2026-03-12 14:02:30,Thursday,14,251.4,95.1,obstacle_medium,standby
2026-03-12 14:03:00,Thursday,14,172.6,95.1,none,navigation
2026-03-12 14:03:30,Thursday,14,219.6,95.1,obstacle_medium,standby
2026-03-12 14:04:00,Thursday,14,237.8,95.0,obstacle_near,navigation
2026-03-12 14:04:30,Thursday,14,175.2,95.0,none,navigation
2026-03-12 14:05:00,Thursday,14,150.6,95.0,none,navigation
2026-03-12 14:05:30,Thursday,14,226.4,95.0,none,indoor_assist
2026-03-12 14:06:00,Thursday,14,228.8,95.0,obstacle_medium,navigation
2026-03-12 14:06:30,Thursday,14,195.7,94.9,none,indoor_assist
2026-03-12 14:07:00,Thursday,14,185.9,94.9,none,navigation
2026-03-12 14:07:30,Thursday,14,237.6,94.9,none,navigation
2026-03-12 14:08:00,Thursday,14,216.5,94.9,obstacle_near,indoor_assist
2026-03-12 14:08:30,Thursday,14,181.1,94.9,none,navigation
2026-03-12 14:09:00,Thursday,14,231.1,94.8,none,indoor_assist
2026-03-12 14:09:30,Thursday,14,210.7,94.8,none,indoor_assist
2026-03-12 14:10:00,Thursday,14,258.5,94.8,none,navigation
2026-03-12 14:10:30,Thursday,14,171.4,94.8,none,standby
2026-03-12 14:11:00,Thursday,14,250.6,94.8,none,standby
2026-03-12 14:11:30,Thursday,14,225.9,94.7,none,indoor_assist
2026-03-12 14:12:00,Thursday,14,206.5,94.7,obstacle_medium,indoor_assist
2026-03-12 14:12:30,Thursday,14,187.7,94.7,none,navigation
2026-03-12 14:13:00,Thursday,14,153.2,94.7,none,indoor_assist
2026-03-12 14:13:30,Thursday,14,186.0,94.7,none,navigation
2026-03-12 14:14:00,Thursday,14,149.8,94.6,none,indoor_assist
2026-03-12 14:14:30,Thursday,14,225.2,94.6,none,indoor_assist
2026-03-12 14:15:00,Thursday,14,220.0,94.6,none,navigation
2026-03-12 14:15:30,Thursday,14,240.7,94.6,obstacle_medium,indoor_assist
2026-03-12 14:16:00,Thursday,14,206.3,94.6,none,indoor_assist
2026-03-12 14:16:30,Thursday,14,198.4,94.5,none,navigation
2026-03-12 14:17:00,Thursday,14,159.2,94.5,none,indoor_assist
2026-03-12 14:17:30,Thursday,14,112.3,94.5,none,standby
2026-03-12 14:18:00,Thursday,14,202.7,94.5,none,navigation
2026-03-12 14:18:30,Thursday,14,230.5,94.5,none,navigation
2026-03-12 14:19:00,Thursday,14,237.4,94.4,obstacle_medium,indoor_assist
2026-03-12 14:19:30,Thursday,14,200.5,94.4,obstacle_medium,indoor_assist
2026-03-12 14:20:00,Thursday,14,191.7,94.4,none,indoor_assist
2026-03-12 14:20:30,Thursday,14,215.6,94.4,none,navigation
2026-03-12 14:21:00,Thursday,14,154.2,94.4,none,indoor_assist
2026-03-12 14:21:30,Thursday,14,277.4,94.3,none,navigation
2026-03-12 14:22:00,Thursday,14,239.1,94.3,none,navigation
2026-03-12 14:22:30,Thursday,14,219.2,94.3,none,navigation
2026-03-12 14:23:00,Thursday,14,173.4,94.3,none,navigation
2026-03-12 14:23:30,Thursday,14,219.8,94.3,none,indoor_assist
2026-03-12 14:24:00,Thursday,14,196.3,94.2,none,navigation
2026-03-12 14:24:30,Thursday,14,231.6,94.2,none,navigation
2026-03-12 14:25:00,Thursday,14,234.5,94.2,obstacle_near,navigation
2026-03-12 14:25:30,Thursday,14,253.1,94.2,obstacle_near,indoor_assist
2026-03-12 14:26:00,Thursday,14,194.4,94.2,none,standby
2026-03-12 14:26:30,Thursday,14,156.2,94.1,none,indoor_assist
2026-03-12 14:27:00,Thursday,14,175.1,94.1,obstacle_medium,standby
2026-03-12 14:27:30,Thursday,14,198.8,94.1,none,indoor_assist
2026-03-12 14:28:00,Thursday,14,157.8,94.1,none,navigation
2026-03-12 14:28:30,Thursday,14,196.8,94.1,none,indoor_assist
2026-03-12 14:29:00,Thursday,14,147.2,94.0,none,indoor_assist
2026-03-12 14:29:30,Thursday,14,214.3,94.0,none,navigation
2026-03-12 14:30:00,Thursday,14,227.5,94.0,none,navigation
2026-03-12 14:30:30,Thursday,14,257.5,94.0,obstacle_medium,indoor_assist
2026-03-12 14:31:00,Thursday,14,196.2,94.0,none,navigation
2026-03-12 14:31:30,Thursday,14,194.2,93.9,none,standby
2026-03-12 14:32:00,Thursday,14,238.9,93.9,none,navigation
2026-03-12 14:32:30,Thursday,14,216.4,93.9,none,navigation
2026-03-12 14:33:00,Thursday,14,224.7,93.9,none,indoor_assist
2026-03-12 14:33:30,Thursday,14,233.9,93.9,none,navigation
2026-03-12 14:34:00,Thursday,14,213.3,93.8,none,navigation
2026-03-12 14:34:30,Thursday,14,177.2,93.8,none,indoor_assist
2026-03-12 14:35:00,Thursday,14,155.5,93.8,obstacle_near,indoor_assist
2026-03-12 14:35:30,Thursday,14,190.9,93.8,none,indoor_assist
2026-03-12 14:36:00,Thursday,14,168.6,93.8,none,indoor_assist
2026-03-12 14:36:30,Thursday,14,234.0,93.7,none,indoor_assist
2026-03-12 14:37:00,Thursday,14,162.7,93.7,none,navigation
2026-03-12 14:37:30,Thursday,14,230.8,93.7,obstacle_near,indoor_assist
2026-03-12 14:38:00,Thursday,14,231.7,93.7,obstacle_medium,indoor_assist
2026-03-12 14:38:30,Thursday,14,256.0,93.7,none,navigation
2026-03-12 14:39:00,Thursday,14,215.0,93.6,none,navigation
2026-03-12 14:39:30,Thursday,14,233.3,93.6,obstacle_medium,indoor_assist
2026-03-12 14:40:00,Thursday,14,185.3,93.6,fall_detected,standby
2026-03-12 14:40:30,Thursday,14,187.6,93.6,none,indoor_assist
2026-03-12 14:41:00,Thursday,14,230.2,93.6,none,navigation
2026-03-12 14:41:30,Thursday,14,156.5,93.5,none,indoor_assist
2026-03-12 14:42:00,Thursday,14,231.9,93.5,obstacle_medium,navigation
2026-03-12 14:42:30,Thursday,14,177.3,93.5,low_battery,indoor_assist
2026-03-12 14:43:00,Thursday,14,216.7,93.5,none,indoor_assist
2026-03-12 14:43:30,Thursday,14,190.3,93.5,none,navigation
2026-03-12 14:44:00,Thursday,14,228.0,93.4,none,navigation
2026-03-12 14:44:30,Thursday,14,189.9,93.4,none,navigation
2026-03-12 14:45:00,Thursday,14,190.6,93.4,none,indoor_assist
2026-03-12 14:45:30,Thursday,14,174.1,93.4,obstacle_medium,standby
2026-03-12 14:46:00,Thursday,14,213.2,93.4,none,navigation
2026-03-12 14:46:30,Thursday,14,194.7,93.3,obstacle_near,indoor_assist
2026-03-12 14:47:00,Thursday,14,125.5,93.3,none,indoor_assist
2026-03-12 14:47:30,Thursday,14,191.1,93.3,obstacle_near,navigation
2026-03-12 14:48:00,Thursday,14,154.8,93.3,none,navigation
2026-03-12 14:48:30,Thursday,14,203.5,93.3,obstacle_medium,indoor_assist
2026-03-12 14:49:00,Thursday,14,232.8,93.2,none,indoor_assist
2026-03-12 14:49:30,Thursday,14,230.8,93.2,none,navigation
2026-03-12 14:50:00,Thursday,14,165.7,93.2,obstacle_near,indoor_assist
2026-03-12 14:50:30,Thursday,14,204.1,93.2,none,indoor_assist
2026-03-12 14:51:00,Thursday,14,199.0,93.2,none,navigation
2026-03-12 14:51:30,Thursday,14,208.3,93.1,none,navigation
2026-03-12 14:52:00,Thursday,14,174.4,93.1,none,navigation
2026-03-12 14:52:30,Thursday,14,207.7,93.1,none,navigation
2026-03-12 14:53:00,Thursday,14,241.8,93.1,none,indoor_assist
2026-03-12 14:53:30,Thursday,14,163.7,93.1,none,navigation
2026-03-12 14:54:00,Thursday,14,147.6,93.0,obstacle_near,standby
2026-03-12 14:54:30,Thursday,14,226.2,93.0,low_battery,indoor_assist
2026-03-12 14:55:00,Thursday,14,186.0,93.0,obstacle_medium,standby
2026-03-12 14:55:30,Thursday,14,159.3,93.0,none,navigation
2026-03-12 14:56:00,Thursday,14,179.9,93.0,none,standby
2026-03-12 14:56:30,Thursday,14,226.3,92.9,obstacle_medium,indoor_assist
2026-03-12 14:57:00,Thursday,14,189.6,92.9,none,navigation
2026-03-12 14:57:30,Thursday,14,201.8,92.9,none,navigation
2026-03-12 14:58:00,Thursday,14,239.7,92.9,none,standby
2026-03-12 14:58:30,Thursday,14,242.2,92.9,none,navigation
2026-03-12 14:59:00,Thursday,14,217.5,92.8,none,indoor_assist
2026-03-12 14:59:30,Thursday,14,220.4,92.8,none,navigation
2026-03-12 15:00:00,Thursday,15,176.7,92.8,none,indoor_assist
2026-03-12 15:00:30,Thursday,15,246.1,92.8,none,navigation
2026-03-12 15:01:00,Thursday,15,194.5,92.8,none,navigation
2026-03-12 15:01:30,Thursday,15,217.3,92.7,none,indoor_assist
2026-03-12 15:02:00,Thursday,15,181.8,92.7,none,indoor_assist
2026-03-12 15:02:30,Thursday,15,167.3,92.7,none,indoor_assist
2026-03-12 15:03:00,Thursday,15,180.5,92.7,none,navigation
2026-03-12 15:03:30,Thursday,15,243.2,92.7,obstacle_medium,standby
2026-03-12 15:04:00,Thursday,15,266.5,92.6,none,navigation
2026-03-12 15:04:30,Thursday,15,158.1,92.6,none,navigation
2026-03-12 15:05:00,Thursday,15,236.8,92.6,obstacle_near,indoor_assist
2026-03-12 15:05:30,Thursday,15,150.0,92.6,none,navigation
2026-03-12 15:06:00,Thursday,15,186.9,92.6,none,navigation
2026-03-12 15:06:30,Thursday,15,182.6,92.5,none,standby
2026-03-12 15:07:00,Thursday,15,225.0,92.5,none,navigation
2026-03-12 15:07:30,Thursday,15,152.4,92.5,obstacle_near,navigation
2026-03-12 15:08:00,Thursday,15,219.8,92.5,none,indoor_assist
2026-03-12 15:08:30,Thursday,15,204.3,92.5,obstacle_medium,navigation
2026-03-12 15:09:00,Thursday,15,180.8,92.4,none,navigation
2026-03-12 15:09:30,Thursday,15,255.3,92.4,none,standby
2026-03-12 15:10:00,Thursday,15,164.8,92.4,none,standby
2026-03-12 15:10:30,Thursday,15,202.1,92.4,obstacle_medium,navigation
2026-03-12 15:11:00,Thursday,15,179.0,92.4,none,indoor_assist
2026-03-12 15:11:30,Thursday,15,175.4,92.3,obstacle_medium,navigation
2026-03-12 15:12:00,Thursday,15,175.9,92.3,none,navigation
2026-03-12 15:12:30,Thursday,15,226.9,92.3,none,navigation
2026-03-12 15:13:00,Thursday,15,235.4,92.3,none,navigation
2026-03-12 15:13:30,Thursday,15,190.6,92.3,none,indoor_assist
2026-03-12 15:14:00,Thursday,15,198.4,92.2,obstacle_near,navigation
2026-03-12 15:14:30,Thursday,15,180.6,92.2,obstacle_medium,indoor_assist
2026-03-12 15:15:00,Thursday,15,225.6,92.2,obstacle_medium,navigation
2026-03-12 15:15:30,Thursday,15,201.1,92.2,obstacle_near,navigation
2026-03-12 15:16:00,Thursday,15,200.8,92.2,obstacle_medium,indoor_assist
2026-03-12 15:16:30,Thursday,15,223.4,92.1,none,navigation
2026-03-12 15:17:00,Thursday,15,217.2,92.1,none,navigation
2026-03-12 15:17:30,Thursday,15,229.2,92.1,none,indoor_assist
2026-03-12 15:18:00,Thursday,15,227.7,92.1,none,indoor_assist
2026-03-12 15:18:30,Thursday,15,179.8,92.1,none,indoor_assist
2026-03-12 15:19:00,Thursday,15,170.9,92.0,none,standby
2026-03-12 15:19:30,Thursday,15,203.0,92.0,none,indoor_assist
2026-03-12 15:20:00,Thursday,15,148.3,92.0,none,navigation
2026-03-12 15:20:30,Thursday,15,196.4,92.0,none,indoor_assist
2026-03-12 15:21:00,Thursday,15,196.2,92.0,none,navigation
2026-03-12 15:21:30,Thursday,15,170.3,91.9,none,navigation
2026-03-12 15:22:00,Thursday,15,189.4,91.9,none,navigation
2026-03-12 15:22:30,Thursday,15,202.1,91.9,none,indoor_assist
2026-03-12 15:23:00,Thursday,15,239.1,91.9,none,standby
2026-03-12 15:23:30,Thursday,15,180.3,91.9,none,navigation
2026-03-12 15:24:00,Thursday,15,218.4,91.8,none,indoor_assist
2026-03-12 15:24:30,Thursday,15,234.8,91.8,none,standby
2026-03-12 15:25:00,Thursday,15,246.8,91.8,none,indoor_assist
2026-03-12 15:25:30,Thursday,15,186.5,91.8,none,indoor_assist
2026-03-12 15:26:00,Thursday,15,203.3,91.8,fall_detected,navigation
2026-03-12 15:26:30,Thursday,15,237.8,91.7,none,indoor_assist
2026-03-12 15:27:00,Thursday,15,201.4,91.7,none,navigation
2026-03-12 15:27:30,Thursday,15,239.4,91.7,none,navigation
2026-03-12 15:28:00,Thursday,15,169.8,91.7,none,indoor_assist
2026-03-12 15:28:30,Thursday,15,217.2,91.7,none,navigation
2026-03-12 15:29:00,Thursday,15,208.9,91.6,none,indoor_assist
2026-03-12 15:29:30,Thursday,15,176.8,91.6,low_battery,navigation
2026-03-12 15:30:00,Thursday,15,219.3,91.6,none,indoor_assist
2026-03-12 15:30:30,Thursday,15,151.9,91.6,obstacle_medium,navigation
2026-03-12 15:31:00,Thursday,15,227.0,91.6,none,navigation
2026-03-12 15:31:30,Thursday,15,146.9,91.5,obstacle_medium,navigation
2026-03-12 15:32:00,Thursday,15,221.2,91.5,none,navigation
2026-03-12 15:32:30,Thursday,15,207.7,91.5,none,navigation
2026-03-12 15:33:00,Thursday,15,226.5,91.5,none,navigation
2026-03-12 15:33:30,Thursday,15,222.6,91.5,none,indoor_assist
2026-03-12 15:34:00,Thursday,15,219.3,91.4,obstacle_medium,indoor_assist
2026-03-12 15:34:30,Thursday,15,188.6,91.4,none,navigation
2026-03-12 15:35:00,Thursday,15,208.1,91.4,none,standby
2026-03-12 15:35:30,Thursday,15,170.9,91.4,none,navigation
2026-03-12 15:36:00,Thursday,15,217.5,91.4,none,indoor_assist
2026-03-12 15:36:30,Thursday,15,184.2,91.3,none,standby
2026-03-12 15:37:00,Thursday,15,164.6,91.3,none,navigation
2026-03-12 15:37:30,Thursday,15,195.8,91.3,obstacle_medium,indoor_assist
2026-03-12 15:38:00,Thursday,15,191.9,91.3,none,navigation
2026-03-12 15:38:30,Thursday,15,172.2,91.3,none,navigation
2026-03-12 15:39:00,Thursday,15,253.1,91.2,none,standby
2026-03-12 15:39:30,Thursday,15,221.4,91.2,none,navigation
2026-03-12 15:40:00,Thursday,15,195.5,91.2,none,indoor_assist
2026-03-12 15:40:30,Thursday,15,225.0,91.2,none,standby
2026-03-12 15:41:00,Thursday,15,187.1,91.2,obstacle_near,indoor_assist
2026-03-12 15:41:30,Thursday,15,193.5,91.1,obstacle_medium,navigation
2026-03-12 15:42:00,Thursday,15,191.1,91.1,none,navigation
2026-03-12 15:42:30,Thursday,15,136.4,91.1,obstacle_medium,indoor_assist
2026-03-12 15:43:00,Thursday,15,208.9,91.1,none,navigation
2026-03-12 15:43:30,Thursday,15,152.3,91.1,obstacle_near,navigation
2026-03-12 15:44:00,Thursday,15,156.7,91.0,none,navigation
2026-03-12 15:44:30,Thursday,15,206.0,91.0,none,navigation
2026-03-12 15:45:00,Thursday,15,231.1,91.0,none,navigation
2026-03-12 15:45:30,Thursday,15,201.0,91.0,none,navigation
2026-03-12 15:46:00,Thursday,15,216.5,91.0,obstacle_near,navigation
2026-03-12 15:46:30,Thursday,15,196.6,90.9,obstacle_medium,navigation
2026-03-12 15:47:00,Thursday,15,233.7,90.9,none,navigation
2026-03-12 15:47:30,Thursday,15,230.9,90.9,none,indoor_assist
2026-03-12 15:48:00,Thursday,15,238.6,90.9,none,navigation
2026-03-12 15:48:30,Thursday,15,213.5,90.9,obstacle_medium,navigation
2026-03-12 15:49:00,Thursday,15,213.0,90.8,obstacle_medium,indoor_assist
2026-03-12 15:49:30,Thursday,15,213.8,90.8,none,indoor_assist
2026-03-12 15:50:00,Thursday,15,164.0,90.8,none,standby
2026-03-12 15:50:30,Thursday,15,141.9,90.8,obstacle_medium,indoor_assist
2026-03-12 15:51:00,Thursday,15,199.0,90.8,none,navigation
2026-03-12 15:51:30,Thursday,15,191.8,90.7,none,indoor_assist
2026-03-12 15:52:00,Thursday,15,182.3,90.7,none,indoor_assist
2026-03-12 15:52:30,Thursday,15,172.0,90.7,none,navigation
2026-03-12 15:53:00,Thursday,15,202.2,90.7,obstacle_medium,navigation
2026-03-12 15:53:30,Thursday,15,175.7,90.7,none,indoor_assist
2026-03-12 15:54:00,Thursday,15,188.3,90.6,none,navigation
2026-03-12 15:54:30,Thursday,15,188.3,90.6,none,standby
2026-03-12 15:55:00,Thursday,15,214.5,90.6,obstacle_medium,indoor_assist
2026-03-12 15:55:30,Thursday,15,220.0,90.6,none,indoor_assist
2026-03-12 15:56:00,Thursday,15,147.4,90.6,none,indoor_assist
2026-03-12 15:56:30,Thursday,15,258.4,90.5,obstacle_near,indoor_assist
2026-03-12 15:57:00,Thursday,15,169.5,90.5,obstacle_medium,indoor_assist
2026-03-12 15:57:30,Thursday,15,155.1,90.5,none,navigation
2026-03-12 15:58:00,Thursday,15,188.0,90.5,obstacle_near,navigation
2026-03-12 15:58:30,Thursday,15,167.0,90.5,none,navigation
2026-03-12 15:59:00,Thursday,15,195.0,90.4,none,navigation
2026-03-12 15:59:30,Thursday,15,231.1,90.4,none,navigation
2026-03-12 16:00:00,Thursday,16,138.4,90.4,obstacle_near,standby
2026-03-12 16:00:30,Thursday,16,110.5,90.4,none,indoor_assist
2026-03-12 16:01:00,Thursday,16,210.0,90.4,none,navigation
2026-03-12 16:01:30,Thursday,16,134.6,90.3,none,navigation
2026-03-12 16:02:00,Thursday,16,124.2,90.3,obstacle_near,indoor_assist
2026-03-12 16:02:30,Thursday,16,154.8,90.3,obstacle_near,indoor_assist
2026-03-12 16:03:00,Thursday,16,151.1,90.3,none,navigation
2026-03-12 16:03:30,Thursday,16,112.9,90.3,obstacle_medium,navigation
2026-03-12 16:04:00,Thursday,16,111.5,90.2,none,navigation
2026-03-12 16:04:30,Thursday,16,162.6,90.2,low_battery,standby
2026-03-12 16:05:00,Thursday,16,141.4,90.2,none,navigation
2026-03-12 16:05:30,Thursday,16,79.8,90.2,obstacle_medium,navigation
2026-03-12 16:06:00,Thursday,16,120.0,90.2,none,standby
2026-03-12 16:06:30,Thursday,16,135.5,90.1,none,navigation
2026-03-12 16:07:00,Thursday,16,156.8,90.1,none,standby
2026-03-12 16:07:30,Thursday,16,98.0,90.1,none,navigation
2026-03-12 16:08:00,Thursday,16,77.8,90.1,obstacle_medium,navigation
2026-03-12 16:08:30,Thursday,16,135.9,90.1,none,navigation
2026-03-12 16:09:00,Thursday,16,120.8,90.0,obstacle_medium,indoor_assist
2026-03-12 16:09:30,Thursday,16,154.3,90.0,low_battery,navigation
2026-03-12 16:10:00,Thursday,16,149.3,90.0,none,indoor_assist
2026-03-12 16:10:30,Thursday,16,144.4,90.0,none,navigation
2026-03-12 16:11:00,Thursday,16,185.1,90.0,none,indoor_assist
2026-03-12 16:11:30,Thursday,16,131.0,89.9,obstacle_medium,navigation
2026-03-12 16:12:00,Thursday,16,121.1,89.9,obstacle_medium,indoor_assist
2026-03-12 16:12:30,Thursday,16,107.0,89.9,none,indoor_assist
2026-03-12 16:13:00,Thursday,16,137.1,89.9,none,navigation
2026-03-12 16:13:30,Thursday,16,78.7,89.9,obstacle_medium,indoor_assist
2026-03-12 16:14:00,Thursday,16,166.2,89.8,none,navigation
2026-03-12 16:14:30,Thursday,16,112.4,89.8,obstacle_near,navigation
2026-03-12 16:15:00,Thursday,16,120.7,89.8,obstacle_medium,navigation
2026-03-12 16:15:30,Thursday,16,153.4,89.8,obstacle_near,standby
2026-03-12 16:16:00,Thursday,16,96.3,89.8,low_battery,navigation
2026-03-12 16:16:30,Thursday,16,148.3,89.7,none,navigation
2026-03-12 16:17:00,Thursday,16,118.1,89.7,none,navigation
2026-03-12 16:17:30,Thursday,16,113.6,89.7,none,indoor_assist
2026-03-12 16:18:00,Thursday,16,100.6,89.7,none,navigation
2026-03-12 16:18:30,Thursday,16,144.9,89.7,obstacle_near,navigation
2026-03-12 16:19:00,Thursday,16,140.0,89.6,none,standby
2026-03-12 16:19:30,Thursday,16,120.7,89.6,obstacle_medium,navigation
2026-03-12 16:20:00,Thursday,16,149.7,89.6,none,navigation
2026-03-12 16:20:30,Thursday,16,59.5,89.6,obstacle_medium,navigation
2026-03-12 16:21:00,Thursday,16,125.4,89.6,none,indoor_assist
2026-03-12 16:21:30,Thursday,16,109.1,89.5,none,indoor_assist
2026-03-12 16:22:00,Thursday,16,112.4,89.5,none,navigation
2026-03-12 16:22:30,Thursday,16,121.2,89.5,none,navigation
2026-03-12 16:23:00,Thursday,16,100.6,89.5,none,indoor_assist
2026-03-12 16:23:30,Thursday,16,155.0,89.5,obstacle_near,indoor_assist
2026-03-12 16:24:00,Thursday,16,112.3,89.4,low_battery,navigation
2026-03-12 16:24:30,Thursday,16,106.6,89.4,none,indoor_assist
2026-03-12 16:25:00,Thursday,16,51.2,89.4,obstacle_medium,indoor_assist
2026-03-12 16:25:30,Thursday,16,100.5,89.4,none,standby
2026-03-12 16:26:00,Thursday,16,103.8,89.4,obstacle_near,navigation
2026-03-12 16:26:30,Thursday,16,102.6,89.3,none,navigation
2026-03-12 16:27:00,Thursday,16,121.9,89.3,none,indoor_assist
2026-03-12 16:27:30,Thursday,16,111.4,89.3,none,navigation
2026-03-12 16:28:00,Thursday,16,146.9,89.3,none,navigation
2026-03-12 16:28:30,Thursday,16,71.2,89.3,obstacle_medium,standby
2026-03-12 16:29:00,Thursday,16,92.1,89.2,obstacle_medium,indoor_assist
2026-03-12 16:29:30,Thursday,16,86.8,89.2,none,indoor_assist
2026-03-12 16:30:00,Thursday,16,91.7,89.2,low_battery,navigation
2026-03-12 16:30:30,Thursday,16,145.8,89.2,none,navigation
2026-03-12 16:31:00,Thursday,16,125.2,89.2,obstacle_near,navigation
2026-03-12 16:31:30,Thursday,16,144.1,89.1,low_battery,navigation
2026-03-12 16:32:00,Thursday,16,132.1,89.1,obstacle_medium,indoor_assist
2026-03-12 16:32:30,Thursday,16,143.5,89.1,none,indoor_assist
2026-03-12 16:33:00,Thursday,16,87.2,89.1,none,standby
2026-03-12 16:33:30,Thursday,16,97.7,89.1,none,navigation
2026-03-12 16:34:00,Thursday,16,104.2,89.0,obstacle_medium,navigation
2026-03-12 16:34:30,Thursday,16,55.9,89.0,obstacle_medium,indoor_assist
2026-03-12 16:35:00,Thursday,16,153.2,89.0,none,indoor_assist
2026-03-12 16:35:30,Thursday,16,125.5,89.0,none,navigation
2026-03-12 16:36:00,Thursday,16,128.5,89.0,obstacle_medium,indoor_assist
2026-03-12 16:36:30,Thursday,16,125.4,88.9,obstacle_near,indoor_assist
2026-03-12 16:37:00,Thursday,16,110.7,88.9,none,standby
2026-03-12 16:37:30,Thursday,16,110.4,88.9,none,indoor_assist
2026-03-12 16:38:00,Thursday,16,124.2,88.9,none,indoor_assist
2026-03-12 16:38:30,Thursday,16,165.4,88.9,none,standby
2026-03-12 16:39:00,Thursday,16,126.1,88.8,obstacle_medium,navigation
2026-03-12 16:39:30,Thursday,16,87.8,88.8,none,standby
2026-03-12 16:40:00,Thursday,16,115.6,88.8,none,standby
2026-03-12 16:40:30,Thursday,16,83.0,88.8,none,indoor_assist
2026-03-12 16:41:00,Thursday,16,143.4,88.8,none,standby
2026-03-12 16:41:30,Thursday,16,66.3,88.7,obstacle_medium,navigation
2026-03-12 16:42:00,Thursday,16,152.6,88.7,none,standby
2026-03-12 16:42:30,Thursday,16,158.6,88.7,none,indoor_assist
2026-03-12 16:43:00,Thursday,16,155.0,88.7,none,indoor_assist
2026-03-12 16:43:30,Thursday,16,102.7,88.7,none,navigation
2026-03-12 16:44:00,Thursday,16,145.6,88.6,low_battery,navigation
2026-03-12 16:44:30,Thursday,16,168.5,88.6,none,navigation
2026-03-12 16:45:00,Thursday,16,168.0,88.6,none,navigation
2026-03-12 16:45:30,Thursday,16,152.0,88.6,obstacle_medium,indoor_assist
2026-03-12 16:46:00,Thursday,16,156.4,88.6,obstacle_medium,navigation
2026-03-12 16:46:30,Thursday,16,143.6,88.5,none,indoor_assist
2026-03-12 16:47:00,Thursday,16,75.2,88.5,obstacle_medium,navigation
2026-03-12 16:47:30,Thursday,16,91.4,88.5,none,navigation
2026-03-12 16:48:00,Thursday,16,115.5,88.5,none,indoor_assist
2026-03-12 16:48:30,Thursday,16,90.4,88.5,none,indoor_assist
2026-03-12 16:49:00,Thursday,16,128.5,88.4,none,indoor_assist
2026-03-12 16:49:30,Thursday,16,122.8,88.4,low_battery,indoor_assist
2026-03-12 16:50:00,Thursday,16,127.9,88.4,none,navigation
2026-03-12 16:50:30,Thursday,16,89.5,88.4,none,indoor_assist
2026-03-12 16:51:00,Thursday,16,130.9,88.4,none,indoor_assist
2026-03-12 16:51:30,Thursday,16,142.0,88.3,none,navigation
2026-03-12 16:52:00,Thursday,16,109.8,88.3,none,indoor_assist
2026-03-12 16:52:30,Thursday,16,129.9,88.3,none,indoor_assist
2026-03-12 16:53:00,Thursday,16,108.0,88.3,none,standby
2026-03-12 16:53:30,Thursday,16,105.3,88.3,none,indoor_assist
2026-03-12 16:54:00,Thursday,16,111.5,88.2,none,navigation
2026-03-12 16:54:30,Thursday,16,160.3,88.2,low_battery,indoor_assist
2026-03-12 16:55:00,Thursday,16,152.5,88.2,none,navigation
2026-03-12 16:55:30,Thursday,16,125.3,88.2,obstacle_near,indoor_assist
2026-03-12 16:56:00,Thursday,16,133.3,88.2,none,navigation
2026-03-12 16:56:30,Thursday,16,130.0,88.1,none,indoor_assist
2026-03-12 16:57:00,Thursday,16,88.8,88.1,obstacle_medium,indoor_assist
2026-03-12 16:57:30,Thursday,16,140.8,88.1,none,indoor_assist
2026-03-12 16:58:00,Thursday,16,126.5,88.1,none,indoor_assist
2026-03-12 16:58:30,Thursday,16,156.5,88.1,none,standby
2026-03-12 16:59:00,Thursday,16,135.1,88.0,none,standby
2026-03-12 16:59:30,Thursday,16,137.6,88.0,none,navigation
2026-03-12 17:00:00,Thursday,17,92.0,100.0,none,navigation
2026-03-12 17:00:30,Thursday,17,105.5,100.0,low_battery,navigation
2026-03-12 17:01:00,Thursday,17,139.1,100.0,none,indoor_assist
2026-03-12 17:01:30,Thursday,17,85.0,99.9,none,indoor_assist
2026-03-12 17:02:00,Thursday,17,75.4,99.9,obstacle_medium,standby
2026-03-12 17:02:30,Thursday,17,87.7,99.9,none,navigation
2026-03-12 17:03:00,Thursday,17,130.9,99.9,none,navigation
2026-03-12 17:03:30,Thursday,17,166.6,99.9,none,navigation
2026-03-12 17:04:00,Thursday,17,118.9,99.8,obstacle_medium,navigation
2026-03-12 17:04:30,Thursday,17,158.2,99.8,none,navigation
2026-03-12 17:05:00,Thursday,17,153.0,99.8,low_battery,navigation
2026-03-12 17:05:30,Thursday,17,176.3,99.8,obstacle_medium,navigation
2026-03-12 17:06:00,Thursday,17,141.5,99.8,obstacle_near,navigation
2026-03-12 17:06:30,Thursday,17,135.1,99.7,low_battery,navigation
2026-03-12 17:07:00,Thursday,17,92.2,99.7,obstacle_near,indoor_assist
2026-03-12 17:07:30,Thursday,17,107.5,99.7,none,standby
2026-03-12 17:08:00,Thursday,17,119.2,99.7,obstacle_medium,navigation
2026-03-12 17:08:30,Thursday,17,68.4,99.7,obstacle_medium,indoor_assist
2026-03-12 17:09:00,Thursday,17,94.3,99.6,none,indoor_assist
2026-03-12 17:09:30,Thursday,17,92.4,99.6,none,navigation
2026-03-12 17:10:00,Thursday,17,107.1,99.6,obstacle_near,navigation
2026-03-12 17:10:30,Thursday,17,115.7,99.6,none,standby
2026-03-12 17:11:00,Thursday,17,133.3,99.6,none,standby
2026-03-12 17:11:30,Thursday,17,64.2,99.5,obstacle_medium,standby
2026-03-12 17:12:00,Thursday,17,80.2,99.5,none,indoor_assist
2026-03-12 17:12:30,Thursday,17,108.2,99.5,fall_detected,standby
2026-03-12 17:13:00,Thursday,17,87.0,99.5,none,standby
2026-03-12 17:13:30,Thursday,17,145.4,99.5,none,navigation
2026-03-12 17:14:00,Thursday,17,130.2,99.4,none,navigation
2026-03-12 17:14:30,Thursday,17,111.8,99.4,none,indoor_assist
2026-03-12 17:15:00,Thursday,17,151.8,99.4,none,indoor_assist
2026-03-12 17:15:30,Thursday,17,146.5,99.4,obstacle_near,indoor_assist
2026-03-12 17:16:00,Thursday,17,91.9,99.4,none,navigation
2026-03-12 17:16:30,Thursday,17,124.0,99.3,none,navigation
2026-03-12 17:17:00,Thursday,17,131.0,99.3,none,navigation
2026-03-12 17:17:30,Thursday,17,125.2,99.3,none,indoor_assist
2026-03-12 17:18:00,Thursday,17,127.3,99.3,obstacle_medium,navigation
2026-03-12 17:18:30,Thursday,17,66.0,99.3,obstacle_medium,indoor_assist
2026-03-12 17:19:00,Thursday,17,145.4,99.2,low_battery,navigation
2026-03-12 17:19:30,Thursday,17,145.6,99.2,obstacle_near,navigation
2026-03-12 17:20:00,Thursday,17,158.4,99.2,none,navigation
2026-03-12 17:20:30,Thursday,17,132.2,99.2,obstacle_medium,indoor_assist
2026-03-12 17:21:00,Thursday,17,103.5,99.2,low_battery,navigation
2026-03-12 17:21:30,Thursday,17,110.9,99.1,none,standby
2026-03-12 17:22:00,Thursday,17,130.9,99.1,none,navigation
2026-03-12 17:22:30,Thursday,17,71.9,99.1,obstacle_medium,navigation
2026-03-12 17:23:00,Thursday,17,125.7,99.1,obstacle_near,indoor_assist
2026-03-12 17:23:30,Thursday,17,97.3,99.1,none,navigation
2026-03-12 17:24:00,Thursday,17,86.9,99.0,none,standby
2026-03-12 17:24:30,Thursday,17,158.0,99.0,none,indoor_assist
2026-03-12 17:25:00,Thursday,17,110.5,99.0,obstacle_medium,indoor_assist
2026-03-12 17:25:30,Thursday,17,144.5,99.0,none,navigation
2026-03-12 17:26:00,Thursday,17,160.3,99.0,none,indoor_assist
2026-03-12 17:26:30,Thursday,17,163.4,98.9,none,indoor_assist
2026-03-12 17:27:00,Thursday,17,131.7,98.9,none,indoor_assist
2026-03-12 17:27:30,Thursday,17,104.8,98.9,obstacle_near,navigation
2026-03-12 17:28:00,Thursday,17,99.3,98.9,obstacle_medium,navigation
2026-03-12 17:28:30,Thursday,17,155.5,98.9,none,indoor_assist
2026-03-12 17:29:00,Thursday,17,130.3,98.8,obstacle_medium,navigation
2026-03-12 17:29:30,Thursday,17,136.3,98.8,none,indoor_assist
2026-03-12 17:30:00,Thursday,17,64.3,98.8,obstacle_medium,navigation
2026-03-12 17:30:30,Thursday,17,147.0,98.8,none,indoor_assist
2026-03-12 17:31:00,Thursday,17,97.4,98.8,obstacle_medium,navigation
2026-03-12 17:31:30,Thursday,17,100.5,98.7,none,navigation
2026-03-12 17:32:00,Thursday,17,64.1,98.7,obstacle_medium,standby
2026-03-12 17:32:30,Thursday,17,177.7,98.7,none,indoor_assist
2026-03-12 17:33:00,Thursday,17,111.9,98.7,none,standby
2026-03-12 17:33:30,Thursday,17,126.8,98.7,obstacle_near,navigation
2026-03-12 17:34:00,Thursday,17,90.0,98.6,none,standby
2026-03-12 17:34:30,Thursday,17,116.9,98.6,obstacle_medium,standby
2026-03-12 17:35:00,Thursday,17,138.8,98.6,none,navigation
2026-03-12 17:35:30,Thursday,17,155.7,98.6,none,navigation
2026-03-12 17:36:00,Thursday,17,130.4,98.6,none,navigation
2026-03-12 17:36:30,Thursday,17,89.1,98.5,low_battery,navigation
2026-03-12 17:37:00,Thursday,17,124.5,98.5,none,standby
2026-03-12 17:37:30,Thursday,17,109.0,98.5,obstacle_near,indoor_assist
2026-03-12 17:38:00,Thursday,17,126.7,98.5,none,navigation
2026-03-12 17:38:30,Thursday,17,170.2,98.5,none,indoor_assist
2026-03-12 17:39:00,Thursday,17,82.2,98.4,obstacle_near,indoor_assist
2026-03-12 17:39:30,Thursday,17,153.0,98.4,none,indoor_assist
2026-03-12 17:40:00,Thursday,17,104.1,98.4,none,navigation
2026-03-12 17:40:30,Thursday,17,137.3,98.4,obstacle_medium,indoor_assist
2026-03-12 17:41:00,Thursday,17,120.3,98.4,none,navigation
2026-03-12 17:41:30,Thursday,17,84.5,98.3,none,standby
2026-03-12 17:42:00,Thursday,17,163.1,98.3,none,navigation
2026-03-12 17:42:30,Thursday,17,133.1,98.3,none,indoor_assist
2026-03-12 17:43:00,Thursday,17,111.1,98.3,obstacle_medium,standby
2026-03-12 17:43:30,Thursday,17,134.3,98.3,obstacle_medium,standby
2026-03-12 17:44:00,Thursday,17,146.8,98.2,none,indoor_assist
2026-03-12 17:44:30,Thursday,17,159.1,98.2,none,indoor_assist
2026-03-12 17:45:00,Thursday,17,165.0,98.2,none,indoor_assist
2026-03-12 17:45:30,Thursday,17,113.5,98.2,obstacle_medium,navigation
2026-03-12 17:46:00,Thursday,17,127.5,98.2,fall_detected,navigation
2026-03-12 17:46:30,Thursday,17,69.6,98.1,obstacle_medium,indoor_assist
2026-03-12 17:47:00,Thursday,17,112.5,98.1,none,indoor_assist
2026-03-12 17:47:30,Thursday,17,120.5,98.1,none,navigation
2026-03-12 17:48:00,Thursday,17,150.5,98.1,none,indoor_assist
2026-03-12 17:48:30,Thursday,17,135.0,98.1,obstacle_near,indoor_assist
2026-03-12 17:49:00,Thursday,17,96.7,98.0,fall_detected,navigation
2026-03-12 17:49:30,Thursday,17,101.6,98.0,none,indoor_assist
2026-03-12 17:50:00,Thursday,17,160.2,98.0,none,navigation
2026-03-12 17:50:30,Thursday,17,128.5,98.0,none,indoor_assist
2026-03-12 17:51:00,Thursday,17,145.8,98.0,obstacle_medium,indoor_assist
2026-03-12 17:51:30,Thursday,17,153.1,97.9,none,navigation
2026-03-12 17:52:00,Thursday,17,157.5,97.9,none,indoor_assist
2026-03-12 17:52:30,Thursday,17,73.4,97.9,obstacle_medium,indoor_assist
2026-03-12 17:53:00,Thursday,17,92.9,97.9,low_battery,standby
2026-03-12 17:53:30,Thursday,17,140.6,97.9,none,navigation
2026-03-12 17:54:00,Thursday,17,130.8,97.8,none,standby
2026-03-12 17:54:30,Thursday,17,140.3,97.8,low_battery,navigation
2026-03-12 17:55:00,Thursday,17,129.5,97.8,none,navigation
2026-03-12 17:55:30,Thursday,17,101.7,97.8,obstacle_near,indoor_assist
2026-03-12 17:56:00,Thursday,17,129.5,97.8,none,navigation
2026-03-12 17:56:30,Thursday,17,165.9,97.7,none,indoor_assist
2026-03-12 17:57:00,Thursday,17,133.9,97.7,fall_detected,indoor_assist
2026-03-12 17:57:30,Thursday,17,77.6,97.7,obstacle_medium,navigation
2026-03-12 17:58:00,Thursday,17,75.9,97.7,obstacle_medium,indoor_assist
2026-03-12 17:58:30,Thursday,17,119.4,97.7,none,indoor_assist
2026-03-12 17:59:00,Thursday,17,84.4,97.6,none,navigation
2026-03-12 17:59:30,Thursday,17,138.0,97.6,none,indoor_assist
2026-03-12 18:00:00,Thursday,18,207.9,97.6,none,indoor_assist
2026-03-12 18:00:30,Thursday,18,155.4,97.6,obstacle_medium,navigation
2026-03-12 18:01:00,Thursday,18,115.0,97.6,obstacle_medium,navigation
2026-03-12 18:01:30,Thursday,18,152.4,97.5,obstacle_near,navigation
2026-03-12 18:02:00,Thursday,18,114.6,97.5,none,navigation
2026-03-12 18:02:30,Thursday,18,79.8,97.5,obstacle_medium,navigation
2026-03-12 18:03:00,Thursday,18,166.7,97.5,none,indoor_assist
2026-03-12 18:03:30,Thursday,18,88.0,97.5,obstacle_medium,navigation
2026-03-12 18:04:00,Thursday,18,107.3,97.4,none,standby
2026-03-12 18:04:30,Thursday,18,114.2,97.4,none,navigation
2026-03-12 18:05:00,Thursday,18,77.0,97.4,obstacle_medium,indoor_assist
2026-03-12 18:05:30,Thursday,18,154.7,97.4,none,indoor_assist
2026-03-12 18:06:00,Thursday,18,110.5,97.4,none,standby
2026-03-12 18:06:30,Thursday,18,119.1,97.3,obstacle_medium,navigation
2026-03-12 18:07:00,Thursday,18,122.1,97.3,fall_detected,standby
2026-03-12 18:07:30,Thursday,18,115.2,97.3,obstacle_near,indoor_assist
2026-03-12 18:08:00,Thursday,18,95.9,97.3,obstacle_medium,standby
2026-03-12 18:08:30,Thursday,18,141.0,97.3,none,indoor_assist
2026-03-12 18:09:00,Thursday,18,101.8,97.2,none,navigation
2026-03-12 18:09:30,Thursday,18,86.2,97.2,none,navigation
2026-03-12 18:10:00,Thursday,18,141.7,97.2,none,indoor_assist
2026-03-12 18:10:30,Thursday,18,132.6,97.2,low_battery,standby
2026-03-12 18:11:00,Thursday,18,123.5,97.2,none,indoor_assist
2026-03-12 18:11:30,Thursday,18,157.9,97.1,none,navigation
2026-03-12 18:12:00,Thursday,18,110.7,97.1,none,navigation
2026-03-12 18:12:30,Thursday,18,119.4,97.1,none,standby
2026-03-12 18:13:00,Thursday,18,107.6,97.1,none,standby
2026-03-12 18:13:30,Thursday,18,104.7,97.1,none,indoor_assist
2026-03-12 18:14:00,Thursday,18,122.0,97.0,obstacle_medium,indoor_assist
2026-03-12 18:14:30,Thursday,18,112.3,97.0,obstacle_near,indoor_assist
2026-03-12 18:15:00,Thursday,18,104.3,97.0,none,indoor_assist
2026-03-12 18:15:30,Thursday,18,130.8,97.0,none,standby
2026-03-12 18:16:00,Thursday,18,92.6,97.0,obstacle_near,navigation
2026-03-12 18:16:30,Thursday,18,103.0,96.9,none,navigation
2026-03-12 18:17:00,Thursday,18,163.9,96.9,none,navigation
2026-03-12 18:17:30,Thursday,18,112.3,96.9,obstacle_near,indoor_assist
2026-03-12 18:18:00,Thursday,18,141.9,96.9,obstacle_medium,navigation
2026-03-12 18:18:30,Thursday,18,107.3,96.9,none,standby
2026-03-12 18:19:00,Thursday,18,123.9,96.8,none,indoor_assist
2026-03-12 18:19:30,Thursday,18,144.1,96.8,obstacle_medium,indoor_assist
2026-03-12 18:20:00,Thursday,18,155.5,96.8,none,navigation
2026-03-12 18:20:30,Thursday,18,101.2,96.8,none,navigation
2026-03-12 18:21:00,Thursday,18,127.3,96.8,none,indoor_assist
2026-03-12 18:21:30,Thursday,18,69.8,96.7,obstacle_medium,navigation
2026-03-12 18:22:00,Thursday,18,82.1,96.7,none,navigation
2026-03-12 18:22:30,Thursday,18,111.7,96.7,none,indoor_assist
2026-03-12 18:23:00,Thursday,18,83.2,96.7,none,indoor_assist
2026-03-12 18:23:30,Thursday,18,113.5,96.7,none,navigation
2026-03-12 18:24:00,Thursday,18,75.3,96.6,obstacle_medium,indoor_assist
2026-03-12 18:24:30,Thursday,18,111.7,96.6,obstacle_near,navigation
2026-03-12 18:25:00,Thursday,18,130.3,96.6,none,indoor_assist
2026-03-12 18:25:30,Thursday,18,90.0,96.6,none,standby
2026-03-12 18:26:00,Thursday,18,159.9,96.6,obstacle_medium,standby
2026-03-12 18:26:30,Thursday,18,125.9,96.5,obstacle_medium,standby
2026-03-12 18:27:00,Thursday,18,122.5,96.5,none,indoor_assist
2026-03-12 18:27:30,Thursday,18,91.8,96.5,none,indoor_assist
2026-03-12 18:28:00,Thursday,18,122.0,96.5,none,indoor_assist
2026-03-12 18:28:30,Thursday,18,124.8,96.5,obstacle_near,standby
2026-03-12 18:29:00,Thursday,18,143.0,96.4,obstacle_medium,navigation
2026-03-12 18:29:30,Thursday,18,102.7,96.4,none,navigation
2026-03-12 18:30:00,Thursday,18,90.4,96.4,none,navigation
2026-03-12 18:30:30,Thursday,18,189.3,96.4,none,indoor_assist
2026-03-12 18:31:00,Thursday,18,136.3,96.4,none,indoor_assist
2026-03-12 18:31:30,Thursday,18,139.2,96.3,obstacle_medium,indoor_assist
2026-03-12 18:32:00,Thursday,18,139.3,96.3,low_battery,indoor_assist
2026-03-12 18:32:30,Thursday,18,87.3,96.3,none,standby
2026-03-12 18:33:00,Thursday,18,102.8,96.3,obstacle_medium,standby
2026-03-12 18:33:30,Thursday,18,127.4,96.3,none,indoor_assist
2026-03-12 18:34:00,Thursday,18,68.0,96.2,obstacle_medium,standby
2026-03-12 18:34:30,Thursday,18,137.2,96.2,low_battery,indoor_assist
2026-03-12 18:35:00,Thursday,18,118.4,96.2,none,navigation
2026-03-12 18:35:30,Thursday,18,135.9,96.2,low_battery,navigation
2026-03-12 18:36:00,Thursday,18,133.4,96.2,none,navigation
2026-03-12 18:36:30,Thursday,18,97.4,96.1,none,navigation
2026-03-12 18:37:00,Thursday,18,136.1,96.1,none,indoor_assist
2026-03-12 18:37:30,Thursday,18,96.2,96.1,obstacle_near,indoor_assist
2026-03-12 18:38:00,Thursday,18,147.9,96.1,none,standby
2026-03-12 18:38:30,Thursday,18,131.7,96.1,none,standby
2026-03-12 18:39:00,Thursday,18,100.0,96.0,obstacle_medium,indoor_assist
2026-03-12 18:39:30,Thursday,18,125.2,96.0,none,navigation
2026-03-12 18:40:00,Thursday,18,140.0,96.0,none,indoor_assist
2026-03-12 18:40:30,Thursday,18,152.8,96.0,none,navigation
2026-03-12 18:41:00,Thursday,18,150.8,96.0,none,indoor_assist
2026-03-12 18:41:30,Thursday,18,139.3,95.9,obstacle_medium,indoor_assist
2026-03-12 18:42:00,Thursday,18,115.4,95.9,obstacle_medium,navigation
2026-03-12 18:42:30,Thursday,18,98.2,95.9,none,standby
2026-03-12 18:43:00,Thursday,18,167.5,95.9,none,navigation
2026-03-12 18:43:30,Thursday,18,95.5,95.9,obstacle_near,navigation
2026-03-12 18:44:00,Thursday,18,77.1,95.8,obstacle_medium,navigation
2026-03-12 18:44:30,Thursday,18,102.2,95.8,none,standby
2026-03-12 18:45:00,Thursday,18,75.6,95.8,obstacle_medium,navigation
2026-03-12 18:45:30,Thursday,18,83.0,95.8,none,navigation
2026-03-12 18:46:00,Thursday,18,124.8,95.8,none,indoor_assist
2026-03-12 18:46:30,Thursday,18,131.3,95.7,obstacle_medium,indoor_assist
2026-03-12 18:47:00,Thursday,18,122.7,95.7,none,navigation
2026-03-12 18:47:30,Thursday,18,110.5,95.7,obstacle_near,navigation
2026-03-12 18:48:00,Thursday,18,96.4,95.7,obstacle_near,standby
2026-03-12 18:48:30,Thursday,18,131.1,95.7,low_battery,indoor_assist
2026-03-12 18:49:00,Thursday,18,132.7,95.6,none,indoor_assist
2026-03-12 18:49:30,Thursday,18,119.0,95.6,none,navigation
2026-03-12 18:50:00,Thursday,18,105.4,95.6,obstacle_medium,indoor_assist
2026-03-12 18:50:30,Thursday,18,172.7,95.6,none,indoor_assist
2026-03-12 18:51:00,Thursday,18,66.2,95.6,obstacle_medium,navigation
2026-03-12 18:51:30,Thursday,18,93.4,95.5,low_battery,standby
2026-03-12 18:52:00,Thursday,18,123.1,95.5,none,standby
2026-03-12 18:52:30,Thursday,18,89.2,95.5,none,indoor_assist
2026-03-12 18:53:00,Thursday,18,141.5,95.5,none,indoor_assist
2026-03-12 18:53:30,Thursday,18,146.4,95.5,obstacle_medium,standby
2026-03-12 18:54:00,Thursday,18,118.2,95.4,low_battery,navigation
2026-03-12 18:54:30,Thursday,18,108.6,95.4,none,indoor_assist
2026-03-12 18:55:00,Thursday,18,103.7,95.4,obstacle_medium,navigation
2026-03-12 18:55:30,Thursday,18,106.4,95.4,low_battery,standby
2026-03-12 18:56:00,Thursday,18,130.2,95.4,none,indoor_assist
2026-03-12 18:56:30,Thursday,18,72.6,95.3,obstacle_medium,navigation
2026-03-12 18:57:00,Thursday,18,131.9,95.3,none,navigation
2026-03-12 18:57:30,Thursday,18,107.6,95.3,low_battery,indoor_assist
2026-03-12 18:58:00,Thursday,18,150.8,95.3,obstacle_medium,indoor_assist
2026-03-12 18:58:30,Thursday,18,127.7,95.3,none,standby
2026-03-12 18:59:00,Thursday,18,173.7,95.2,none,indoor_assist
2026-03-12 18:59:30,Thursday,18,76.1,95.2,obstacle_medium,navigation
2026-03-12 19:00:00,Thursday,19,209.4,95.2,none,indoor_assist
2026-03-12 19:00:30,Thursday,19,267.0,95.2,none,navigation
2026-03-12 19:01:00,Thursday,19,206.1,95.2,none,navigation
2026-03-12 19:01:30,Thursday,19,207.1,95.1,none,navigation
2026-03-12 19:02:00,Thursday,19,227.0,95.1,none,navigation
2026-03-12 19:02:30,Thursday,19,208.8,95.1,none,navigation
2026-03-12 19:03:00,Thursday,19,205.2,95.1,none,indoor_assist
2026-03-12 19:03:30,Thursday,19,218.3,95.1,none,navigation
2026-03-12 19:04:00,Thursday,19,201.4,95.0,none,indoor_assist
2026-03-12 19:04:30,Thursday,19,185.8,95.0,none,indoor_assist
2026-03-12 19:05:00,Thursday,19,149.1,95.0,obstacle_medium,navigation
2026-03-12 19:05:30,Thursday,19,163.0,95.0,obstacle_medium,indoor_assist
2026-03-12 19:06:00,Thursday,19,212.5,95.0,none,navigation
2026-03-12 19:06:30,Thursday,19,195.2,94.9,none,navigation
2026-03-12 19:07:00,Thursday,19,242.5,94.9,obstacle_near,indoor_assist
2026-03-12 19:07:30,Thursday,19,183.9,94.9,obstacle_medium,navigation
2026-03-12 19:08:00,Thursday,19,194.1,94.9,fall_detected,indoor_assist
2026-03-12 19:08:30,Thursday,19,171.7,94.9,none,indoor_assist
2026-03-12 19:09:00,Thursday,19,216.2,94.8,obstacle_near,navigation
2026-03-12 19:09:30,Thursday,19,209.3,94.8,obstacle_medium,navigation
2026-03-12 19:10:00,Thursday,19,179.2,94.8,none,standby
2026-03-12 19:10:30,Thursday,19,249.1,94.8,obstacle_near,navigation
2026-03-12 19:11:00,Thursday,19,152.3,94.8,none,navigation
2026-03-12 19:11:30,Thursday,19,227.1,94.7,obstacle_medium,navigation
2026-03-12 19:12:00,Thursday,19,196.4,94.7,none,standby
2026-03-12 19:12:30,Thursday,19,181.3,94.7,none,indoor_assist
2026-03-12 19:13:00,Thursday,19,197.4,94.7,none,navigation
2026-03-12 19:13:30,Thursday,19,242.4,94.7,low_battery,standby
2026-03-12 19:14:00,Thursday,19,149.0,94.6,none,indoor_assist
2026-03-12 19:14:30,Thursday,19,202.5,94.6,none,indoor_assist
2026-03-12 19:15:00,Thursday,19,242.7,94.6,none,navigation
2026-03-12 19:15:30,Thursday,19,180.2,94.6,obstacle_near,navigation
2026-03-12 19:16:00,Thursday,19,200.1,94.6,obstacle_near,navigation
2026-03-12 19:16:30,Thursday,19,188.9,94.5,none,indoor_assist
2026-03-12 19:17:00,Thursday,19,250.7,94.5,obstacle_near,indoor_assist
2026-03-12 19:17:30,Thursday,19,190.3,94.5,none,navigation
2026-03-12 19:18:00,Thursday,19,159.1,94.5,none,navigation
2026-03-12 19:18:30,Thursday,19,257.6,94.5,none,indoor_assist
2026-03-12 19:19:00,Thursday,19,200.7,94.4,none,indoor_assist
2026-03-12 19:19:30,Thursday,19,189.1,94.4,none,standby
2026-03-12 19:20:00,Thursday,19,227.1,94.4,none,standby
2026-03-12 19:20:30,Thursday,19,198.4,94.4,none,navigation
2026-03-12 19:21:00,Thursday,19,201.4,94.4,none,indoor_assist
2026-03-12 19:21:30,Thursday,19,177.6,94.3,obstacle_medium,navigation
2026-03-12 19:22:00,Thursday,19,209.5,94.3,none,indoor_assist
2026-03-12 19:22:30,Thursday,19,204.5,94.3,none,indoor_assist
2026-03-12 19:23:00,Thursday,19,174.6,94.3,none,indoor_assist
2026-03-12 19:23:30,Thursday,19,219.0,94.3,obstacle_near,indoor_assist
2026-03-12 19:24:00,Thursday,19,193.0,94.2,obstacle_near,indoor_assist
2026-03-12 19:24:30,Thursday,19,166.5,94.2,fall_detected,navigation
2026-03-12 19:25:00,Thursday,19,195.2,94.2,none,standby
2026-03-12 19:25:30,Thursday,19,245.0,94.2,none,indoor_assist
2026-03-12 19:26:00,Thursday,19,190.4,94.2,none,navigation
2026-03-12 19:26:30,Thursday,19,238.4,94.1,obstacle_medium,navigation
2026-03-12 19:27:00,Thursday,19,170.9,94.1,none,navigation
2026-03-12 19:27:30,Thursday,19,201.7,94.1,none,navigation
2026-03-12 19:28:00,Thursday,19,162.2,94.1,obstacle_near,navigation
2026-03-12 19:28:30,Thursday,19,158.2,94.1,none,navigation
2026-03-12 19:29:00,Thursday,19,215.4,94.0,obstacle_medium,indoor_assist
2026-03-12 19:29:30,Thursday,19,188.7,94.0,obstacle_medium,navigation
2026-03-12 19:30:00,Thursday,19,228.1,94.0,none,navigation
2026-03-12 19:30:30,Thursday,19,267.1,94.0,none,navigation
2026-03-12 19:31:00,Thursday,19,207.0,94.0,none,navigation
2026-03-12 19:31:30,Thursday,19,191.0,93.9,obstacle_near,standby
2026-03-12 19:32:00,Thursday,19,160.3,93.9,none,navigation
2026-03-12 19:32:30,Thursday,19,221.3,93.9,none,indoor_assist
2026-03-12 19:33:00,Thursday,19,230.7,93.9,fall_detected,navigation
2026-03-12 19:33:30,Thursday,19,181.5,93.9,none,navigation
2026-03-12 19:34:00,Thursday,19,183.5,93.8,obstacle_medium,standby
2026-03-12 19:34:30,Thursday,19,213.2,93.8,low_battery,indoor_assist
2026-03-12 19:35:00,Thursday,19,265.6,93.8,none,indoor_assist
2026-03-12 19:35:30,Thursday,19,182.1,93.8,none,indoor_assist
2026-03-12 19:36:00,Thursday,19,232.7,93.8,none,standby
2026-03-12 19:36:30,Thursday,19,196.3,93.7,obstacle_medium,indoor_assist
2026-03-12 19:37:00,Thursday,19,173.8,93.7,obstacle_medium,navigation
2026-03-12 19:37:30,Thursday,19,182.5,93.7,none,navigation
2026-03-12 19:38:00,Thursday,19,170.5,93.7,none,standby
2026-03-12 19:38:30,Thursday,19,145.4,93.7,obstacle_medium,navigation
2026-03-12 19:39:00,Thursday,19,188.0,93.6,none,navigation
2026-03-12 19:39:30,Thursday,19,198.4,93.6,obstacle_near,indoor_assist
2026-03-12 19:40:00,Thursday,19,232.5,93.6,obstacle_medium,navigation
2026-03-12 19:40:30,Thursday,19,200.2,93.6,obstacle_medium,indoor_assist
2026-03-12 19:41:00,Thursday,19,182.0,93.6,none,standby
2026-03-12 19:41:30,Thursday,19,194.1,93.5,obstacle_medium,indoor_assist
2026-03-12 19:42:00,Thursday,19,197.2,93.5,none,standby
2026-03-12 19:42:30,Thursday,19,181.8,93.5,none,indoor_assist
2026-03-12 19:43:00,Thursday,19,240.6,93.5,none,indoor_assist
2026-03-12 19:43:30,Thursday,19,174.2,93.5,none,indoor_assist
2026-03-12 19:44:00,Thursday,19,179.3,93.4,none,indoor_assist
2026-03-12 19:44:30,Thursday,19,199.6,93.4,obstacle_medium,indoor_assist
2026-03-12 19:45:00,Thursday,19,180.8,93.4,none,navigation
2026-03-12 19:45:30,Thursday,19,246.1,93.4,none,navigation
2026-03-12 19:46:00,Thursday,19,191.5,93.4,obstacle_near,standby
2026-03-12 19:46:30,Thursday,19,196.9,93.3,none,navigation
2026-03-12 19:47:00,Thursday,19,146.8,93.3,none,navigation
2026-03-12 19:47:30,Thursday,19,188.1,93.3,none,navigation
2026-03-12 19:48:00,Thursday,19,233.5,93.3,none,standby
2026-03-12 19:48:30,Thursday,19,187.4,93.3,none,navigation
2026-03-12 19:49:00,Thursday,19,225.1,93.2,obstacle_near,navigation
2026-03-12 19:49:30,Thursday,19,193.8,93.2,none,navigation
2026-03-12 19:50:00,Thursday,19,200.4,93.2,obstacle_near,indoor_assist
2026-03-12 19:50:30,Thursday,19,182.1,93.2,none,indoor_assist
2026-03-12 19:51:00,Thursday,19,159.5,93.2,obstacle_medium,indoor_assist
2026-03-12 19:51:30,Thursday,19,159.4,93.1,obstacle_medium,navigation
2026-03-12 19:52:00,Thursday,19,194.1,93.1,low_battery,navigation
2026-03-12 19:52:30,Thursday,19,234.2,93.1,obstacle_medium,indoor_assist
2026-03-12 19:53:00,Thursday,19,185.7,93.1,none,standby
2026-03-12 19:53:30,Thursday,19,197.7,93.1,none,indoor_assist
2026-03-12 19:54:00,Thursday,19,201.4,93.0,obstacle_medium,indoor_assist
2026-03-12 19:54:30,Thursday,19,204.1,93.0,obstacle_near,navigation
2026-03-12 19:55:00,Thursday,19,202.5,93.0,none,indoor_assist
2026-03-12 19:55:30,Thursday,19,209.3,93.0,obstacle_medium,navigation
2026-03-12 19:56:00,Thursday,19,192.7,93.0,none,navigation
2026-03-12 19:56:30,Thursday,19,165.5,92.9,none,navigation
2026-03-12 19:57:00,Thursday,19,198.2,92.9,none,navigation
2026-03-12 19:57:30,Thursday,19,191.5,92.9,obstacle_medium,navigation
2026-03-12 19:58:00,Thursday,19,221.9,92.9,obstacle_medium,indoor_assist
2026-03-12 19:58:30,Thursday,19,206.7,92.9,none,navigation
2026-03-12 19:59:00,Thursday,19,205.8,92.8,none,navigation
2026-03-12 19:59:30,Thursday,19,179.1,92.8,none,standby
2026-03-13 08:00:00,Friday,8,230.7,92.8,obstacle_medium,navigation
2026-03-13 08:00:30,Friday,8,221.1,92.8,obstacle_near,navigation
2026-03-13 08:01:00,Friday,8,174.6,92.8,none,indoor_assist
2026-03-13 08:01:30,Friday,8,182.0,92.7,none,navigation
2026-03-13 08:02:00,Friday,8,170.4,92.7,none,navigation
2026-03-13 08:02:30,Friday,8,228.5,92.7,none,indoor_assist
2026-03-13 08:03:00,Friday,8,238.5,92.7,low_battery,indoor_assist
2026-03-13 08:03:30,Friday,8,235.9,92.7,none,indoor_assist
2026-03-13 08:04:00,Friday,8,227.1,92.6,obstacle_medium,indoor_assist
2026-03-13 08:04:30,Friday,8,212.1,92.6,none,navigation
2026-03-13 08:05:00,Friday,8,225.5,92.6,none,navigation
2026-03-13 08:05:30,Friday,8,223.5,92.6,none,navigation
2026-03-13 08:06:00,Friday,8,231.2,92.6,none,navigation
2026-03-13 08:06:30,Friday,8,151.6,92.5,none,standby
2026-03-13 08:07:00,Friday,8,165.4,92.5,none,navigation
2026-03-13 08:07:30,Friday,8,231.2,92.5,none,navigation
2026-03-13 08:08:00,Friday,8,183.5,92.5,low_battery,indoor_assist
2026-03-13 08:08:30,Friday,8,219.5,92.5,low_battery,indoor_assist
2026-03-13 08:09:00,Friday,8,170.3,92.4,none,indoor_assist
2026-03-13 08:09:30,Friday,8,211.6,92.4,none,navigation
2026-03-13 08:10:00,Friday,8,204.9,92.4,obstacle_near,indoor_assist
2026-03-13 08:10:30,Friday,8,230.8,92.4,none,navigation
2026-03-13 08:11:00,Friday,8,212.5,92.4,obstacle_medium,standby
2026-03-13 08:11:30,Friday,8,213.3,92.3,obstacle_medium,navigation
2026-03-13 08:12:00,Friday,8,212.6,92.3,none,navigation
2026-03-13 08:12:30,Friday,8,216.7,92.3,none,navigation
2026-03-13 08:13:00,Friday,8,173.9,92.3,low_battery,navigation
2026-03-13 08:13:30,Friday,8,161.8,92.3,none,standby
2026-03-13 08:14:00,Friday,8,151.0,92.2,none,navigation
2026-03-13 08:14:30,Friday,8,143.6,92.2,none,standby
2026-03-13 08:15:00,Friday,8,163.6,92.2,none,navigation
2026-03-13 08:15:30,Friday,8,166.8,92.2,fall_detected,navigation
2026-03-13 08:16:00,Friday,8,205.4,92.2,none,indoor_assist
2026-03-13 08:16:30,Friday,8,188.6,92.1,low_battery,navigation
2026-03-13 08:17:00,Friday,8,188.2,92.1,obstacle_medium,standby
2026-03-13 08:17:30,Friday,8,218.8,92.1,none,standby
2026-03-13 08:18:00,Friday,8,219.0,92.1,none,navigation
2026-03-13 08:18:30,Friday,8,196.9,92.1,none,navigation
2026-03-13 08:19:00,Friday,8,198.6,92.0,none,indoor_assist
2026-03-13 08:19:30,Friday,8,220.1,92.0,fall_detected,navigation
2026-03-13 08:20:00,Friday,8,229.5,92.0,none,navigation
2026-03-13 08:20:30,Friday,8,149.7,92.0,none,indoor_assist
2026-03-13 08:21:00,Friday,8,177.0,92.0,none,standby
2026-03-13 08:21:30,Friday,8,224.6,91.9,none,navigation
2026-03-13 08:22:00,Friday,8,184.0,91.9,none,standby
2026-03-13 08:22:30,Friday,8,228.8,91.9,none,navigation
2026-03-13 08:23:00,Friday,8,208.9,91.9,none,standby
2026-03-13 08:23:30,Friday,8,136.0,91.9,none,navigation
2026-03-13 08:24:00,Friday,8,176.7,91.8,none,navigation
2026-03-13 08:24:30,Friday,8,224.6,91.8,none,indoor_assist
2026-03-13 08:25:00,Friday,8,123.2,91.8,obstacle_near,navigation
2026-03-13 08:25:30,Friday,8,198.7,91.8,low_battery,navigation
2026-03-13 08:26:00,Friday,8,184.1,91.8,none,standby
2026-03-13 08:26:30,Friday,8,224.0,91.7,none,standby
2026-03-13 08:27:00,Friday,8,261.7,91.7,none,navigation
2026-03-13 08:27:30,Friday,8,174.1,91.7,none,indoor_assist
2026-03-13 08:28:00,Friday,8,178.2,91.7,none,indoor_assist
2026-03-13 08:28:30,Friday,8,185.0,91.7,none,indoor_assist
2026-03-13 08:29:00,Friday,8,224.5,91.6,fall_detected,navigation
2026-03-13 08:29:30,Friday,8,253.5,91.6,none,navigation
2026-03-13 08:30:00,Friday,8,167.8,91.6,none,navigation
2026-03-13 08:30:30,Friday,8,235.2,91.6,none,standby
2026-03-13 08:31:00,Friday,8,176.6,91.6,none,indoor_assist
2026-03-13 08:31:30,Friday,8,301.9,91.5,none,navigation
2026-03-13 08:32:00,Friday,8,257.0,91.5,none,navigation
2026-03-13 08:32:30,Friday,8,157.1,91.5,none,navigation
2026-03-13 08:33:00,Friday,8,198.0,91.5,none,navigation
2026-03-13 08:33:30,Friday,8,190.0,91.5,none,navigation
2026-03-13 08:34:00,Friday,8,244.0,91.4,obstacle_near,indoor_assist
2026-03-13 08:34:30,Friday,8,189.0,91.4,none,navigation
2026-03-13 08:35:00,Friday,8,251.8,91.4,none,navigation
2026-03-13 08:35:30,Friday,8,179.5,91.4,obstacle_medium,navigation
2026-03-13 08:36:00,Friday,8,187.4,91.4,none,navigation
2026-03-13 08:36:30,Friday,8,196.0,91.3,obstacle_medium,navigation
2026-03-13 08:37:00,Friday,8,223.8,91.3,none,navigation
2026-03-13 08:37:30,Friday,8,195.4,91.3,none,indoor_assist
2026-03-13 08:38:00,Friday,8,196.5,91.3,none,indoor_assist
2026-03-13 08:38:30,Friday,8,257.7,91.3,obstacle_near,navigation
2026-03-13 08:39:00,Friday,8,188.8,91.2,none,indoor_assist
2026-03-13 08:39:30,Friday,8,186.0,91.2,obstacle_near,indoor_assist
2026-03-13 08:40:00,Friday,8,217.7,91.2,none,navigation
2026-03-13 08:40:30,Friday,8,141.4,91.2,none,navigation
2026-03-13 08:41:00,Friday,8,173.2,91.2,none,navigation
2026-03-13 08:41:30,Friday,8,185.8,91.1,none,navigation
2026-03-13 08:42:00,Friday,8,236.6,91.1,obstacle_near,indoor_assist
2026-03-13 08:42:30,Friday,8,177.1,91.1,none,indoor_assist
2026-03-13 08:43:00,Friday,8,227.1,91.1,obstacle_near,standby
2026-03-13 08:43:30,Friday,8,135.9,91.1,none,indoor_assist
2026-03-13 08:44:00,Friday,8,195.0,91.0,obstacle_near,navigation
2026-03-13 08:44:30,Friday,8,192.3,91.0,none,navigation
2026-03-13 08:45:00,Friday,8,217.9,91.0,none,indoor_assist
2026-03-13 08:45:30,Friday,8,218.6,91.0,none,navigation
2026-03-13 08:46:00,Friday,8,225.0,91.0,none,indoor_assist
2026-03-13 08:46:30,Friday,8,204.2,90.9,obstacle_medium,standby
2026-03-13 08:47:00,Friday,8,203.0,90.9,none,navigation
2026-03-13 08:47:30,Friday,8,163.3,90.9,none,standby
2026-03-13 08:48:00,Friday,8,206.3,90.9,none,navigation
2026-03-13 08:48:30,Friday,8,218.9,90.9,obstacle_medium,indoor_assist
2026-03-13 08:49:00,Friday,8,221.5,90.8,none,navigation
2026-03-13 08:49:30,Friday,8,242.8,90.8,none,standby
2026-03-13 08:50:00,Friday,8,205.9,90.8,none,standby
2026-03-13 08:50:30,Friday,8,173.1,90.8,none,standby
2026-03-13 08:51:00,Friday,8,188.8,90.8,fall_detected,navigation
2026-03-13 08:51:30,Friday,8,182.5,90.7,none,indoor_assist
2026-03-13 08:52:00,Friday,8,156.5,90.7,obstacle_medium,indoor_assist
2026-03-13 08:52:30,Friday,8,216.4,90.7,none,navigation
2026-03-13 08:53:00,Friday,8,177.7,90.7,none,standby
2026-03-13 08:53:30,Friday,8,225.7,90.7,none,indoor_assist
2026-03-13 08:54:00,Friday,8,203.3,90.6,none,indoor_assist
2026-03-13 08:54:30,Friday,8,221.3,90.6,none,navigation
2026-03-13 08:55:00,Friday,8,208.0,90.6,none,navigation
2026-03-13 08:55:30,Friday,8,205.2,90.6,obstacle_medium,indoor_assist
2026-03-13 08:56:00,Friday,8,203.6,90.6,none,navigation
2026-03-13 08:56:30,Friday,8,185.2,90.5,none,navigation
2026-03-13 08:57:00,Friday,8,228.4,90.5,obstacle_medium,navigation
2026-03-13 08:57:30,Friday,8,220.3,90.5,none,standby
2026-03-13 08:58:00,Friday,8,221.1,90.5,none,indoor_assist
2026-03-13 08:58:30,Friday,8,197.4,90.5,none,navigation
2026-03-13 08:59:00,Friday,8,250.2,90.4,none,indoor_assist
2026-03-13 08:59:30,Friday,8,231.7,90.4,none,indoor_assist
2026-03-13 09:00:00,Friday,9,115.5,90.4,none,navigation
2026-03-13 09:00:30,Friday,9,179.3,90.4,none,indoor_assist
2026-03-13 09:01:00,Friday,9,134.0,90.4,none,navigation
2026-03-13 09:01:30,Friday,9,135.1,90.3,none,navigation
2026-03-13 09:02:00,Friday,9,184.4,90.3,none,indoor_assist
2026-03-13 09:02:30,Friday,9,100.1,90.3,none,navigation
2026-03-13 09:03:00,Friday,9,147.6,90.3,none,standby
2026-03-13 09:03:30,Friday,9,119.5,90.3,none,indoor_assist
2026-03-13 09:04:00,Friday,9,96.8,90.2,none,navigation
2026-03-13 09:04:30,Friday,9,80.7,90.2,none,navigation
2026-03-13 09:05:00,Friday,9,80.1,90.2,none,standby
2026-03-13 09:05:30,Friday,9,158.8,90.2,obstacle_medium,indoor_assist
2026-03-13 09:06:00,Friday,9,138.1,90.2,none,indoor_assist
2026-03-13 09:06:30,Friday,9,106.9,90.1,none,indoor_assist
2026-03-13 09:07:00,Friday,9,159.6,90.1,none,navigation
2026-03-13 09:07:30,Friday,9,137.6,90.1,none,navigation
2026-03-13 09:08:00,Friday,9,137.4,90.1,none,navigation
2026-03-13 09:08:30,Friday,9,133.5,90.1,none,standby
2026-03-13 09:09:00,Friday,9,126.1,90.0,none,navigation
2026-03-13 09:09:30,Friday,9,76.8,90.0,obstacle_medium,navigation
2026-03-13 09:10:00,Friday,9,97.2,90.0,obstacle_near,indoor_assist
2026-03-13 09:10:30,Friday,9,140.0,90.0,none,navigation
2026-03-13 09:11:00,Friday,9,136.0,90.0,none,navigation
2026-03-13 09:11:30,Friday,9,90.0,89.9,none,indoor_assist
2026-03-13 09:12:00,Friday,9,145.2,89.9,none,indoor_assist
2026-03-13 09:12:30,Friday,9,127.3,89.9,none,indoor_assist
2026-03-13 09:13:00,Friday,9,98.5,89.9,none,navigation
2026-03-13 09:13:30,Friday,9,143.4,89.9,none,standby
2026-03-13 09:14:00,Friday,9,102.6,89.8,obstacle_near,standby
2026-03-13 09:14:30,Friday,9,146.5,89.8,obstacle_medium,indoor_assist
2026-03-13 09:15:00,Friday,9,102.7,89.8,none,indoor_assist
2026-03-13 09:15:30,Friday,9,108.7,89.8,none,navigation
2026-03-13 09:16:00,Friday,9,119.0,89.8,obstacle_medium,navigation
2026-03-13 09:16:30,Friday,9,120.1,89.7,none,navigation
2026-03-13 09:17:00,Friday,9,161.7,89.7,none,navigation
2026-03-13 09:17:30,Friday,9,123.9,89.7,none,navigation
2026-03-13 09:18:00,Friday,9,94.8,89.7,none,indoor_assist
2026-03-13 09:18:30,Friday,9,186.7,89.7,none,standby
2026-03-13 09:19:00,Friday,9,89.6,89.6,none,navigation
2026-03-13 09:19:30,Friday,9,141.1,89.6,none,indoor_assist
2026-03-13 09:20:00,Friday,9,123.9,89.6,none,navigation
2026-03-13 09:20:30,Friday,9,137.6,89.6,obstacle_near,indoor_assist
2026-03-13 09:21:00,Friday,9,122.0,89.6,none,indoor_assist
2026-03-13 09:21:30,Friday,9,104.2,89.5,obstacle_near,standby
2026-03-13 09:22:00,Friday,9,94.0,89.5,none,navigation
2026-03-13 09:22:30,Friday,9,47.2,89.5,obstacle_medium,navigation
2026-03-13 09:23:00,Friday,9,157.9,89.5,none,indoor_assist
2026-03-13 09:23:30,Friday,9,60.8,89.5,obstacle_medium,indoor_assist
2026-03-13 09:24:00,Friday,9,114.6,89.4,obstacle_medium,indoor_assist
2026-03-13 09:24:30,Friday,9,133.8,89.4,none,navigation
2026-03-13 09:25:00,Friday,9,162.9,89.4,none,indoor_assist
2026-03-13 09:25:30,Friday,9,107.2,89.4,obstacle_medium,navigation
2026-03-13 09:26:00,Friday,9,134.6,89.4,obstacle_near,indoor_assist
2026-03-13 09:26:30,Friday,9,124.3,89.3,none,navigation
2026-03-13 09:27:00,Friday,9,51.7,89.3,obstacle_medium,navigation
2026-03-13 09:27:30,Friday,9,185.7,89.3,none,navigation
2026-03-13 09:28:00,Friday,9,119.6,89.3,none,indoor_assist
2026-03-13 09:28:30,Friday,9,118.6,89.3,none,navigation
2026-03-13 09:29:00,Friday,9,103.7,89.2,none,indoor_assist
2026-03-13 09:29:30,Friday,9,92.4,89.2,none,standby
2026-03-13 09:30:00,Friday,9,129.7,89.2,none,navigation
2026-03-13 09:30:30,Friday,9,111.4,89.2,none,indoor_assist
2026-03-13 09:31:00,Friday,9,177.9,89.2,obstacle_near,navigation
2026-03-13 09:31:30,Friday,9,132.5,89.1,none,indoor_assist
2026-03-13 09:32:00,Friday,9,111.8,89.1,none,standby
2026-03-13 09:32:30,Friday,9,121.5,89.1,none,indoor_assist
2026-03-13 09:33:00,Friday,9,151.5,89.1,obstacle_medium,indoor_assist
2026-03-13 09:33:30,Friday,9,112.5,89.1,none,navigation
2026-03-13 09:34:00,Friday,9,112.9,89.0,obstacle_medium,indoor_assist
2026-03-13 09:34:30,Friday,9,99.9,89.0,none,indoor_assist
2026-03-13 09:35:00,Friday,9,132.0,89.0,obstacle_medium,navigation
2026-03-13 09:35:30,Friday,9,145.1,89.0,none,navigation
2026-03-13 09:36:00,Friday,9,92.7,89.0,none,indoor_assist
2026-03-13 09:36:30,Friday,9,204.5,88.9,none,indoor_assist
2026-03-13 09:37:00,Friday,9,83.7,88.9,none,navigation
2026-03-13 09:37:30,Friday,9,105.7,88.9,none,navigation
2026-03-13 09:38:00,Friday,9,96.8,88.9,none,navigation
2026-03-13 09:38:30,Friday,9,130.1,88.9,none,standby
2026-03-13 09:39:00,Friday,9,119.2,88.8,low_battery,navigation
2026-03-13 09:39:30,Friday,9,94.3,88.8,none,indoor_assist
2026-03-13 09:40:00,Friday,9,65.5,88.8,obstacle_medium,indoor_assist
2026-03-13 09:40:30,Friday,9,162.0,88.8,fall_detected,indoor_assist
2026-03-13 09:41:00,Friday,9,135.1,88.8,none,navigation
2026-03-13 09:41:30,Friday,9,101.2,88.7,none,standby
2026-03-13 09:42:00,Friday,9,116.8,88.7,none,indoor_assist
2026-03-13 09:42:30,Friday,9,156.5,88.7,none,navigation
2026-03-13 09:43:00,Friday,9,145.6,88.7,none,indoor_assist
2026-03-13 09:43:30,Friday,9,127.9,88.7,none,standby
2026-03-13 09:44:00,Friday,9,164.5,88.6,none,indoor_assist
2026-03-13 09:44:30,Friday,9,116.7,88.6,none,standby
2026-03-13 09:45:00,Friday,9,117.2,88.6,obstacle_medium,navigation
2026-03-13 09:45:30,Friday,9,142.5,88.6,none,indoor_assist
2026-03-13 09:46:00,Friday,9,151.7,88.6,obstacle_medium,navigation
2026-03-13 09:46:30,Friday,9,153.3,88.5,obstacle_near,navigation
2026-03-13 09:47:00,Friday,9,149.2,88.5,obstacle_medium,indoor_assist
2026-03-13 09:47:30,Friday,9,98.5,88.5,none,navigation
2026-03-13 09:48:00,Friday,9,80.8,88.5,none,navigation
2026-03-13 09:48:30,Friday,9,126.8,88.5,fall_detected,navigation
2026-03-13 09:49:00,Friday,9,114.4,88.4,none,standby
2026-03-13 09:49:30,Friday,9,151.5,88.4,obstacle_medium,indoor_assist
2026-03-13 09:50:00,Friday,9,69.0,88.4,obstacle_medium,indoor_assist
2026-03-13 09:50:30,Friday,9,97.3,88.4,none,navigation
2026-03-13 09:51:00,Friday,9,156.7,88.4,none,standby
2026-03-13 09:51:30,Friday,9,152.2,88.3,none,indoor_assist
2026-03-13 09:52:00,Friday,9,103.9,88.3,none,indoor_assist
2026-03-13 09:52:30,Friday,9,109.1,88.3,none,standby
2026-03-13 09:53:00,Friday,9,90.1,88.3,none,standby
2026-03-13 09:53:30,Friday,9,109.2,88.3,none,standby
2026-03-13 09:54:00,Friday,9,118.0,88.2,low_battery,navigation
2026-03-13 09:54:30,Friday,9,148.3,88.2,none,navigation
2026-03-13 09:55:00,Friday,9,138.4,88.2,none,navigation
2026-03-13 09:55:30,Friday,9,130.8,88.2,none,navigation
2026-03-13 09:56:00,Friday,9,142.8,88.2,obstacle_medium,indoor_assist
2026-03-13 09:56:30,Friday,9,171.5,88.1,obstacle_medium,standby
2026-03-13 09:57:00,Friday,9,131.3,88.1,obstacle_medium,navigation
2026-03-13 09:57:30,Friday,9,151.2,88.1,none,navigation
2026-03-13 09:58:00,Friday,9,123.7,88.1,none,indoor_assist
2026-03-13 09:58:30,Friday,9,152.6,88.1,none,indoor_assist
2026-03-13 09:59:00,Friday,9,75.7,88.0,obstacle_medium,navigation
2026-03-13 09:59:30,Friday,9,153.8,88.0,none,standby
2026-03-13 10:00:00,Friday,10,92.5,100.0,none,indoor_assist
2026-03-13 10:00:30,Friday,10,81.6,100.0,low_battery,indoor_assist
2026-03-13 10:01:00,Friday,10,136.7,100.0,none,navigation
2026-03-13 10:01:30,Friday,10,115.6,99.9,none,navigation
2026-03-13 10:02:00,Friday,10,128.4,99.9,low_battery,standby
2026-03-13 10:02:30,Friday,10,113.0,99.9,none,indoor_assist
2026-03-13 10:03:00,Friday,10,140.2,99.9,none,indoor_assist
2026-03-13 10:03:30,Friday,10,127.8,99.9,none,navigation
2026-03-13 10:04:00,Friday,10,136.4,99.8,low_battery,navigation
2026-03-13 10:04:30,Friday,10,82.2,99.8,obstacle_medium,indoor_assist
2026-03-13 10:05:00,Friday,10,113.7,99.8,none,navigation
2026-03-13 10:05:30,Friday,10,70.2,99.8,obstacle_medium,standby
2026-03-13 10:06:00,Friday,10,104.4,99.8,obstacle_medium,navigation
2026-03-13 10:06:30,Friday,10,104.7,99.7,none,standby
2026-03-13 10:07:00,Friday,10,133.2,99.7,obstacle_medium,navigation
2026-03-13 10:07:30,Friday,10,180.1,99.7,low_battery,navigation
2026-03-13 10:08:00,Friday,10,162.0,99.7,none,navigation
2026-03-13 10:08:30,Friday,10,139.0,99.7,none,standby
2026-03-13 10:09:00,Friday,10,178.9,99.6,obstacle_medium,navigation
2026-03-13 10:09:30,Friday,10,124.0,99.6,none,indoor_assist
2026-03-13 10:10:00,Friday,10,94.4,99.6,obstacle_near,navigation
2026-03-13 10:10:30,Friday,10,178.9,99.6,none,navigation
2026-03-13 10:11:00,Friday,10,137.3,99.6,fall_detected,indoor_assist
2026-03-13 10:11:30,Friday,10,113.4,99.5,none,indoor_assist
2026-03-13 10:12:00,Friday,10,123.5,99.5,low_battery,standby
2026-03-13 10:12:30,Friday,10,126.4,99.5,none,navigation
2026-03-13 10:13:00,Friday,10,87.8,99.5,none,indoor_assist
2026-03-13 10:13:30,Friday,10,111.7,99.5,none,indoor_assist
2026-03-13 10:14:00,Friday,10,124.7,99.4,none,navigation
2026-03-13 10:14:30,Friday,10,117.3,99.4,obstacle_medium,indoor_assist
2026-03-13 10:15:00,Friday,10,103.6,99.4,obstacle_near,indoor_assist
2026-03-13 10:15:30,Friday,10,179.7,99.4,none,standby
2026-03-13 10:16:00,Friday,10,116.5,99.4,none,indoor_assist
2026-03-13 10:16:30,Friday,10,182.1,99.3,obstacle_medium,standby
2026-03-13 10:17:00,Friday,10,91.2,99.3,none,navigation
2026-03-13 10:17:30,Friday,10,84.2,99.3,obstacle_medium,indoor_assist
2026-03-13 10:18:00,Friday,10,71.8,99.3,obstacle_medium,navigation
2026-03-13 10:18:30,Friday,10,84.7,99.3,none,indoor_assist
2026-03-13 10:19:00,Friday,10,54.3,99.2,obstacle_medium,indoor_assist
2026-03-13 10:19:30,Friday,10,104.5,99.2,none,navigation
2026-03-13 10:20:00,Friday,10,127.6,99.2,obstacle_medium,indoor_assist
2026-03-13 10:20:30,Friday,10,112.1,99.2,none,indoor_assist
2026-03-13 10:21:00,Friday,10,108.8,99.2,none,navigation
2026-03-13 10:21:30,Friday,10,92.6,99.1,low_battery,indoor_assist
2026-03-13 10:22:00,Friday,10,115.2,99.1,none,indoor_assist
2026-03-13 10:22:30,Friday,10,47.4,99.1,obstacle_medium,indoor_assist
2026-03-13 10:23:00,Friday,10,137.1,99.1,obstacle_medium,navigation
2026-03-13 10:23:30,Friday,10,128.9,99.1,obstacle_near,indoor_assist
2026-03-13 10:24:00,Friday,10,128.6,99.0,none,standby
2026-03-13 10:24:30,Friday,10,118.1,99.0,none,indoor_assist
2026-03-13 10:25:00,Friday,10,119.6,99.0,none,standby
2026-03-13 10:25:30,Friday,10,110.4,99.0,obstacle_near,standby
2026-03-13 10:26:00,Friday,10,142.5,99.0,none,indoor_assist
2026-03-13 10:26:30,Friday,10,93.8,98.9,none,indoor_assist
2026-03-13 10:27:00,Friday,10,96.0,98.9,none,navigation
2026-03-13 10:27:30,Friday,10,151.9,98.9,none,indoor_assist
2026-03-13 10:28:00,Friday,10,114.1,98.9,obstacle_medium,navigation
2026-03-13 10:28:30,Friday,10,56.3,98.9,obstacle_medium,standby
2026-03-13 10:29:00,Friday,10,166.9,98.8,fall_detected,indoor_assist
2026-03-13 10:29:30,Friday,10,103.2,98.8,obstacle_medium,navigation
2026-03-13 10:30:00,Friday,10,130.7,98.8,obstacle_medium,navigation
2026-03-13 10:30:30,Friday,10,106.6,98.8,none,indoor_assist
2026-03-13 10:31:00,Friday,10,115.9,98.8,none,standby
2026-03-13 10:31:30,Friday,10,181.5,98.7,none,indoor_assist
2026-03-13 10:32:00,Friday,10,157.4,98.7,obstacle_medium,standby
2026-03-13 10:32:30,Friday,10,120.4,98.7,low_battery,navigation
2026-03-13 10:33:00,Friday,10,124.8,98.7,none,indoor_assist
2026-03-13 10:33:30,Friday,10,116.7,98.7,none,indoor_assist
2026-03-13 10:34:00,Friday,10,108.4,98.6,obstacle_near,navigation
2026-03-13 10:34:30,Friday,10,140.9,98.6,none,indoor_assist
2026-03-13 10:35:00,Friday,10,94.4,98.6,none,indoor_assist
2026-03-13 10:35:30,Friday,10,144.8,98.6,none,navigation
2026-03-13 10:36:00,Friday,10,105.4,98.6,none,standby
2026-03-13 10:36:30,Friday,10,88.0,98.5,none,indoor_assist
2026-03-13 10:37:00,Friday,10,138.5,98.5,none,navigation
2026-03-13 10:37:30,Friday,10,190.5,98.5,fall_detected,navigation
2026-03-13 10:38:00,Friday,10,149.9,98.5,none,navigation
2026-03-13 10:38:30,Friday,10,103.9,98.5,none,navigation
2026-03-13 10:39:00,Friday,10,65.5,98.4,obstacle_medium,navigation
2026-03-13 10:39:30,Friday,10,150.7,98.4,none,navigation
2026-03-13 10:40:00,Friday,10,97.8,98.4,none,navigation
2026-03-13 10:40:30,Friday,10,87.8,98.4,low_battery,navigation
2026-03-13 10:41:00,Friday,10,186.4,98.4,none,navigation
2026-03-13 10:41:30,Friday,10,85.7,98.3,obstacle_medium,navigation
2026-03-13 10:42:00,Friday,10,122.2,98.3,none,navigation
2026-03-13 10:42:30,Friday,10,73.4,98.3,obstacle_medium,indoor_assist
2026-03-13 10:43:00,Friday,10,137.4,98.3,none,indoor_assist
2026-03-13 10:43:30,Friday,10,145.3,98.3,none,standby
2026-03-13 10:44:00,Friday,10,148.1,98.2,none,navigation
2026-03-13 10:44:30,Friday,10,127.7,98.2,none,indoor_assist
2026-03-13 10:45:00,Friday,10,107.1,98.2,obstacle_medium,navigation
2026-03-13 10:45:30,Friday,10,115.7,98.2,none,indoor_assist
2026-03-13 10:46:00,Friday,10,143.2,98.2,none,standby
2026-03-13 10:46:30,Friday,10,126.0,98.1,none,navigation
2026-03-13 10:47:00,Friday,10,125.3,98.1,none,navigation
2026-03-13 10:47:30,Friday,10,108.6,98.1,none,indoor_assist
2026-03-13 10:48:00,Friday,10,102.5,98.1,none,standby
2026-03-13 10:48:30,Friday,10,138.1,98.1,none,indoor_assist
2026-03-13 10:49:00,Friday,10,145.7,98.0,none,standby
2026-03-13 10:49:30,Friday,10,92.6,98.0,low_battery,navigation
2026-03-13 10:50:00,Friday,10,121.2,98.0,none,indoor_assist
2026-03-13 10:50:30,Friday,10,105.6,98.0,obstacle_near,navigation
2026-03-13 10:51:00,Friday,10,114.5,98.0,none,navigation
2026-03-13 10:51:30,Friday,10,135.1,97.9,none,navigation
2026-03-13 10:52:00,Friday,10,180.0,97.9,none,indoor_assist
2026-03-13 10:52:30,Friday,10,90.9,97.9,none,indoor_assist
2026-03-13 10:53:00,Friday,10,68.6,97.9,obstacle_medium,indoor_assist
2026-03-13 10:53:30,Friday,10,113.2,97.9,low_battery,standby
2026-03-13 10:54:00,Friday,10,119.7,97.8,obstacle_medium,navigation
2026-03-13 10:54:30,Friday,10,68.2,97.8,obstacle_medium,navigation
2026-03-13 10:55:00,Friday,10,137.5,97.8,none,navigation
2026-03-13 10:55:30,Friday,10,157.3,97.8,obstacle_medium,navigation
2026-03-13 10:56:00,Friday,10,130.5,97.8,obstacle_near,navigation
2026-03-13 10:56:30,Friday,10,143.4,97.7,none,indoor_assist
2026-03-13 10:57:00,Friday,10,124.2,97.7,none,standby
2026-03-13 10:57:30,Friday,10,105.9,97.7,none,indoor_assist
2026-03-13 10:58:00,Friday,10,158.9,97.7,obstacle_medium,standby
2026-03-13 10:58:30,Friday,10,74.1,97.7,obstacle_medium,indoor_assist
2026-03-13 10:59:00,Friday,10,85.8,97.6,none,navigation
2026-03-13 10:59:30,Friday,10,142.9,97.6,none,navigation
2026-03-13 11:00:00,Friday,11,144.7,97.6,obstacle_medium,indoor_assist
2026-03-13 11:00:30,Friday,11,159.4,97.6,obstacle_near,standby
2026-03-13 11:01:00,Friday,11,114.6,97.6,none,navigation
2026-03-13 11:01:30,Friday,11,122.9,97.5,obstacle_near,navigation
2026-03-13 11:02:00,Friday,11,165.9,97.5,none,navigation
2026-03-13 11:02:30,Friday,11,100.6,97.5,none,standby
2026-03-13 11:03:00,Friday,11,162.4,97.5,none,navigation
2026-03-13 11:03:30,Friday,11,121.0,97.5,fall_detected,indoor_assist
2026-03-13 11:04:00,Friday,11,124.5,97.4,none,indoor_assist
2026-03-13 11:04:30,Friday,11,167.0,97.4,obstacle_medium,navigation
2026-03-13 11:05:00,Friday,11,126.8,97.4,none,indoor_assist
2026-03-13 11:05:30,Friday,11,102.9,97.4,obstacle_near,navigation
2026-03-13 11:06:00,Friday,11,88.8,97.4,none,indoor_assist
2026-03-13 11:06:30,Friday,11,113.2,97.3,none,standby
2026-03-13 11:07:00,Friday,11,136.9,97.3,none,standby
2026-03-13 11:07:30,Friday,11,154.3,97.3,none,standby
2026-03-13 11:08:00,Friday,11,91.2,97.3,obstacle_medium,indoor_assist
2026-03-13 11:08:30,Friday,11,65.0,97.3,obstacle_medium,indoor_assist
2026-03-13 11:09:00,Friday,11,77.4,97.2,obstacle_medium,standby
2026-03-13 11:09:30,Friday,11,118.5,97.2,none,indoor_assist
2026-03-13 11:10:00,Friday,11,122.1,97.2,none,navigation
2026-03-13 11:10:30,Friday,11,101.4,97.2,none,standby
2026-03-13 11:11:00,Friday,11,182.6,97.2,obstacle_medium,indoor_assist
2026-03-13 11:11:30,Friday,11,170.9,97.1,none,navigation
2026-03-13 11:12:00,Friday,11,126.3,97.1,obstacle_medium,indoor_assist
2026-03-13 11:12:30,Friday,11,160.6,97.1,none,standby
2026-03-13 11:13:00,Friday,11,108.7,97.1,none,indoor_assist
2026-03-13 11:13:30,Friday,11,135.7,97.1,obstacle_near,navigation
2026-03-13 11:14:00,Friday,11,106.8,97.0,none,navigation
2026-03-13 11:14:30,Friday,11,70.7,97.0,obstacle_medium,navigation
2026-03-13 11:15:00,Friday,11,87.2,97.0,none,indoor_assist
2026-03-13 11:15:30,Friday,11,148.6,97.0,none,indoor_assist
2026-03-13 11:16:00,Friday,11,184.2,97.0,none,navigation
2026-03-13 11:16:30,Friday,11,122.5,96.9,none,navigation
2026-03-13 11:17:00,Friday,11,125.3,96.9,none,navigation
2026-03-13 11:17:30,Friday,11,78.5,96.9,obstacle_medium,navigation
2026-03-13 11:18:00,Friday,11,105.5,96.9,none,navigation
2026-03-13 11:18:30,Friday,11,119.7,96.9,none,indoor_assist
2026-03-13 11:19:00,Friday,11,95.6,96.8,none,navigation
2026-03-13 11:19:30,Friday,11,113.6,96.8,none,standby
2026-03-13 11:20:00,Friday,11,127.5,96.8,none,navigation
2026-03-13 11:20:30,Friday,11,104.6,96.8,none,navigation
2026-03-13 11:21:00,Friday,11,106.3,96.8,none,indoor_assist
2026-03-13 11:21:30,Friday,11,132.2,96.7,obstacle_medium,navigation
2026-03-13 11:22:00,Friday,11,131.8,96.7,none,standby
2026-03-13 11:22:30,Friday,11,159.8,96.7,obstacle_medium,navigation
2026-03-13 11:23:00,Friday,11,84.2,96.7,none,navigation
2026-03-13 11:23:30,Friday,11,93.2,96.7,none,navigation
2026-03-13 11:24:00,Friday,11,159.0,96.6,obstacle_near,navigation
2026-03-13 11:24:30,Friday,11,165.1,96.6,none,indoor_assist
2026-03-13 11:25:00,Friday,11,85.9,96.6,none,navigation
2026-03-13 11:25:30,Friday,11,141.0,96.6,none,indoor_assist
2026-03-13 11:26:00,Friday,11,81.6,96.6,none,indoor_assist
2026-03-13 11:26:30,Friday,11,123.8,96.5,none,indoor_assist
2026-03-13 11:27:00,Friday,11,119.1,96.5,none,indoor_assist
2026-03-13 11:27:30,Friday,11,147.9,96.5,none,navigation
2026-03-13 11:28:00,Friday,11,66.0,96.5,obstacle_medium,indoor_assist
2026-03-13 11:28:30,Friday,11,116.9,96.5,obstacle_medium,navigation
2026-03-13 11:29:00,Friday,11,111.9,96.4,none,navigation
2026-03-13 11:29:30,Friday,11,152.2,96.4,none,indoor_assist
2026-03-13 11:30:00,Friday,11,125.1,96.4,none,indoor_assist
2026-03-13 11:30:30,Friday,11,106.7,96.4,none,navigation
2026-03-13 11:31:00,Friday,11,98.6,96.4,obstacle_medium,indoor_assist
2026-03-13 11:31:30,Friday,11,168.7,96.3,none,standby
2026-03-13 11:32:00,Friday,11,111.5,96.3,none,standby
2026-03-13 11:32:30,Friday,11,136.3,96.3,obstacle_medium,navigation
2026-03-13 11:33:00,Friday,11,90.9,96.3,low_battery,indoor_assist
2026-03-13 11:33:30,Friday,11,127.7,96.3,obstacle_near,indoor_assist
2026-03-13 11:34:00,Friday,11,136.0,96.2,low_battery,indoor_assist
2026-03-13 11:34:30,Friday,11,153.5,96.2,none,navigation
2026-03-13 11:35:00,Friday,11,148.1,96.2,obstacle_medium,indoor_assist
2026-03-13 11:35:30,Friday,11,92.7,96.2,obstacle_near,navigation
2026-03-13 11:36:00,Friday,11,101.3,96.2,fall_detected,indoor_assist
2026-03-13 11:36:30,Friday,11,87.6,96.1,none,indoor_assist
2026-03-13 11:37:00,Friday,11,119.4,96.1,none,standby
2026-03-13 11:37:30,Friday,11,105.8,96.1,fall_detected,navigation
2026-03-13 11:38:00,Friday,11,171.2,96.1,none,navigation
2026-03-13 11:38:30,Friday,11,106.9,96.1,obstacle_medium,indoor_assist
2026-03-13 11:39:00,Friday,11,110.6,96.0,none,indoor_assist
2026-03-13 11:39:30,Friday,11,70.2,96.0,obstacle_medium,indoor_assist
2026-03-13 11:40:00,Friday,11,116.6,96.0,none,navigation
2026-03-13 11:40:30,Friday,11,115.6,96.0,low_battery,indoor_assist
2026-03-13 11:41:00,Friday,11,122.1,96.0,none,indoor_assist
2026-03-13 11:41:30,Friday,11,100.5,95.9,none,standby
2026-03-13 11:42:00,Friday,11,84.6,95.9,none,navigation
2026-03-13 11:42:30,Friday,11,136.1,95.9,none,navigation
2026-03-13 11:43:00,Friday,11,145.0,95.9,none,indoor_assist
2026-03-13 11:43:30,Friday,11,143.0,95.9,obstacle_near,navigation
2026-03-13 11:44:00,Friday,11,120.0,95.8,none,navigation
2026-03-13 11:44:30,Friday,11,88.3,95.8,fall_detected,standby
2026-03-13 11:45:00,Friday,11,94.2,95.8,obstacle_medium,indoor_assist
2026-03-13 11:45:30,Friday,11,194.7,95.8,obstacle_near,navigation
2026-03-13 11:46:00,Friday,11,82.1,95.8,none,standby
2026-03-13 11:46:30,Friday,11,55.7,95.7,obstacle_medium,navigation
2026-03-13 11:47:00,Friday,11,117.4,95.7,obstacle_medium,indoor_assist
2026-03-13 11:47:30,Friday,11,128.0,95.7,obstacle_medium,standby
2026-03-13 11:48:00,Friday,11,95.4,95.7,none,navigation
2026-03-13 11:48:30,Friday,11,99.3,95.7,none,navigation
2026-03-13 11:49:00,Friday,11,137.6,95.6,none,navigation
2026-03-13 11:49:30,Friday,11,112.9,95.6,obstacle_medium,indoor_assist
2026-03-13 11:50:00,Friday,11,102.7,95.6,obstacle_near,navigation
2026-03-13 11:50:30,Friday,11,92.8,95.6,none,navigation
2026-03-13 11:51:00,Friday,11,75.9,95.6,obstacle_medium,indoor_assist
2026-03-13 11:51:30,Friday,11,108.3,95.5,none,navigation
2026-03-13 11:52:00,Friday,11,166.0,95.5,fall_detected,navigation
2026-03-13 11:52:30,Friday,11,151.8,95.5,obstacle_near,indoor_assist
2026-03-13 11:53:00,Friday,11,144.2,95.5,none,navigation
2026-03-13 11:53:30,Friday,11,115.3,95.5,obstacle_medium,indoor_assist
2026-03-13 11:54:00,Friday,11,128.2,95.4,none,navigation
2026-03-13 11:54:30,Friday,11,114.0,95.4,none,standby
2026-03-13 11:55:00,Friday,11,130.2,95.4,none,navigation
2026-03-13 11:55:30,Friday,11,115.2,95.4,none,indoor_assist
2026-03-13 11:56:00,Friday,11,97.6,95.4,obstacle_medium,indoor_assist
2026-03-13 11:56:30,Friday,11,95.1,95.3,none,indoor_assist
2026-03-13 11:57:00,Friday,11,120.6,95.3,none,indoor_assist
2026-03-13 11:57:30,Friday,11,147.7,95.3,none,navigation
2026-03-13 11:58:00,Friday,11,97.9,95.3,none,navigation
2026-03-13 11:58:30,Friday,11,107.0,95.3,none,navigation
2026-03-13 11:59:00,Friday,11,51.3,95.2,obstacle_medium,navigation
2026-03-13 11:59:30,Friday,11,166.0,95.2,obstacle_medium,navigation
2026-03-13 12:00:00,Friday,12,194.9,95.2,none,navigation
2026-03-13 12:00:30,Friday,12,208.4,95.2,none,navigation
2026-03-13 12:01:00,Friday,12,175.6,95.2,none,indoor_assist
2026-03-13 12:01:30,Friday,12,208.2,95.1,none,navigation
2026-03-13 12:02:00,Friday,12,220.4,95.1,none,indoor_assist
2026-03-13 12:02:30,Friday,12,225.0,95.1,none,navigation
2026-03-13 12:03:00,Friday,12,208.2,95.1,none,navigation
2026-03-13 12:03:30,Friday,12,167.7,95.1,none,indoor_assist
2026-03-13 12:04:00,Friday,12,207.7,95.0,none,navigation
2026-03-13 12:04:30,Friday,12,223.6,95.0,none,navigation
2026-03-13 12:05:00,Friday,12,179.2,95.0,obstacle_medium,navigation
2026-03-13 12:05:30,Friday,12,195.4,95.0,obstacle_medium,indoor_assist
2026-03-13 12:06:00,Friday,12,191.6,95.0,none,standby
2026-03-13 12:06:30,Friday,12,179.4,94.9,none,navigation
2026-03-13 12:07:00,Friday,12,233.1,94.9,none,navigation
2026-03-13 12:07:30,Friday,12,207.9,94.9,none,navigation
2026-03-13 12:08:00,Friday,12,209.4,94.9,none,navigation
2026-03-13 12:08:30,Friday,12,167.0,94.9,none,navigation
2026-03-13 12:09:00,Friday,12,195.7,94.8,obstacle_medium,navigation
2026-03-13 12:09:30,Friday,12,209.9,94.8,none,navigation
2026-03-13 12:10:00,Friday,12,163.6,94.8,none,navigation
2026-03-13 12:10:30,Friday,12,141.9,94.8,none,indoor_assist
2026-03-13 12:11:00,Friday,12,231.1,94.8,obstacle_medium,navigation
2026-03-13 12:11:30,Friday,12,223.0,94.7,none,navigation
2026-03-13 12:12:00,Friday,12,224.0,94.7,none,navigation
2026-03-13 12:12:30,Friday,12,174.3,94.7,none,navigation
2026-03-13 12:13:00,Friday,12,214.5,94.7,obstacle_near,navigation
2026-03-13 12:13:30,Friday,12,162.7,94.7,obstacle_medium,navigation
2026-03-13 12:14:00,Friday,12,166.5,94.6,none,indoor_assist
2026-03-13 12:14:30,Friday,12,179.4,94.6,none,standby
2026-03-13 12:15:00,Friday,12,177.6,94.6,none,indoor_assist
2026-03-13 12:15:30,Friday,12,234.5,94.6,none,navigation
2026-03-13 12:16:00,Friday,12,162.7,94.6,none,indoor_assist
2026-03-13 12:16:30,Friday,12,192.3,94.5,none,navigation
2026-03-13 12:17:00,Friday,12,242.8,94.5,obstacle_medium,indoor_assist
2026-03-13 12:17:30,Friday,12,180.2,94.5,none,navigation
2026-03-13 12:18:00,Friday,12,135.6,94.5,obstacle_medium,navigation
2026-03-13 12:18:30,Friday,12,191.0,94.5,low_battery,standby
2026-03-13 12:19:00,Friday,12,204.2,94.4,none,standby
2026-03-13 12:19:30,Friday,12,175.1,94.4,none,indoor_assist
2026-03-13 12:20:00,Friday,12,172.1,94.4,none,standby
2026-03-13 12:20:30,Friday,12,184.0,94.4,none,standby
2026-03-13 12:21:00,Friday,12,177.6,94.4,none,indoor_assist
2026-03-13 12:21:30,Friday,12,241.6,94.3,none,indoor_assist
2026-03-13 12:22:00,Friday,12,205.4,94.3,obstacle_medium,navigation
2026-03-13 12:22:30,Friday,12,191.9,94.3,none,indoor_assist
2026-03-13 12:23:00,Friday,12,150.5,94.3,none,indoor_assist
2026-03-13 12:23:30,Friday,12,159.5,94.3,none,navigation
2026-03-13 12:24:00,Friday,12,158.5,94.2,none,navigation
2026-03-13 12:24:30,Friday,12,189.2,94.2,obstacle_medium,navigation
2026-03-13 12:25:00,Friday,12,181.3,94.2,low_battery,standby
2026-03-13 12:25:30,Friday,12,234.9,94.2,none,indoor_assist
2026-03-13 12:26:00,Friday,12,213.2,94.2,obstacle_medium,navigation
2026-03-13 12:26:30,Friday,12,148.3,94.1,none,indoor_assist
2026-03-13 12:27:00,Friday,12,171.7,94.1,obstacle_medium,indoor_assist
2026-03-13 12:27:30,Friday,12,223.1,94.1,none,navigation
2026-03-13 12:28:00,Friday,12,149.9,94.1,none,navigation
2026-03-13 12:28:30,Friday,12,199.1,94.1,obstacle_medium,navigation
2026-03-13 12:29:00,Friday,12,234.8,94.0,none,navigation
2026-03-13 12:29:30,Friday,12,196.9,94.0,none,indoor_assist
2026-03-13 12:30:00,Friday,12,204.9,94.0,none,indoor_assist
2026-03-13 12:30:30,Friday,12,195.8,94.0,none,indoor_assist
2026-03-13 12:31:00,Friday,12,148.0,94.0,none,navigation
2026-03-13 12:31:30,Friday,12,174.4,93.9,none,navigation
2026-03-13 12:32:00,Friday,12,235.7,93.9,none,indoor_assist
2026-03-13 12:32:30,Friday,12,247.8,93.9,obstacle_medium,indoor_assist
2026-03-13 12:33:00,Friday,12,247.7,93.9,none,indoor_assist
2026-03-13 12:33:30,Friday,12,230.0,93.9,none,indoor_assist
2026-03-13 12:34:00,Friday,12,151.3,93.8,none,indoor_assist
2026-03-13 12:34:30,Friday,12,211.0,93.8,obstacle_medium,indoor_assist
2026-03-13 12:35:00,Friday,12,249.2,93.8,obstacle_medium,navigation
2026-03-13 12:35:30,Friday,12,206.2,93.8,none,navigation
2026-03-13 12:36:00,Friday,12,235.8,93.8,none,standby
2026-03-13 12:36:30,Friday,12,190.5,93.7,none,indoor_assist
2026-03-13 12:37:00,Friday,12,193.9,93.7,none,navigation
2026-03-13 12:37:30,Friday,12,214.0,93.7,obstacle_near,indoor_assist
2026-03-13 12:38:00,Friday,12,224.7,93.7,none,indoor_assist
2026-03-13 12:38:30,Friday,12,152.4,93.7,obstacle_near,navigation
2026-03-13 12:39:00,Friday,12,218.4,93.6,none,navigation
2026-03-13 12:39:30,Friday,12,182.6,93.6,obstacle_near,navigation
2026-03-13 12:40:00,Friday,12,182.8,93.6,none,navigation
2026-03-13 12:40:30,Friday,12,150.1,93.6,none,standby
2026-03-13 12:41:00,Friday,12,240.4,93.6,none,indoor_assist
2026-03-13 12:41:30,Friday,12,221.8,93.5,none,navigation
2026-03-13 12:42:00,Friday,12,202.1,93.5,none,indoor_assist
2026-03-13 12:42:30,Friday,12,241.6,93.5,none,standby
2026-03-13 12:43:00,Friday,12,257.0,93.5,none,navigation
2026-03-13 12:43:30,Friday,12,191.6,93.5,none,navigation
2026-03-13 12:44:00,Friday,12,201.0,93.4,none,indoor_assist
2026-03-13 12:44:30,Friday,12,243.5,93.4,fall_detected,navigation
2026-03-13 12:45:00,Friday,12,210.8,93.4,none,navigation
2026-03-13 12:45:30,Friday,12,225.5,93.4,low_battery,navigation
2026-03-13 12:46:00,Friday,12,196.2,93.4,obstacle_medium,indoor_assist
2026-03-13 12:46:30,Friday,12,192.0,93.3,fall_detected,navigation
2026-03-13 12:47:00,Friday,12,143.2,93.3,none,navigation
2026-03-13 12:47:30,Friday,12,215.8,93.3,none,navigation
2026-03-13 12:48:00,Friday,12,266.4,93.3,low_battery,indoor_assist
2026-03-13 12:48:30,Friday,12,202.0,93.3,none,navigation
2026-03-13 12:49:00,Friday,12,242.6,93.2,none,navigation
2026-03-13 12:49:30,Friday,12,219.6,93.2,obstacle_medium,standby
2026-03-13 12:50:00,Friday,12,129.0,93.2,none,navigation
2026-03-13 12:50:30,Friday,12,217.4,93.2,none,indoor_assist
2026-03-13 12:51:00,Friday,12,226.9,93.2,low_battery,standby
2026-03-13 12:51:30,Friday,12,185.0,93.1,none,navigation
2026-03-13 12:52:00,Friday,12,181.7,93.1,obstacle_medium,standby
2026-03-13 12:52:30,Friday,12,167.0,93.1,obstacle_near,navigation
2026-03-13 12:53:00,Friday,12,172.5,93.1,none,indoor_assist
2026-03-13 12:53:30,Friday,12,215.2,93.1,obstacle_medium,indoor_assist
2026-03-13 12:54:00,Friday,12,185.3,93.0,none,indoor_assist
2026-03-13 12:54:30,Friday,12,170.5,93.0,none,indoor_assist
2026-03-13 12:55:00,Friday,12,235.2,93.0,none,navigation
2026-03-13 12:55:30,Friday,12,182.5,93.0,none,navigation
2026-03-13 12:56:00,Friday,12,202.6,93.0,none,indoor_assist
2026-03-13 12:56:30,Friday,12,133.0,92.9,none,navigation
2026-03-13 12:57:00,Friday,12,216.4,92.9,none,navigation
2026-03-13 12:57:30,Friday,12,231.6,92.9,none,navigation
2026-03-13 12:58:00,Friday,12,196.8,92.9,none,navigation
2026-03-13 12:58:30,Friday,12,226.1,92.9,none,indoor_assist
2026-03-13 12:59:00,Friday,12,204.0,92.8,none,navigation
2026-03-13 12:59:30,Friday,12,162.9,92.8,none,navigation
2026-03-13 13:00:00,Friday,13,204.8,92.8,none,indoor_assist
2026-03-13 13:00:30,Friday,13,196.0,92.8,none,standby
2026-03-13 13:01:00,Friday,13,212.2,92.8,none,indoor_assist
2026-03-13 13:01:30,Friday,13,151.0,92.7,none,indoor_assist
2026-03-13 13:02:00,Friday,13,225.0,92.7,obstacle_medium,indoor_assist
2026-03-13 13:02:30,Friday,13,205.6,92.7,none,navigation
2026-03-13 13:03:00,Friday,13,162.2,92.7,none,indoor_assist
2026-03-13 13:03:30,Friday,13,201.6,92.7,none,navigation
2026-03-13 13:04:00,Friday,13,203.1,92.6,none,navigation
2026-03-13 13:04:30,Friday,13,230.4,92.6,none,navigation
2026-03-13 13:05:00,Friday,13,191.7,92.6,none,navigation
2026-03-13 13:05:30,Friday,13,160.0,92.6,none,navigation
2026-03-13 13:06:00,Friday,13,228.0,92.6,none,navigation
2026-03-13 13:06:30,Friday,13,145.8,92.5,obstacle_medium,navigation
2026-03-13 13:07:00,Friday,13,198.3,92.5,obstacle_near,navigation
2026-03-13 13:07:30,Friday,13,218.1,92.5,none,navigation
2026-03-13 13:08:00,Friday,13,243.5,92.5,none,indoor_assist
2026-03-13 13:08:30,Friday,13,153.6,92.5,none,navigation
2026-03-13 13:09:00,Friday,13,250.5,92.4,obstacle_near,navigation
2026-03-13 13:09:30,Friday,13,202.3,92.4,none,indoor_assist
2026-03-13 13:10:00,Friday,13,212.7,92.4,none,navigation
2026-03-13 13:10:30,Friday,13,179.7,92.4,none,indoor_assist
2026-03-13 13:11:00,Friday,13,223.1,92.4,obstacle_near,navigation
2026-03-13 13:11:30,Friday,13,163.7,92.3,none,navigation
2026-03-13 13:12:00,Friday,13,188.9,92.3,none,indoor_assist
2026-03-13 13:12:30,Friday,13,187.5,92.3,none,indoor_assist
2026-03-13 13:13:00,Friday,13,196.9,92.3,none,standby
2026-03-13 13:13:30,Friday,13,166.1,92.3,none,indoor_assist
2026-03-13 13:14:00,Friday,13,205.3,92.2,obstacle_near,navigation
2026-03-13 13:14:30,Friday,13,218.0,92.2,low_battery,navigation
2026-03-13 13:15:00,Friday,13,194.2,92.2,none,indoor_assist
2026-03-13 13:15:30,Friday,13,222.8,92.2,obstacle_medium,navigation
2026-03-13 13:16:00,Friday,13,243.9,92.2,obstacle_near,navigation
2026-03-13 13:16:30,Friday,13,235.3,92.1,none,navigation
2026-03-13 13:17:00,Friday,13,192.0,92.1,none,navigation
2026-03-13 13:17:30,Friday,13,180.7,92.1,none,indoor_assist
2026-03-13 13:18:00,Friday,13,233.8,92.1,obstacle_medium,navigation
2026-03-13 13:18:30,Friday,13,261.3,92.1,none,indoor_assist
2026-03-13 13:19:00,Friday,13,205.4,92.0,none,navigation
2026-03-13 13:19:30,Friday,13,263.2,92.0,none,navigation
2026-03-13 13:20:00,Friday,13,238.4,92.0,obstacle_near,navigation
2026-03-13 13:20:30,Friday,13,189.7,92.0,none,navigation
2026-03-13 13:21:00,Friday,13,218.5,92.0,none,indoor_assist
2026-03-13 13:21:30,Friday,13,212.7,91.9,none,navigation
2026-03-13 13:22:00,Friday,13,159.7,91.9,obstacle_medium,indoor_assist
2026-03-13 13:22:30,Friday,13,210.0,91.9,obstacle_near,navigation
2026-03-13 13:23:00,Friday,13,207.7,91.9,none,navigation
2026-03-13 13:23:30,Friday,13,212.2,91.9,obstacle_near,indoor_assist
2026-03-13 13:24:00,Friday,13,232.8,91.8,none,navigation
2026-03-13 13:24:30,Friday,13,171.0,91.8,obstacle_near,indoor_assist
2026-03-13 13:25:00,Friday,13,172.6,91.8,none,indoor_assist
2026-03-13 13:25:30,Friday,13,262.0,91.8,none,standby
2026-03-13 13:26:00,Friday,13,213.9,91.8,none,standby
2026-03-13 13:26:30,Friday,13,211.7,91.7,none,navigation
2026-03-13 13:27:00,Friday,13,199.0,91.7,obstacle_near,standby
2026-03-13 13:27:30,Friday,13,222.5,91.7,none,indoor_assist
2026-03-13 13:28:00,Friday,13,185.9,91.7,none,navigation
2026-03-13 13:28:30,Friday,13,250.8,91.7,obstacle_medium,indoor_assist
2026-03-13 13:29:00,Friday,13,227.3,91.6,obstacle_medium,indoor_assist
2026-03-13 13:29:30,Friday,13,202.7,91.6,none,navigation
2026-03-13 13:30:00,Friday,13,192.3,91.6,none,indoor_assist
2026-03-13 13:30:30,Friday,13,130.0,91.6,none,indoor_assist
2026-03-13 13:31:00,Friday,13,210.1,91.6,obstacle_medium,indoor_assist
2026-03-13 13:31:30,Friday,13,167.5,91.5,obstacle_medium,navigation
2026-03-13 13:32:00,Friday,13,182.4,91.5,obstacle_medium,standby
2026-03-13 13:32:30,Friday,13,178.3,91.5,none,navigation
2026-03-13 13:33:00,Friday,13,145.9,91.5,none,navigation
2026-03-13 13:33:30,Friday,13,211.9,91.5,none,navigation
2026-03-13 13:34:00,Friday,13,253.2,91.4,none,indoor_assist
2026-03-13 13:34:30,Friday,13,182.0,91.4,obstacle_medium,navigation
2026-03-13 13:35:00,Friday,13,230.9,91.4,obstacle_medium,standby
2026-03-13 13:35:30,Friday,13,224.2,91.4,none,standby
2026-03-13 13:36:00,Friday,13,245.7,91.4,none,navigation
2026-03-13 13:36:30,Friday,13,229.3,91.3,none,navigation
2026-03-13 13:37:00,Friday,13,170.9,91.3,none,navigation
2026-03-13 13:37:30,Friday,13,176.9,91.3,none,standby
2026-03-13 13:38:00,Friday,13,244.6,91.3,obstacle_medium,navigation
2026-03-13 13:38:30,Friday,13,194.6,91.3,none,standby
2026-03-13 13:39:00,Friday,13,176.2,91.2,none,navigation
2026-03-13 13:39:30,Friday,13,200.0,91.2,none,navigation
2026-03-13 13:40:00,Friday,13,154.8,91.2,none,navigation
2026-03-13 13:40:30,Friday,13,131.4,91.2,obstacle_near,navigation
2026-03-13 13:41:00,Friday,13,209.0,91.2,none,navigation
2026-03-13 13:41:30,Friday,13,186.9,91.1,none,indoor_assist
2026-03-13 13:42:00,Friday,13,206.2,91.1,none,standby
2026-03-13 13:42:30,Friday,13,130.5,91.1,obstacle_medium,indoor_assist
2026-03-13 13:43:00,Friday,13,198.1,91.1,obstacle_medium,navigation
2026-03-13 13:43:30,Friday,13,184.4,91.1,fall_detected,indoor_assist
2026-03-13 13:44:00,Friday,13,176.2,91.0,none,navigation
2026-03-13 13:44:30,Friday,13,198.5,91.0,obstacle_medium,navigation
2026-03-13 13:45:00,Friday,13,230.1,91.0,low_battery,navigation
2026-03-13 13:45:30,Friday,13,193.4,91.0,none,navigation
2026-03-13 13:46:00,Friday,13,216.6,91.0,none,navigation
2026-03-13 13:46:30,Friday,13,207.3,90.9,none,navigation
2026-03-13 13:47:00,Friday,13,264.5,90.9,obstacle_near,navigation
2026-03-13 13:47:30,Friday,13,205.9,90.9,obstacle_medium,navigation
2026-03-13 13:48:00,Friday,13,236.1,90.9,fall_detected,navigation
2026-03-13 13:48:30,Friday,13,204.1,90.9,none,navigation
2026-03-13 13:49:00,Friday,13,201.0,90.8,obstacle_near,indoor_assist
2026-03-13 13:49:30,Friday,13,214.5,90.8,none,indoor_assist
2026-03-13 13:50:00,Friday,13,215.3,90.8,obstacle_medium,indoor_assist
2026-03-13 13:50:30,Friday,13,199.9,90.8,obstacle_near,standby
2026-03-13 13:51:00,Friday,13,217.4,90.8,none,indoor_assist
2026-03-13 13:51:30,Friday,13,176.1,90.7,none,navigation
2026-03-13 13:52:00,Friday,13,130.1,90.7,none,indoor_assist
2026-03-13 13:52:30,Friday,13,202.4,90.7,none,indoor_assist
2026-03-13 13:53:00,Friday,13,192.8,90.7,none,navigation
2026-03-13 13:53:30,Friday,13,151.3,90.7,none,indoor_assist
2026-03-13 13:54:00,Friday,13,172.1,90.6,none,standby
2026-03-13 13:54:30,Friday,13,285.6,90.6,none,indoor_assist
2026-03-13 13:55:00,Friday,13,177.0,90.6,fall_detected,navigation
2026-03-13 13:55:30,Friday,13,202.9,90.6,none,indoor_assist
2026-03-13 13:56:00,Friday,13,235.6,90.6,none,navigation
2026-03-13 13:56:30,Friday,13,193.8,90.5,obstacle_medium,navigation
2026-03-13 13:57:00,Friday,13,237.8,90.5,obstacle_medium,navigation
2026-03-13 13:57:30,Friday,13,136.1,90.5,none,navigation
2026-03-13 13:58:00,Friday,13,180.0,90.5,none,navigation
2026-03-13 13:58:30,Friday,13,167.5,90.5,none,indoor_assist
2026-03-13 13:59:00,Friday,13,225.1,90.4,none,navigation
2026-03-13 13:59:30,Friday,13,194.0,90.4,low_battery,indoor_assist
2026-03-13 14:00:00,Friday,14,228.4,90.4,none,navigation
2026-03-13 14:00:30,Friday,14,202.2,90.4,none,navigation
2026-03-13 14:01:00,Friday,14,168.7,90.4,none,navigation
2026-03-13 14:01:30,Friday,14,264.7,90.3,none,indoor_assist
2026-03-13 14:02:00,Friday,14,220.8,90.3,obstacle_medium,navigation
2026-03-13 14:02:30,Friday,14,175.8,90.3,obstacle_near,navigation
2026-03-13 14:03:00,Friday,14,235.2,90.3,none,indoor_assist
2026-03-13 14:03:30,Friday,14,167.5,90.3,none,navigation
2026-03-13 14:04:00,Friday,14,132.5,90.2,none,indoor_assist
2026-03-13 14:04:30,Friday,14,197.0,90.2,none,indoor_assist
2026-03-13 14:05:00,Friday,14,216.7,90.2,none,navigation
2026-03-13 14:05:30,Friday,14,196.6,90.2,none,indoor_assist
2026-03-13 14:06:00,Friday,14,221.2,90.2,none,navigation
2026-03-13 14:06:30,Friday,14,210.0,90.1,obstacle_medium,standby
2026-03-13 14:07:00,Friday,14,187.2,90.1,none,standby
2026-03-13 14:07:30,Friday,14,185.1,90.1,obstacle_medium,standby
2026-03-13 14:08:00,Friday,14,224.9,90.1,obstacle_medium,navigation
2026-03-13 14:08:30,Friday,14,202.7,90.1,none,standby
2026-03-13 14:09:00,Friday,14,174.5,90.0,none,indoor_assist
2026-03-13 14:09:30,Friday,14,191.4,90.0,none,indoor_assist
2026-03-13 14:10:00,Friday,14,218.4,90.0,none,navigation
2026-03-13 14:10:30,Friday,14,120.8,90.0,none,standby
2026-03-13 14:11:00,Friday,14,205.7,90.0,none,navigation
2026-03-13 14:11:30,Friday,14,205.0,89.9,obstacle_near,navigation
2026-03-13 14:12:00,Friday,14,212.5,89.9,none,indoor_assist
2026-03-13 14:12:30,Friday,14,201.9,89.9,none,navigation
2026-03-13 14:13:00,Friday,14,191.7,89.9,obstacle_medium,standby
2026-03-13 14:13:30,Friday,14,151.1,89.9,obstacle_medium,indoor_assist
2026-03-13 14:14:00,Friday,14,228.2,89.8,none,navigation
2026-03-13 14:14:30,Friday,14,185.7,89.8,none,navigation
2026-03-13 14:15:00,Friday,14,171.5,89.8,none,navigation
2026-03-13 14:15:30,Friday,14,194.1,89.8,none,navigation
2026-03-13 14:16:00,Friday,14,225.1,89.8,none,indoor_assist
2026-03-13 14:16:30,Friday,14,142.0,89.7,none,indoor_assist
2026-03-13 14:17:00,Friday,14,225.2,89.7,obstacle_medium,navigation
2026-03-13 14:17:30,Friday,14,195.3,89.7,none,standby
2026-03-13 14:18:00,Friday,14,215.2,89.7,none,navigation
2026-03-13 14:18:30,Friday,14,179.7,89.7,none,navigation
2026-03-13 14:19:00,Friday,14,235.2,89.6,none,indoor_assist
2026-03-13 14:19:30,Friday,14,201.5,89.6,obstacle_medium,indoor_assist
2026-03-13 14:20:00,Friday,14,183.0,89.6,fall_detected,indoor_assist
2026-03-13 14:20:30,Friday,14,200.9,89.6,none,navigation
2026-03-13 14:21:00,Friday,14,184.6,89.6,none,indoor_assist
2026-03-13 14:21:30,Friday,14,209.8,89.5,none,navigation
2026-03-13 14:22:00,Friday,14,128.4,89.5,none,standby
2026-03-13 14:22:30,Friday,14,219.0,89.5,none,indoor_assist
2026-03-13 14:23:00,Friday,14,191.5,89.5,none,indoor_assist
2026-03-13 14:23:30,Friday,14,171.6,89.5,none,navigation
2026-03-13 14:24:00,Friday,14,258.9,89.4,none,indoor_assist
2026-03-13 14:24:30,Friday,14,262.7,89.4,none,standby
2026-03-13 14:25:00,Friday,14,219.4,89.4,none,navigation
2026-03-13 14:25:30,Friday,14,174.1,89.4,none,navigation
2026-03-13 14:26:00,Friday,14,221.3,89.4,none,indoor_assist
2026-03-13 14:26:30,Friday,14,161.2,89.3,none,navigation
2026-03-13 14:27:00,Friday,14,214.2,89.3,none,indoor_assist
2026-03-13 14:27:30,Friday,14,197.7,89.3,none,navigation
2026-03-13 14:28:00,Friday,14,213.4,89.3,none,indoor_assist
2026-03-13 14:28:30,Friday,14,217.4,89.3,none,navigation
2026-03-13 14:29:00,Friday,14,157.0,89.2,none,navigation
2026-03-13 14:29:30,Friday,14,223.9,89.2,obstacle_medium,navigation
2026-03-13 14:30:00,Friday,14,208.1,89.2,low_battery,indoor_assist
2026-03-13 14:30:30,Friday,14,169.1,89.2,none,navigation
2026-03-13 14:31:00,Friday,14,183.6,89.2,none,indoor_assist
2026-03-13 14:31:30,Friday,14,191.6,89.1,low_battery,navigation
2026-03-13 14:32:00,Friday,14,221.3,89.1,obstacle_medium,indoor_assist
2026-03-13 14:32:30,Friday,14,153.5,89.1,none,navigation
2026-03-13 14:33:00,Friday,14,164.9,89.1,none,navigation
2026-03-13 14:33:30,Friday,14,188.5,89.1,none,navigation
2026-03-13 14:34:00,Friday,14,207.0,89.0,none,indoor_assist
2026-03-13 14:34:30,Friday,14,244.6,89.0,none,indoor_assist
2026-03-13 14:35:00,Friday,14,194.0,89.0,low_battery,indoor_assist
2026-03-13 14:35:30,Friday,14,163.7,89.0,none,standby
2026-03-13 14:36:00,Friday,14,150.2,89.0,obstacle_near,indoor_assist
2026-03-13 14:36:30,Friday,14,233.8,88.9,none,standby
2026-03-13 14:37:00,Friday,14,207.4,88.9,none,navigation
2026-03-13 14:37:30,Friday,14,216.2,88.9,none,navigation
2026-03-13 14:38:00,Friday,14,206.2,88.9,none,navigation
2026-03-13 14:38:30,Friday,14,181.8,88.9,none,navigation
2026-03-13 14:39:00,Friday,14,198.6,88.8,obstacle_near,standby
2026-03-13 14:39:30,Friday,14,163.3,88.8,none,navigation
2026-03-13 14:40:00,Friday,14,192.4,88.8,none,standby
2026-03-13 14:40:30,Friday,14,139.6,88.8,obstacle_medium,navigation
2026-03-13 14:41:00,Friday,14,195.5,88.8,none,indoor_assist
2026-03-13 14:41:30,Friday,14,186.6,88.7,none,standby
2026-03-13 14:42:00,Friday,14,212.4,88.7,low_battery,standby
2026-03-13 14:42:30,Friday,14,204.0,88.7,obstacle_medium,standby
2026-03-13 14:43:00,Friday,14,185.2,88.7,obstacle_medium,indoor_assist
2026-03-13 14:43:30,Friday,14,202.4,88.7,none,indoor_assist
2026-03-13 14:44:00,Friday,14,157.4,88.6,none,indoor_assist
2026-03-13 14:44:30,Friday,14,209.1,88.6,obstacle_medium,indoor_assist
2026-03-13 14:45:00,Friday,14,147.6,88.6,none,standby
2026-03-13 14:45:30,Friday,14,244.5,88.6,none,indoor_assist
2026-03-13 14:46:00,Friday,14,200.1,88.6,none,navigation
2026-03-13 14:46:30,Friday,14,190.3,88.5,none,indoor_assist
2026-03-13 14:47:00,Friday,14,163.5,88.5,none,navigation
2026-03-13 14:47:30,Friday,14,158.0,88.5,obstacle_near,navigation
2026-03-13 14:48:00,Friday,14,208.8,88.5,obstacle_medium,indoor_assist
2026-03-13 14:48:30,Friday,14,231.0,88.5,none,navigation
2026-03-13 14:49:00,Friday,14,233.9,88.4,none,indoor_assist
2026-03-13 14:49:30,Friday,14,182.1,88.4,none,navigation
2026-03-13 14:50:00,Friday,14,221.9,88.4,none,indoor_assist
2026-03-13 14:50:30,Friday,14,225.6,88.4,none,standby
2026-03-13 14:51:00,Friday,14,205.6,88.4,none,navigation
2026-03-13 14:51:30,Friday,14,204.4,88.3,none,standby
2026-03-13 14:52:00,Friday,14,235.8,88.3,none,standby
2026-03-13 14:52:30,Friday,14,252.5,88.3,none,standby
2026-03-13 14:53:00,Friday,14,199.7,88.3,obstacle_medium,navigation
2026-03-13 14:53:30,Friday,14,234.8,88.3,none,navigation
2026-03-13 14:54:00,Friday,14,170.4,88.2,none,standby
2026-03-13 14:54:30,Friday,14,210.1,88.2,obstacle_near,indoor_assist
2026-03-13 14:55:00,Friday,14,157.0,88.2,none,navigation
2026-03-13 14:55:30,Friday,14,186.9,88.2,none,standby
2026-03-13 14:56:00,Friday,14,194.8,88.2,none,indoor_assist
2026-03-13 14:56:30,Friday,14,200.0,88.1,low_battery,indoor_assist
2026-03-13 14:57:00,Friday,14,240.6,88.1,none,navigation
2026-03-13 14:57:30,Friday,14,246.0,88.1,none,navigation
2026-03-13 14:58:00,Friday,14,292.2,88.1,none,indoor_assist
2026-03-13 14:58:30,Friday,14,222.5,88.1,none,indoor_assist
2026-03-13 14:59:00,Friday,14,197.3,88.0,obstacle_near,indoor_assist
2026-03-13 14:59:30,Friday,14,244.4,88.0,none,navigation
2026-03-13 15:00:00,Friday,15,157.6,100.0,fall_detected,indoor_assist
2026-03-13 15:00:30,Friday,15,217.7,100.0,none,navigation
2026-03-13 15:01:00,Friday,15,199.4,100.0,obstacle_medium,navigation
2026-03-13 15:01:30,Friday,15,138.5,99.9,none,indoor_assist
2026-03-13 15:02:00,Friday,15,244.1,99.9,none,navigation
2026-03-13 15:02:30,Friday,15,165.7,99.9,none,navigation
2026-03-13 15:03:00,Friday,15,145.2,99.9,none,indoor_assist
2026-03-13 15:03:30,Friday,15,263.0,99.9,none,standby
2026-03-13 15:04:00,Friday,15,232.3,99.8,none,indoor_assist
2026-03-13 15:04:30,Friday,15,248.5,99.8,none,standby
2026-03-13 15:05:00,Friday,15,178.2,99.8,none,indoor_assist
2026-03-13 15:05:30,Friday,15,188.4,99.8,obstacle_medium,navigation
2026-03-13 15:06:00,Friday,15,242.0,99.8,none,indoor_assist
2026-03-13 15:06:30,Friday,15,174.4,99.7,none,navigation
2026-03-13 15:07:00,Friday,15,202.3,99.7,none,navigation
2026-03-13 15:07:30,Friday,15,216.8,99.7,none,navigation
2026-03-13 15:08:00,Friday,15,213.4,99.7,none,navigation
2026-03-13 15:08:30,Friday,15,164.5,99.7,none,navigation
2026-03-13 15:09:00,Friday,15,165.3,99.6,none,navigation
2026-03-13 15:09:30,Friday,15,138.9,99.6,none,navigation
2026-03-13 15:10:00,Friday,15,174.5,99.6,none,navigation
2026-03-13 15:10:30,Friday,15,249.4,99.6,none,navigation
2026-03-13 15:11:00,Friday,15,234.8,99.6,none,indoor_assist
2026-03-13 15:11:30,Friday,15,198.6,99.5,none,standby
2026-03-13 15:12:00,Friday,15,190.4,99.5,none,indoor_assist
2026-03-13 15:12:30,Friday,15,220.4,99.5,none,navigation
2026-03-13 15:13:00,Friday,15,188.5,99.5,none,navigation
2026-03-13 15:13:30,Friday,15,196.6,99.5,none,navigation
2026-03-13 15:14:00,Friday,15,157.3,99.4,none,navigation
2026-03-13 15:14:30,Friday,15,172.0,99.4,none,navigation
2026-03-13 15:15:00,Friday,15,226.1,99.4,none,indoor_assist
2026-03-13 15:15:30,Friday,15,166.0,99.4,none,navigation
2026-03-13 15:16:00,Friday,15,187.1,99.4,none,navigation
2026-03-13 15:16:30,Friday,15,211.6,99.3,none,standby
2026-03-13 15:17:00,Friday,15,204.3,99.3,none,navigation
2026-03-13 15:17:30,Friday,15,168.8,99.3,none,navigation
2026-03-13 15:18:00,Friday,15,219.9,99.3,none,navigation
2026-03-13 15:18:30,Friday,15,203.5,99.3,none,indoor_assist
2026-03-13 15:19:00,Friday,15,201.0,99.2,none,indoor_assist
2026-03-13 15:19:30,Friday,15,165.7,99.2,none,indoor_assist
2026-03-13 15:20:00,Friday,15,207.2,99.2,none,navigation
2026-03-13 15:20:30,Friday,15,233.9,99.2,obstacle_near,navigation
2026-03-13 15:21:00,Friday,15,147.9,99.2,none,indoor_assist
2026-03-13 15:21:30,Friday,15,219.7,99.1,none,navigation
2026-03-13 15:22:00,Friday,15,204.0,99.1,none,navigation
2026-03-13 15:22:30,Friday,15,208.7,99.1,none,navigation
2026-03-13 15:23:00,Friday,15,116.7,99.1,none,navigation
2026-03-13 15:23:30,Friday,15,185.2,99.1,none,navigation
2026-03-13 15:24:00,Friday,15,229.9,99.0,low_battery,navigation
2026-03-13 15:24:30,Friday,15,208.8,99.0,none,navigation
2026-03-13 15:25:00,Friday,15,209.2,99.0,obstacle_near,indoor_assist
2026-03-13 15:25:30,Friday,15,233.0,99.0,obstacle_medium,navigation
2026-03-13 15:26:00,Friday,15,188.5,99.0,none,navigation
2026-03-13 15:26:30,Friday,15,122.5,98.9,obstacle_medium,indoor_assist
2026-03-13 15:27:00,Friday,15,207.4,98.9,none,indoor_assist
2026-03-13 15:27:30,Friday,15,236.1,98.9,none,navigation
2026-03-13 15:28:00,Friday,15,196.5,98.9,low_battery,standby
2026-03-13 15:28:30,Friday,15,193.4,98.9,none,navigation
2026-03-13 15:29:00,Friday,15,192.0,98.8,none,indoor_assist
2026-03-13 15:29:30,Friday,15,183.1,98.8,none,navigation
2026-03-13 15:30:00,Friday,15,196.1,98.8,none,indoor_assist
2026-03-13 15:30:30,Friday,15,205.6,98.8,none,navigation
2026-03-13 15:31:00,Friday,15,156.4,98.8,none,navigation
2026-03-13 15:31:30,Friday,15,176.8,98.7,none,navigation
2026-03-13 15:32:00,Friday,15,199.8,98.7,obstacle_medium,indoor_assist
2026-03-13 15:32:30,Friday,15,204.0,98.7,none,navigation
2026-03-13 15:33:00,Friday,15,197.1,98.7,none,navigation
2026-03-13 15:33:30,Friday,15,164.8,98.7,none,navigation
2026-03-13 15:34:00,Friday,15,188.9,98.6,none,navigation
2026-03-13 15:34:30,Friday,15,204.7,98.6,none,indoor_assist
2026-03-13 15:35:00,Friday,15,211.4,98.6,obstacle_medium,navigation
2026-03-13 15:35:30,Friday,15,215.1,98.6,none,navigation
2026-03-13 15:36:00,Friday,15,202.9,98.6,obstacle_medium,standby
2026-03-13 15:36:30,Friday,15,210.1,98.5,obstacle_medium,navigation
2026-03-13 15:37:00,Friday,15,204.1,98.5,none,indoor_assist
2026-03-13 15:37:30,Friday,15,143.1,98.5,none,indoor_assist
2026-03-13 15:38:00,Friday,15,214.0,98.5,obstacle_medium,indoor_assist
2026-03-13 15:38:30,Friday,15,197.2,98.5,obstacle_medium,standby
2026-03-13 15:39:00,Friday,15,182.8,98.4,none,navigation
2026-03-13 15:39:30,Friday,15,217.9,98.4,none,navigation
2026-03-13 15:40:00,Friday,15,206.3,98.4,none,indoor_assist
2026-03-13 15:40:30,Friday,15,212.5,98.4,obstacle_medium,standby
2026-03-13 15:41:00,Friday,15,203.2,98.4,obstacle_medium,navigation
2026-03-13 15:41:30,Friday,15,206.6,98.3,none,indoor_assist
2026-03-13 15:42:00,Friday,15,187.2,98.3,none,navigation
2026-03-13 15:42:30,Friday,15,195.9,98.3,none,navigation
2026-03-13 15:43:00,Friday,15,205.0,98.3,none,standby
2026-03-13 15:43:30,Friday,15,190.7,98.3,none,standby
2026-03-13 15:44:00,Friday,15,204.0,98.2,none,navigation
2026-03-13 15:44:30,Friday,15,132.4,98.2,none,navigation
2026-03-13 15:45:00,Friday,15,211.2,98.2,none,standby
2026-03-13 15:45:30,Friday,15,138.2,98.2,low_battery,navigation
2026-03-13 15:46:00,Friday,15,222.7,98.2,obstacle_medium,standby
2026-03-13 15:46:30,Friday,15,252.2,98.1,none,navigation
2026-03-13 15:47:00,Friday,15,241.3,98.1,obstacle_medium,navigation
2026-03-13 15:47:30,Friday,15,235.6,98.1,none,standby
2026-03-13 15:48:00,Friday,15,202.7,98.1,obstacle_medium,indoor_assist
2026-03-13 15:48:30,Friday,15,198.4,98.1,none,indoor_assist
2026-03-13 15:49:00,Friday,15,195.2,98.0,none,indoor_assist
2026-03-13 15:49:30,Friday,15,209.5,98.0,none,standby
2026-03-13 15:50:00,Friday,15,178.9,98.0,obstacle_medium,indoor_assist
2026-03-13 15:50:30,Friday,15,241.4,98.0,obstacle_medium,indoor_assist
2026-03-13 15:51:00,Friday,15,234.9,98.0,none,navigation
2026-03-13 15:51:30,Friday,15,198.1,97.9,none,navigation
2026-03-13 15:52:00,Friday,15,178.9,97.9,obstacle_near,standby
2026-03-13 15:52:30,Friday,15,218.0,97.9,none,navigation
2026-03-13 15:53:00,Friday,15,222.4,97.9,none,navigation
2026-03-13 15:53:30,Friday,15,222.6,97.9,none,navigation
2026-03-13 15:54:00,Friday,15,224.8,97.8,none,standby
2026-03-13 15:54:30,Friday,15,171.1,97.8,none,navigation
2026-03-13 15:55:00,Friday,15,199.7,97.8,obstacle_near,indoor_assist
2026-03-13 15:55:30,Friday,15,160.1,97.8,none,indoor_assist
2026-03-13 15:56:00,Friday,15,199.3,97.8,none,standby
2026-03-13 15:56:30,Friday,15,202.1,97.7,none,indoor_assist
2026-03-13 15:57:00,Friday,15,209.0,97.7,obstacle_near,indoor_assist
2026-03-13 15:57:30,Friday,15,201.2,97.7,obstacle_medium,standby
2026-03-13 15:58:00,Friday,15,222.6,97.7,obstacle_medium,indoor_assist
2026-03-13 15:58:30,Friday,15,166.6,97.7,none,indoor_assist
2026-03-13 15:59:00,Friday,15,258.3,97.6,fall_detected,navigation
2026-03-13 15:59:30,Friday,15,178.8,97.6,low_battery,indoor_assist
2026-03-13 16:00:00,Friday,16,140.9,97.6,none,navigation
2026-03-13 16:00:30,Friday,16,124.6,97.6,obstacle_medium,navigation
2026-03-13 16:01:00,Friday,16,138.2,97.6,none,navigation
2026-03-13 16:01:30,Friday,16,120.7,97.5,none,standby
2026-03-13 16:02:00,Friday,16,129.4,97.5,none,navigation
2026-03-13 16:02:30,Friday,16,94.1,97.5,none,navigation
2026-03-13 16:03:00,Friday,16,106.0,97.5,none,standby
2026-03-13 16:03:30,Friday,16,142.8,97.5,obstacle_medium,navigation
2026-03-13 16:04:00,Friday,16,81.9,97.4,none,indoor_assist
2026-03-13 16:04:30,Friday,16,119.0,97.4,obstacle_medium,navigation
2026-03-13 16:05:00,Friday,16,123.2,97.4,obstacle_medium,indoor_assist
2026-03-13 16:05:30,Friday,16,100.6,97.4,none,navigation
2026-03-13 16:06:00,Friday,16,116.8,97.4,none,navigation
2026-03-13 16:06:30,Friday,16,121.6,97.3,none,indoor_assist
2026-03-13 16:07:00,Friday,16,110.6,97.3,none,indoor_assist
2026-03-13 16:07:30,Friday,16,107.9,97.3,none,navigation
2026-03-13 16:08:00,Friday,16,127.5,97.3,none,indoor_assist
2026-03-13 16:08:30,Friday,16,112.9,97.3,none,standby
2026-03-13 16:09:00,Friday,16,88.4,97.2,none,navigation
2026-03-13 16:09:30,Friday,16,93.2,97.2,fall_detected,navigation
2026-03-13 16:10:00,Friday,16,131.0,97.2,none,navigation
2026-03-13 16:10:30,Friday,16,152.6,97.2,obstacle_medium,standby
2026-03-13 16:11:00,Friday,16,89.9,97.2,none,indoor_assist
2026-03-13 16:11:30,Friday,16,146.9,97.1,none,standby
2026-03-13 16:12:00,Friday,16,72.2,97.1,obstacle_medium,navigation
2026-03-13 16:12:30,Friday,16,193.4,97.1,none,navigation
2026-03-13 16:13:00,Friday,16,124.5,97.1,fall_detected,navigation
2026-03-13 16:13:30,Friday,16,154.1,97.1,none,standby
2026-03-13 16:14:00,Friday,16,116.0,97.0,none,indoor_assist
2026-03-13 16:14:30,Friday,16,146.0,97.0,none,navigation
2026-03-13 16:15:00,Friday,16,172.0,97.0,none,standby
2026-03-13 16:15:30,Friday,16,159.3,97.0,none,navigation
2026-03-13 16:16:00,Friday,16,120.7,97.0,none,navigation
2026-03-13 16:16:30,Friday,16,113.1,96.9,none,indoor_assist
2026-03-13 16:17:00,Friday,16,112.9,96.9,low_battery,navigation
2026-03-13 16:17:30,Friday,16,180.7,96.9,none,navigation
2026-03-13 16:18:00,Friday,16,98.5,96.9,none,navigation
2026-03-13 16:18:30,Friday,16,64.5,96.9,obstacle_medium,indoor_assist
2026-03-13 16:19:00,Friday,16,145.3,96.8,obstacle_medium,navigation
2026-03-13 16:19:30,Friday,16,150.5,96.8,none,indoor_assist
2026-03-13 16:20:00,Friday,16,57.5,96.8,obstacle_medium,navigation
2026-03-13 16:20:30,Friday,16,144.0,96.8,none,standby
2026-03-13 16:21:00,Friday,16,85.3,96.8,none,navigation
2026-03-13 16:21:30,Friday,16,155.0,96.7,obstacle_medium,indoor_assist
2026-03-13 16:22:00,Friday,16,114.0,96.7,none,navigation
2026-03-13 16:22:30,Friday,16,97.8,96.7,none,indoor_assist
2026-03-13 16:23:00,Friday,16,78.8,96.7,obstacle_medium,navigation
2026-03-13 16:23:30,Friday,16,93.6,96.7,none,navigation
2026-03-13 16:24:00,Friday,16,81.4,96.6,none,navigation
2026-03-13 16:24:30,Friday,16,137.8,96.6,obstacle_medium,navigation
2026-03-13 16:25:00,Friday,16,139.3,96.6,none,navigation
2026-03-13 16:25:30,Friday,16,155.1,96.6,none,indoor_assist
2026-03-13 16:26:00,Friday,16,145.6,96.6,none,indoor_assist
2026-03-13 16:26:30,Friday,16,129.6,96.5,none,navigation
2026-03-13 16:27:00,Friday,16,140.1,96.5,none,indoor_assist
2026-03-13 16:27:30,Friday,16,101.9,96.5,none,indoor_assist
2026-03-13 16:28:00,Friday,16,138.0,96.5,none,navigation
2026-03-13 16:28:30,Friday,16,87.1,96.5,none,indoor_assist
2026-03-13 16:29:00,Friday,16,155.0,96.4,obstacle_near,indoor_assist
2026-03-13 16:29:30,Friday,16,159.7,96.4,none,navigation
2026-03-13 16:30:00,Friday,16,104.3,96.4,none,navigation
2026-03-13 16:30:30,Friday,16,110.8,96.4,none,standby
2026-03-13 16:31:00,Friday,16,119.0,96.4,none,navigation
2026-03-13 16:31:30,Friday,16,107.8,96.3,obstacle_medium,navigation
2026-03-13 16:32:00,Friday,16,90.3,96.3,none,navigation
2026-03-13 16:32:30,Friday,16,160.6,96.3,none,standby
2026-03-13 16:33:00,Friday,16,78.1,96.3,obstacle_medium,navigation
2026-03-13 16:33:30,Friday,16,148.2,96.3,none,navigation
2026-03-13 16:34:00,Friday,16,124.1,96.2,none,navigation
2026-03-13 16:34:30,Friday,16,58.3,96.2,obstacle_medium,indoor_assist
2026-03-13 16:35:00,Friday,16,120.7,96.2,low_battery,indoor_assist
2026-03-13 16:35:30,Friday,16,144.0,96.2,none,indoor_assist
2026-03-13 16:36:00,Friday,16,85.5,96.2,none,indoor_assist
2026-03-13 16:36:30,Friday,16,93.1,96.1,none,navigation
2026-03-13 16:37:00,Friday,16,101.2,96.1,none,navigation
2026-03-13 16:37:30,Friday,16,133.9,96.1,none,standby
2026-03-13 16:38:00,Friday,16,107.3,96.1,obstacle_near,indoor_assist
2026-03-13 16:38:30,Friday,16,135.1,96.1,none,navigation
2026-03-13 16:39:00,Friday,16,121.4,96.0,none,navigation
2026-03-13 16:39:30,Friday,16,131.8,96.0,obstacle_medium,navigation
2026-03-13 16:40:00,Friday,16,132.7,96.0,obstacle_medium,navigation
2026-03-13 16:40:30,Friday,16,159.7,96.0,none,navigation
2026-03-13 16:41:00,Friday,16,95.3,96.0,obstacle_near,navigation
2026-03-13 16:41:30,Friday,16,103.9,95.9,none,standby
2026-03-13 16:42:00,Friday,16,141.5,95.9,obstacle_near,navigation
2026-03-13 16:42:30,Friday,16,147.2,95.9,none,standby
2026-03-13 16:43:00,Friday,16,119.4,95.9,obstacle_near,standby
2026-03-13 16:43:30,Friday,16,63.4,95.9,obstacle_medium,navigation
2026-03-13 16:44:00,Friday,16,127.2,95.8,none,navigation
2026-03-13 16:44:30,Friday,16,155.9,95.8,none,navigation
2026-03-13 16:45:00,Friday,16,131.0,95.8,obstacle_medium,indoor_assist
2026-03-13 16:45:30,Friday,16,141.2,95.8,none,standby
2026-03-13 16:46:00,Friday,16,110.6,95.8,none,navigation
2026-03-13 16:46:30,Friday,16,102.0,95.7,none,navigation
2026-03-13 16:47:00,Friday,16,158.3,95.7,low_battery,navigation
2026-03-13 16:47:30,Friday,16,103.9,95.7,none,navigation
2026-03-13 16:48:00,Friday,16,124.2,95.7,none,standby
2026-03-13 16:48:30,Friday,16,133.0,95.7,low_battery,standby
2026-03-13 16:49:00,Friday,16,126.2,95.6,none,standby
2026-03-13 16:49:30,Friday,16,137.8,95.6,none,navigation
2026-03-13 16:50:00,Friday,16,61.1,95.6,obstacle_medium,standby
2026-03-13 16:50:30,Friday,16,152.3,95.6,obstacle_medium,navigation
2026-03-13 16:51:00,Friday,16,109.0,95.6,obstacle_near,navigation
2026-03-13 16:51:30,Friday,16,160.5,95.5,none,navigation
2026-03-13 16:52:00,Friday,16,107.2,95.5,none,navigation
2026-03-13 16:52:30,Friday,16,144.2,95.5,none,indoor_assist
2026-03-13 16:53:00,Friday,16,78.5,95.5,obstacle_medium,navigation
2026-03-13 16:53:30,Friday,16,121.5,95.5,obstacle_medium,standby
2026-03-13 16:54:00,Friday,16,115.1,95.4,none,indoor_assist
2026-03-13 16:54:30,Friday,16,140.5,95.4,obstacle_near,navigation
2026-03-13 16:55:00,Friday,16,125.3,95.4,none,indoor_assist
2026-03-13 16:55:30,Friday,16,147.1,95.4,none,navigation
2026-03-13 16:56:00,Friday,16,118.6,95.4,none,navigation
2026-03-13 16:56:30,Friday,16,159.0,95.3,none,indoor_assist
2026-03-13 16:57:00,Friday,16,105.3,95.3,none,navigation
2026-03-13 16:57:30,Friday,16,135.7,95.3,none,navigation
2026-03-13 16:58:00,Friday,16,113.0,95.3,none,indoor_assist
2026-03-13 16:58:30,Friday,16,102.9,95.3,low_battery,indoor_assist
2026-03-13 16:59:00,Friday,16,122.4,95.2,none,indoor_assist
2026-03-13 16:59:30,Friday,16,119.7,95.2,none,standby
2026-03-13 17:00:00,Friday,17,48.5,95.2,obstacle_medium,navigation
2026-03-13 17:00:30,Friday,17,128.2,95.2,low_battery,navigation
2026-03-13 17:01:00,Friday,17,115.4,95.2,none,indoor_assist
2026-03-13 17:01:30,Friday,17,117.1,95.1,obstacle_medium,indoor_assist
2026-03-13 17:02:00,Friday,17,117.6,95.1,none,indoor_assist
2026-03-13 17:02:30,Friday,17,151.6,95.1,none,indoor_assist
2026-03-13 17:03:00,Friday,17,111.0,95.1,none,indoor_assist
2026-03-13 17:03:30,Friday,17,151.9,95.1,low_battery,navigation
2026-03-13 17:04:00,Friday,17,96.9,95.0,none,navigation
2026-03-13 17:04:30,Friday,17,137.7,95.0,none,standby
2026-03-13 17:05:00,Friday,17,136.7,95.0,none,navigation
2026-03-13 17:05:30,Friday,17,104.0,95.0,none,navigation
2026-03-13 17:06:00,Friday,17,123.9,95.0,none,standby
2026-03-13 17:06:30,Friday,17,157.9,94.9,obstacle_near,indoor_assist
2026-03-13 17:07:00,Friday,17,129.5,94.9,none,indoor_assist
2026-03-13 17:07:30,Friday,17,111.4,94.9,none,navigation
2026-03-13 17:08:00,Friday,17,150.6,94.9,none,navigation
2026-03-13 17:08:30,Friday,17,132.1,94.9,none,navigation
2026-03-13 17:09:00,Friday,17,93.1,94.8,none,indoor_assist
2026-03-13 17:09:30,Friday,17,117.1,94.8,none,navigation
2026-03-13 17:10:00,Friday,17,114.5,94.8,none,standby
2026-03-13 17:10:30,Friday,17,141.3,94.8,obstacle_near,standby
2026-03-13 17:11:00,Friday,17,123.1,94.8,low_battery,navigation
2026-03-13 17:11:30,Friday,17,142.4,94.7,none,navigation
2026-03-13 17:12:00,Friday,17,85.7,94.7,none,navigation
2026-03-13 17:12:30,Friday,17,146.2,94.7,none,indoor_assist
2026-03-13 17:13:00,Friday,17,131.6,94.7,none,navigation
2026-03-13 17:13:30,Friday,17,110.1,94.7,obstacle_medium,navigation
2026-03-13 17:14:00,Friday,17,161.3,94.6,none,indoor_assist
2026-03-13 17:14:30,Friday,17,68.5,94.6,obstacle_medium,indoor_assist
2026-03-13 17:15:00,Friday,17,78.6,94.6,obstacle_medium,navigation
2026-03-13 17:15:30,Friday,17,132.8,94.6,none,indoor_assist
2026-03-13 17:16:00,Friday,17,123.3,94.6,none,navigation
2026-03-13 17:16:30,Friday,17,111.3,94.5,none,navigation
2026-03-13 17:17:00,Friday,17,137.9,94.5,none,standby
2026-03-13 17:17:30,Friday,17,77.3,94.5,obstacle_medium,navigation
2026-03-13 17:18:00,Friday,17,80.1,94.5,none,standby
2026-03-13 17:18:30,Friday,17,149.1,94.5,none,navigation
2026-03-13 17:19:00,Friday,17,107.8,94.4,obstacle_medium,indoor_assist
2026-03-13 17:19:30,Friday,17,97.6,94.4,none,navigation
2026-03-13 17:20:00,Friday,17,97.0,94.4,none,indoor_assist
2026-03-13 17:20:30,Friday,17,89.2,94.4,none,navigation
2026-03-13 17:21:00,Friday,17,118.8,94.4,none,navigation
2026-03-13 17:21:30,Friday,17,112.7,94.3,obstacle_near,navigation
2026-03-13 17:22:00,Friday,17,123.2,94.3,none,standby
2026-03-13 17:22:30,Friday,17,80.7,94.3,obstacle_near,navigation
2026-03-13 17:23:00,Friday,17,134.5,94.3,none,indoor_assist
2026-03-13 17:23:30,Friday,17,83.2,94.3,none,indoor_assist
2026-03-13 17:24:00,Friday,17,86.0,94.2,obstacle_medium,navigation
2026-03-13 17:24:30,Friday,17,104.9,94.2,obstacle_medium,indoor_assist
2026-03-13 17:25:00,Friday,17,170.2,94.2,none,navigation
2026-03-13 17:25:30,Friday,17,109.0,94.2,obstacle_medium,indoor_assist
2026-03-13 17:26:00,Friday,17,152.7,94.2,none,navigation
2026-03-13 17:26:30,Friday,17,102.6,94.1,low_battery,navigation
2026-03-13 17:27:00,Friday,17,118.1,94.1,none,indoor_assist
2026-03-13 17:27:30,Friday,17,127.2,94.1,none,indoor_assist
2026-03-13 17:28:00,Friday,17,132.6,94.1,none,standby
2026-03-13 17:28:30,Friday,17,117.8,94.1,none,standby
2026-03-13 17:29:00,Friday,17,115.2,94.0,low_battery,indoor_assist
2026-03-13 17:29:30,Friday,17,116.5,94.0,none,navigation
2026-03-13 17:30:00,Friday,17,148.9,94.0,obstacle_medium,indoor_assist
2026-03-13 17:30:30,Friday,17,124.9,94.0,none,navigation
2026-03-13 17:31:00,Friday,17,143.2,94.0,none,navigation
2026-03-13 17:31:30,Friday,17,120.3,93.9,none,navigation
2026-03-13 17:32:00,Friday,17,162.1,93.9,low_battery,indoor_assist
2026-03-13 17:32:30,Friday,17,94.2,93.9,none,indoor_assist
2026-03-13 17:33:00,Friday,17,129.4,93.9,none,navigation
2026-03-13 17:33:30,Friday,17,74.8,93.9,obstacle_medium,navigation
2026-03-13 17:34:00,Friday,17,61.5,93.8,obstacle_medium,indoor_assist
2026-03-13 17:34:30,Friday,17,130.6,93.8,none,navigation
2026-03-13 17:35:00,Friday,17,122.6,93.8,none,indoor_assist
2026-03-13 17:35:30,Friday,17,134.5,93.8,none,indoor_assist
2026-03-13 17:36:00,Friday,17,132.3,93.8,none,navigation
2026-03-13 17:36:30,Friday,17,113.4,93.7,none,standby
2026-03-13 17:37:00,Friday,17,84.8,93.7,none,navigation
2026-03-13 17:37:30,Friday,17,65.9,93.7,obstacle_medium,standby
2026-03-13 17:38:00,Friday,17,122.3,93.7,obstacle_near,indoor_assist
2026-03-13 17:38:30,Friday,17,105.4,93.7,obstacle_medium,indoor_assist
2026-03-13 17:39:00,Friday,17,179.6,93.6,obstacle_medium,indoor_assist
2026-03-13 17:39:30,Friday,17,136.3,93.6,none,indoor_assist
2026-03-13 17:40:00,Friday,17,181.3,93.6,obstacle_near,navigation
2026-03-13 17:40:30,Friday,17,74.4,93.6,obstacle_medium,navigation
2026-03-13 17:41:00,Friday,17,155.8,93.6,none,indoor_assist
2026-03-13 17:41:30,Friday,17,107.3,93.5,none,indoor_assist
2026-03-13 17:42:00,Friday,17,86.5,93.5,none,navigation
2026-03-13 17:42:30,Friday,17,184.4,93.5,obstacle_medium,indoor_assist
2026-03-13 17:43:00,Friday,17,96.0,93.5,none,indoor_assist
2026-03-13 17:43:30,Friday,17,106.9,93.5,none,navigation
2026-03-13 17:44:00,Friday,17,153.3,93.4,none,indoor_assist
2026-03-13 17:44:30,Friday,17,137.0,93.4,obstacle_medium,indoor_assist
2026-03-13 17:45:00,Friday,17,166.7,93.4,obstacle_medium,navigation
2026-03-13 17:45:30,Friday,17,83.4,93.4,none,navigation
2026-03-13 17:46:00,Friday,17,135.7,93.4,obstacle_near,indoor_assist
2026-03-13 17:46:30,Friday,17,123.3,93.3,none,indoor_assist
2026-03-13 17:47:00,Friday,17,152.3,93.3,none,indoor_assist
2026-03-13 17:47:30,Friday,17,29.2,93.3,obstacle_near,navigation
2026-03-13 17:48:00,Friday,17,130.7,93.3,none,indoor_assist
2026-03-13 17:48:30,Friday,17,173.0,93.3,none,navigation
2026-03-13 17:49:00,Friday,17,64.9,93.2,obstacle_medium,navigation
2026-03-13 17:49:30,Friday,17,112.4,93.2,obstacle_medium,indoor_assist
2026-03-13 17:50:00,Friday,17,107.6,93.2,none,navigation
2026-03-13 17:50:30,Friday,17,162.4,93.2,none,navigation
2026-03-13 17:51:00,Friday,17,115.1,93.2,obstacle_medium,standby
2026-03-13 17:51:30,Friday,17,123.2,93.1,none,navigation
2026-03-13 17:52:00,Friday,17,120.2,93.1,none,indoor_assist
2026-03-13 17:52:30,Friday,17,139.1,93.1,none,indoor_assist
2026-03-13 17:53:00,Friday,17,113.5,93.1,none,indoor_assist
2026-03-13 17:53:30,Friday,17,98.2,93.1,obstacle_near,standby
2026-03-13 17:54:00,Friday,17,112.1,93.0,obstacle_medium,indoor_assist
2026-03-13 17:54:30,Friday,17,148.0,93.0,none,navigation
2026-03-13 17:55:00,Friday,17,91.6,93.0,none,indoor_assist
2026-03-13 17:55:30,Friday,17,156.7,93.0,obstacle_near,indoor_assist
2026-03-13 17:56:00,Friday,17,93.3,93.0,none,indoor_assist
2026-03-13 17:56:30,Friday,17,130.6,92.9,none,standby
2026-03-13 17:57:00,Friday,17,131.1,92.9,none,indoor_assist
2026-03-13 17:57:30,Friday,17,98.8,92.9,obstacle_medium,navigation
2026-03-13 17:58:00,Friday,17,113.2,92.9,none,indoor_assist
2026-03-13 17:58:30,Friday,17,87.8,92.9,low_battery,indoor_assist
2026-03-13 17:59:00,Friday,17,25.0,92.8,obstacle_near,navigation
2026-03-13 17:59:30,Friday,17,179.4,92.8,obstacle_near,navigation
2026-03-13 18:00:00,Friday,18,69.5,92.8,obstacle_medium,navigation
2026-03-13 18:00:30,Friday,18,131.8,92.8,none,navigation
2026-03-13 18:01:00,Friday,18,86.2,92.8,none,standby
2026-03-13 18:01:30,Friday,18,101.0,92.7,none,standby
2026-03-13 18:02:00,Friday,18,126.4,92.7,low_battery,indoor_assist
2026-03-13 18:02:30,Friday,18,127.2,92.7,none,navigation
2026-03-13 18:03:00,Friday,18,84.7,92.7,obstacle_near,navigation
2026-03-13 18:03:30,Friday,18,142.2,92.7,obstacle_near,navigation
2026-03-13 18:04:00,Friday,18,156.1,92.6,obstacle_medium,standby
2026-03-13 18:04:30,Friday,18,103.4,92.6,none,standby
2026-03-13 18:05:00,Friday,18,181.3,92.6,none,navigation
2026-03-13 18:05:30,Friday,18,80.4,92.6,none,indoor_assist
2026-03-13 18:06:00,Friday,18,156.1,92.6,obstacle_medium,indoor_assist
2026-03-13 18:06:30,Friday,18,108.6,92.5,none,standby
2026-03-13 18:07:00,Friday,18,90.8,92.5,none,navigation
2026-03-13 18:07:30,Friday,18,141.2,92.5,obstacle_medium,standby
2026-03-13 18:08:00,Friday,18,96.8,92.5,fall_detected,indoor_assist
2026-03-13 18:08:30,Friday,18,130.3,92.5,obstacle_near,standby
2026-03-13 18:09:00,Friday,18,142.5,92.4,none,navigation
2026-03-13 18:09:30,Friday,18,60.4,92.4,obstacle_medium,indoor_assist
2026-03-13 18:10:00,Friday,18,138.9,92.4,obstacle_medium,standby
2026-03-13 18:10:30,Friday,18,167.4,92.4,none,navigation
2026-03-13 18:11:00,Friday,18,139.8,92.4,obstacle_near,standby
2026-03-13 18:11:30,Friday,18,105.0,92.3,none,standby
2026-03-13 18:12:00,Friday,18,145.1,92.3,none,navigation
2026-03-13 18:12:30,Friday,18,153.1,92.3,none,indoor_assist
2026-03-13 18:13:00,Friday,18,88.9,92.3,none,indoor_assist
2026-03-13 18:13:30,Friday,18,70.1,92.3,obstacle_medium,navigation
2026-03-13 18:14:00,Friday,18,134.9,92.2,none,navigation
2026-03-13 18:14:30,Friday,18,133.7,92.2,obstacle_medium,indoor_assist
2026-03-13 18:15:00,Friday,18,104.6,92.2,none,indoor_assist
2026-03-13 18:15:30,Friday,18,115.7,92.2,none,indoor_assist
2026-03-13 18:16:00,Friday,18,106.8,92.2,none,standby
2026-03-13 18:16:30,Friday,18,131.8,92.1,obstacle_medium,standby
2026-03-13 18:17:00,Friday,18,82.0,92.1,none,navigation
2026-03-13 18:17:30,Friday,18,189.6,92.1,obstacle_medium,navigation
2026-03-13 18:18:00,Friday,18,124.4,92.1,none,navigation
2026-03-13 18:18:30,Friday,18,158.7,92.1,none,indoor_assist
2026-03-13 18:19:00,Friday,18,103.2,92.0,none,navigation
2026-03-13 18:19:30,Friday,18,103.8,92.0,none,indoor_assist
2026-03-13 18:20:00,Friday,18,171.4,92.0,none,standby
2026-03-13 18:20:30,Friday,18,112.4,92.0,obstacle_near,standby
2026-03-13 18:21:00,Friday,18,94.6,92.0,none,navigation
2026-03-13 18:21:30,Friday,18,147.0,91.9,none,navigation
2026-03-13 18:22:00,Friday,18,150.1,91.9,none,navigation
2026-03-13 18:22:30,Friday,18,107.0,91.9,none,indoor_assist
2026-03-13 18:23:00,Friday,18,137.1,91.9,none,standby
2026-03-13 18:23:30,Friday,18,117.6,91.9,none,indoor_assist
2026-03-13 18:24:00,Friday,18,122.0,91.8,fall_detected,standby
2026-03-13 18:24:30,Friday,18,117.2,91.8,none,navigation
2026-03-13 18:25:00,Friday,18,131.1,91.8,obstacle_near,navigation
2026-03-13 18:25:30,Friday,18,138.3,91.8,none,navigation
2026-03-13 18:26:00,Friday,18,116.0,91.8,none,navigation
2026-03-13 18:26:30,Friday,18,122.7,91.7,none,navigation
2026-03-13 18:27:00,Friday,18,147.8,91.7,obstacle_medium,navigation
2026-03-13 18:27:30,Friday,18,118.4,91.7,none,indoor_assist
2026-03-13 18:28:00,Friday,18,136.5,91.7,none,indoor_assist
2026-03-13 18:28:30,Friday,18,116.4,91.7,none,indoor_assist
2026-03-13 18:29:00,Friday,18,138.0,91.6,none,navigation
2026-03-13 18:29:30,Friday,18,128.6,91.6,obstacle_near,navigation
2026-03-13 18:30:00,Friday,18,130.1,91.6,none,navigation
2026-03-13 18:30:30,Friday,18,142.9,91.6,none,indoor_assist
2026-03-13 18:31:00,Friday,18,143.8,91.6,none,navigation
2026-03-13 18:31:30,Friday,18,120.0,91.5,none,navigation
2026-03-13 18:32:00,Friday,18,134.8,91.5,none,standby
2026-03-13 18:32:30,Friday,18,135.5,91.5,none,indoor_assist
2026-03-13 18:33:00,Friday,18,94.0,91.5,none,indoor_assist
2026-03-13 18:33:30,Friday,18,124.9,91.5,none,indoor_assist
2026-03-13 18:34:00,Friday,18,165.3,91.4,none,standby
2026-03-13 18:34:30,Friday,18,113.5,91.4,obstacle_medium,indoor_assist
2026-03-13 18:35:00,Friday,18,137.6,91.4,none,navigation
2026-03-13 18:35:30,Friday,18,115.6,91.4,low_battery,navigation
2026-03-13 18:36:00,Friday,18,128.1,91.4,none,indoor_assist
2026-03-13 18:36:30,Friday,18,118.5,91.3,none,navigation
2026-03-13 18:37:00,Friday,18,91.9,91.3,none,indoor_assist
2026-03-13 18:37:30,Friday,18,160.6,91.3,none,indoor_assist
2026-03-13 18:38:00,Friday,18,116.8,91.3,none,indoor_assist
2026-03-13 18:38:30,Friday,18,167.6,91.3,fall_detected,indoor_assist
2026-03-13 18:39:00,Friday,18,128.2,91.2,none,navigation
2026-03-13 18:39:30,Friday,18,115.6,91.2,obstacle_near,navigation
2026-03-13 18:40:00,Friday,18,121.5,91.2,obstacle_near,navigation
2026-03-13 18:40:30,Friday,18,176.4,91.2,none,navigation
2026-03-13 18:41:00,Friday,18,119.0,91.2,none,indoor_assist
2026-03-13 18:41:30,Friday,18,125.7,91.1,none,indoor_assist
2026-03-13 18:42:00,Friday,18,143.6,91.1,obstacle_near,navigation
2026-03-13 18:42:30,Friday,18,168.8,91.1,none,indoor_assist
2026-03-13 18:43:00,Friday,18,125.3,91.1,obstacle_near,indoor_assist
2026-03-13 18:43:30,Friday,18,71.2,91.1,obstacle_medium,indoor_assist
2026-03-13 18:44:00,Friday,18,61.1,91.0,obstacle_medium,indoor_assist
2026-03-13 18:44:30,Friday,18,163.2,91.0,obstacle_near,navigation
2026-03-13 18:45:00,Friday,18,103.4,91.0,none,indoor_assist
2026-03-13 18:45:30,Friday,18,115.7,91.0,none,standby
2026-03-13 18:46:00,Friday,18,86.0,91.0,none,navigation
2026-03-13 18:46:30,Friday,18,151.1,90.9,obstacle_medium,navigation
2026-03-13 18:47:00,Friday,18,117.1,90.9,obstacle_near,navigation
2026-03-13 18:47:30,Friday,18,104.3,90.9,none,navigation
2026-03-13 18:48:00,Friday,18,140.9,90.9,none,navigation
2026-03-13 18:48:30,Friday,18,91.3,90.9,none,navigation
2026-03-13 18:49:00,Friday,18,166.2,90.8,none,navigation
2026-03-13 18:49:30,Friday,18,132.6,90.8,none,indoor_assist
2026-03-13 18:50:00,Friday,18,163.8,90.8,obstacle_medium,indoor_assist
2026-03-13 18:50:30,Friday,18,131.5,90.8,obstacle_medium,indoor_assist
2026-03-13 18:51:00,Friday,18,138.5,90.8,none,standby
2026-03-13 18:51:30,Friday,18,82.0,90.7,obstacle_near,navigation
2026-03-13 18:52:00,Friday,18,130.4,90.7,none,navigation
2026-03-13 18:52:30,Friday,18,106.8,90.7,none,navigation
2026-03-13 18:53:00,Friday,18,115.1,90.7,obstacle_medium,navigation
2026-03-13 18:53:30,Friday,18,127.9,90.7,obstacle_medium,navigation
2026-03-13 18:54:00,Friday,18,94.7,90.6,low_battery,navigation
2026-03-13 18:54:30,Friday,18,103.0,90.6,none,standby
2026-03-13 18:55:00,Friday,18,135.7,90.6,none,navigation
2026-03-13 18:55:30,Friday,18,140.7,90.6,obstacle_near,navigation
2026-03-13 18:56:00,Friday,18,113.3,90.6,low_battery,indoor_assist
2026-03-13 18:56:30,Friday,18,166.8,90.5,none,navigation
2026-03-13 18:57:00,Friday,18,58.0,90.5,obstacle_medium,standby
2026-03-13 18:57:30,Friday,18,107.4,90.5,none,navigation
2026-03-13 18:58:00,Friday,18,120.1,90.5,none,indoor_assist
2026-03-13 18:58:30,Friday,18,95.2,90.5,none,indoor_assist
2026-03-13 18:59:00,Friday,18,92.2,90.4,none,indoor_assist
2026-03-13 18:59:30,Friday,18,105.5,90.4,none,navigation
2026-03-13 19:00:00,Friday,19,181.1,90.4,none,indoor_assist
2026-03-13 19:00:30,Friday,19,212.4,90.4,none,navigation
2026-03-13 19:01:00,Friday,19,216.2,90.4,none,indoor_assist
2026-03-13 19:01:30,Friday,19,197.6,90.3,none,navigation
2026-03-13 19:02:00,Friday,19,161.9,90.3,none,navigation
2026-03-13 19:02:30,Friday,19,203.3,90.3,none,navigation
2026-03-13 19:03:00,Friday,19,173.4,90.3,none,navigation
2026-03-13 19:03:30,Friday,19,248.0,90.3,none,navigation
2026-03-13 19:04:00,Friday,19,209.0,90.2,none,standby
2026-03-13 19:04:30,Friday,19,200.5,90.2,obstacle_medium,indoor_assist
2026-03-13 19:05:00,Friday,19,199.6,90.2,none,navigation
2026-03-13 19:05:30,Friday,19,203.8,90.2,none,indoor_assist
2026-03-13 19:06:00,Friday,19,125.1,90.2,obstacle_near,indoor_assist
2026-03-13 19:06:30,Friday,19,150.9,90.1,none,navigation
2026-03-13 19:07:00,Friday,19,227.1,90.1,none,indoor_assist
2026-03-13 19:07:30,Friday,19,230.9,90.1,none,navigation
2026-03-13 19:08:00,Friday,19,176.8,90.1,none,navigation
2026-03-13 19:08:30,Friday,19,224.4,90.1,obstacle_medium,indoor_assist
2026-03-13 19:09:00,Friday,19,211.6,90.0,obstacle_near,indoor_assist
2026-03-13 19:09:30,Friday,19,227.6,90.0,none,navigation
2026-03-13 19:10:00,Friday,19,227.2,90.0,none,navigation
2026-03-13 19:10:30,Friday,19,194.3,90.0,low_battery,navigation
2026-03-13 19:11:00,Friday,19,231.8,90.0,none,navigation
2026-03-13 19:11:30,Friday,19,121.5,89.9,none,indoor_assist
2026-03-13 19:12:00,Friday,19,223.7,89.9,low_battery,navigation
2026-03-13 19:12:30,Friday,19,194.3,89.9,none,navigation
2026-03-13 19:13:00,Friday,19,238.3,89.9,none,indoor_assist
2026-03-13 19:13:30,Friday,19,203.9,89.9,none,navigation
2026-03-13 19:14:00,Friday,19,215.0,89.8,none,indoor_assist
2026-03-13 19:14:30,Friday,19,260.7,89.8,none,navigation
2026-03-13 19:15:00,Friday,19,227.1,89.8,none,navigation
2026-03-13 19:15:30,Friday,19,170.0,89.8,none,navigation
2026-03-13 19:16:00,Friday,19,187.8,89.8,obstacle_near,standby
2026-03-13 19:16:30,Friday,19,228.2,89.7,none,indoor_assist
2026-03-13 19:17:00,Friday,19,213.9,89.7,none,navigation
2026-03-13 19:17:30,Friday,19,178.2,89.7,low_battery,standby
2026-03-13 19:18:00,Friday,19,217.8,89.7,none,navigation
2026-03-13 19:18:30,Friday,19,225.9,89.7,obstacle_medium,indoor_assist
2026-03-13 19:19:00,Friday,19,232.8,89.6,obstacle_near,navigation
2026-03-13 19:19:30,Friday,19,213.7,89.6,obstacle_medium,navigation
2026-03-13 19:20:00,Friday,19,157.8,89.6,none,navigation
2026-03-13 19:20:30,Friday,19,216.3,89.6,none,navigation
2026-03-13 19:21:00,Friday,19,175.5,89.6,none,navigation
2026-03-13 19:21:30,Friday,19,212.8,89.5,obstacle_medium,navigation
2026-03-13 19:22:00,Friday,19,220.1,89.5,none,navigation
2026-03-13 19:22:30,Friday,19,210.2,89.5,low_battery,indoor_assist
2026-03-13 19:23:00,Friday,19,247.7,89.5,none,navigation
2026-03-13 19:23:30,Friday,19,190.5,89.5,none,indoor_assist
2026-03-13 19:24:00,Friday,19,233.6,89.4,obstacle_near,indoor_assist
2026-03-13 19:24:30,Friday,19,197.4,89.4,obstacle_medium,standby
2026-03-13 19:25:00,Friday,19,237.7,89.4,none,indoor_assist
2026-03-13 19:25:30,Friday,19,220.7,89.4,none,standby
2026-03-13 19:26:00,Friday,19,253.7,89.4,none,navigation
2026-03-13 19:26:30,Friday,19,177.5,89.3,none,standby
2026-03-13 19:27:00,Friday,19,181.4,89.3,none,indoor_assist
2026-03-13 19:27:30,Friday,19,193.5,89.3,low_battery,indoor_assist
2026-03-13 19:28:00,Friday,19,163.4,89.3,obstacle_near,indoor_assist
2026-03-13 19:28:30,Friday,19,209.4,89.3,obstacle_near,navigation
2026-03-13 19:29:00,Friday,19,202.2,89.2,none,navigation
2026-03-13 19:29:30,Friday,19,249.6,89.2,none,indoor_assist
2026-03-13 19:30:00,Friday,19,200.1,89.2,none,indoor_assist
2026-03-13 19:30:30,Friday,19,203.3,89.2,obstacle_medium,indoor_assist
2026-03-13 19:31:00,Friday,19,179.7,89.2,obstacle_medium,indoor_assist
2026-03-13 19:31:30,Friday,19,209.2,89.1,none,indoor_assist
2026-03-13 19:32:00,Friday,19,147.8,89.1,obstacle_medium,indoor_assist
2026-03-13 19:32:30,Friday,19,206.9,89.1,none,navigation
2026-03-13 19:33:00,Friday,19,258.5,89.1,none,navigation
2026-03-13 19:33:30,Friday,19,215.0,89.1,none,indoor_assist
2026-03-13 19:34:00,Friday,19,258.5,89.0,none,indoor_assist
2026-03-13 19:34:30,Friday,19,174.6,89.0,none,navigation
2026-03-13 19:35:00,Friday,19,217.2,89.0,fall_detected,standby
2026-03-13 19:35:30,Friday,19,229.3,89.0,obstacle_medium,indoor_assist
2026-03-13 19:36:00,Friday,19,229.3,89.0,obstacle_near,navigation
2026-03-13 19:36:30,Friday,19,167.8,88.9,obstacle_medium,indoor_assist
2026-03-13 19:37:00,Friday,19,199.2,88.9,obstacle_near,indoor_assist
2026-03-13 19:37:30,Friday,19,292.7,88.9,obstacle_medium,indoor_assist
2026-03-13 19:38:00,Friday,19,175.1,88.9,obstacle_medium,navigation
2026-03-13 19:38:30,Friday,19,197.4,88.9,none,indoor_assist
2026-03-13 19:39:00,Friday,19,137.8,88.8,obstacle_near,indoor_assist
2026-03-13 19:39:30,Friday,19,190.0,88.8,none,navigation
2026-03-13 19:40:00,Friday,19,249.8,88.8,none,navigation
2026-03-13 19:40:30,Friday,19,229.1,88.8,none,standby
2026-03-13 19:41:00,Friday,19,169.9,88.8,none,indoor_assist
2026-03-13 19:41:30,Friday,19,211.3,88.7,obstacle_medium,standby
2026-03-13 19:42:00,Friday,19,201.9,88.7,none,indoor_assist
2026-03-13 19:42:30,Friday,19,201.8,88.7,none,navigation
2026-03-13 19:43:00,Friday,19,229.1,88.7,none,indoor_assist
2026-03-13 19:43:30,Friday,19,242.7,88.7,none,standby
2026-03-13 19:44:00,Friday,19,166.4,88.6,obstacle_medium,standby
2026-03-13 19:44:30,Friday,19,201.5,88.6,none,indoor_assist
2026-03-13 19:45:00,Friday,19,197.6,88.6,none,standby
2026-03-13 19:45:30,Friday,19,192.5,88.6,none,navigation
2026-03-13 19:46:00,Friday,19,200.8,88.6,none,navigation
2026-03-13 19:46:30,Friday,19,197.6,88.5,none,navigation
2026-03-13 19:47:00,Friday,19,186.2,88.5,none,navigation
2026-03-13 19:47:30,Friday,19,188.0,88.5,none,navigation
2026-03-13 19:48:00,Friday,19,219.3,88.5,none,navigation
2026-03-13 19:48:30,Friday,19,161.7,88.5,obstacle_near,standby
2026-03-13 19:49:00,Friday,19,194.3,88.4,none,navigation
2026-03-13 19:49:30,Friday,19,244.6,88.4,none,indoor_assist
2026-03-13 19:50:00,Friday,19,171.8,88.4,none,standby
2026-03-13 19:50:30,Friday,19,213.7,88.4,none,navigation
2026-03-13 19:51:00,Friday,19,231.0,88.4,fall_detected,navigation
2026-03-13 19:51:30,Friday,19,248.7,88.3,none,indoor_assist
2026-03-13 19:52:00,Friday,19,163.8,88.3,none,navigation
2026-03-13 19:52:30,Friday,19,245.5,88.3,none,navigation
2026-03-13 19:53:00,Friday,19,190.2,88.3,none,navigation
2026-03-13 19:53:30,Friday,19,206.1,88.3,none,indoor_assist
2026-03-13 19:54:00,Friday,19,209.3,88.2,obstacle_medium,indoor_assist
2026-03-13 19:54:30,Friday,19,235.3,88.2,none,indoor_assist
2026-03-13 19:55:00,Friday,19,199.5,88.2,none,indoor_assist
2026-03-13 19:55:30,Friday,19,142.7,88.2,none,navigation
2026-03-13 19:56:00,Friday,19,161.8,88.2,none,indoor_assist
2026-03-13 19:56:30,Friday,19,172.7,88.1,none,navigation
2026-03-13 19:57:00,Friday,19,176.6,88.1,none,indoor_assist
2026-03-13 19:57:30,Friday,19,255.5,88.1,obstacle_medium,indoor_assist
2026-03-13 19:58:00,Friday,19,205.0,88.1,obstacle_medium,navigation
2026-03-13 19:58:30,Friday,19,168.3,88.1,obstacle_medium,indoor_assist
2026-03-13 19:59:00,Friday,19,210.9,88.0,obstacle_medium,indoor_assist
2026-03-13 19:59:30,Friday,19,191.4,88.0,none,standby
2026-03-14 08:00:00,Saturday,8,157.4,100.0,none,standby
2026-03-14 08:00:30,Saturday,8,190.9,100.0,none,navigation
2026-03-14 08:01:00,Saturday,8,219.7,100.0,obstacle_near,indoor_assist
2026-03-14 08:01:30,Saturday,8,191.2,99.9,obstacle_medium,navigation
2026-03-14 08:02:00,Saturday,8,195.1,99.9,none,navigation
2026-03-14 08:02:30,Saturday,8,111.1,99.9,obstacle_medium,indoor_assist
2026-03-14 08:03:00,Saturday,8,134.6,99.9,none,navigation
2026-03-14 08:03:30,Saturday,8,187.1,99.9,none,standby
2026-03-14 08:04:00,Saturday,8,215.9,99.8,none,indoor_assist
2026-03-14 08:04:30,Saturday,8,225.7,99.8,none,indoor_assist
2026-03-14 08:05:00,Saturday,8,205.6,99.8,none,navigation
2026-03-14 08:05:30,Saturday,8,163.8,99.8,none,indoor_assist
2026-03-14 08:06:00,Saturday,8,193.9,99.8,none,standby
2026-03-14 08:06:30,Saturday,8,191.7,99.7,low_battery,navigation
2026-03-14 08:07:00,Saturday,8,244.2,99.7,none,navigation
2026-03-14 08:07:30,Saturday,8,214.2,99.7,none,indoor_assist
2026-03-14 08:08:00,Saturday,8,182.4,99.7,none,indoor_assist
2026-03-14 08:08:30,Saturday,8,218.7,99.7,none,standby
2026-03-14 08:09:00,Saturday,8,199.1,99.6,none,indoor_assist
2026-03-14 08:09:30,Saturday,8,206.6,99.6,none,indoor_assist
2026-03-14 08:10:00,Saturday,8,151.2,99.6,obstacle_medium,indoor_assist
2026-03-14 08:10:30,Saturday,8,178.0,99.6,fall_detected,navigation
2026-03-14 08:11:00,Saturday,8,151.3,99.6,obstacle_medium,navigation
2026-03-14 08:11:30,Saturday,8,153.8,99.5,obstacle_medium,indoor_assist
2026-03-14 08:12:00,Saturday,8,257.5,99.5,none,navigation
2026-03-14 08:12:30,Saturday,8,222.5,99.5,obstacle_medium,navigation
2026-03-14 08:13:00,Saturday,8,171.6,99.5,none,indoor_assist
2026-03-14 08:13:30,Saturday,8,257.9,99.5,none,navigation
2026-03-14 08:14:00,Saturday,8,131.4,99.4,none,navigation
2026-03-14 08:14:30,Saturday,8,200.3,99.4,none,navigation
2026-03-14 08:15:00,Saturday,8,186.2,99.4,none,navigation
2026-03-14 08:15:30,Saturday,8,200.6,99.4,none,navigation
2026-03-14 08:16:00,Saturday,8,234.6,99.4,none,indoor_assist
2026-03-14 08:16:30,Saturday,8,211.8,99.3,none,indoor_assist
2026-03-14 08:17:00,Saturday,8,230.6,99.3,none,navigation
2026-03-14 08:17:30,Saturday,8,233.7,99.3,none,navigation
2026-03-14 08:18:00,Saturday,8,235.9,99.3,none,navigation
2026-03-14 08:18:30,Saturday,8,252.1,99.3,none,indoor_assist
2026-03-14 08:19:00,Saturday,8,175.2,99.2,obstacle_medium,indoor_assist
2026-03-14 08:19:30,Saturday,8,204.4,99.2,obstacle_medium,indoor_assist
2026-03-14 08:20:00,Saturday,8,290.5,99.2,obstacle_near,indoor_assist
2026-03-14 08:20:30,Saturday,8,144.3,99.2,none,indoor_assist
2026-03-14 08:21:00,Saturday,8,232.6,99.2,none,standby
2026-03-14 08:21:30,Saturday,8,164.0,99.1,none,navigation
2026-03-14 08:22:00,Saturday,8,160.7,99.1,low_battery,standby
2026-03-14 08:22:30,Saturday,8,162.0,99.1,none,navigation
2026-03-14 08:23:00,Saturday,8,224.8,99.1,none,navigation
2026-03-14 08:23:30,Saturday,8,247.5,99.1,none,indoor_assist
2026-03-14 08:24:00,Saturday,8,240.3,99.0,none,indoor_assist
2026-03-14 08:24:30,Saturday,8,207.8,99.0,obstacle_medium,indoor_assist
2026-03-14 08:25:00,Saturday,8,251.3,99.0,none,indoor_assist
2026-03-14 08:25:30,Saturday,8,203.9,99.0,none,navigation
2026-03-14 08:26:00,Saturday,8,231.2,99.0,none,navigation
2026-03-14 08:26:30,Saturday,8,153.9,98.9,none,navigation
2026-03-14 08:27:00,Saturday,8,213.6,98.9,obstacle_medium,navigation
2026-03-14 08:27:30,Saturday,8,219.4,98.9,low_battery,navigation
2026-03-14 08:28:00,Saturday,8,196.4,98.9,obstacle_medium,indoor_assist
2026-03-14 08:28:30,Saturday,8,208.0,98.9,none,indoor_assist
2026-03-14 08:29:00,Saturday,8,189.1,98.8,none,indoor_assist
2026-03-14 08:29:30,Saturday,8,234.1,98.8,none,indoor_assist
2026-03-14 08:30:00,Saturday,8,203.9,98.8,obstacle_near,navigation
2026-03-14 08:30:30,Saturday,8,222.5,98.8,none,indoor_assist
2026-03-14 08:31:00,Saturday,8,242.2,98.8,none,navigation
2026-03-14 08:31:30,Saturday,8,212.3,98.7,none,navigation
2026-03-14 08:32:00,Saturday,8,168.1,98.7,obstacle_near,navigation
2026-03-14 08:32:30,Saturday,8,155.7,98.7,obstacle_medium,standby
2026-03-14 08:33:00,Saturday,8,158.9,98.7,none,navigation
2026-03-14 08:33:30,Saturday,8,170.0,98.7,none,navigation
2026-03-14 08:34:00,Saturday,8,209.4,98.6,obstacle_near,navigation
2026-03-14 08:34:30,Saturday,8,224.2,98.6,none,indoor_assist
2026-03-14 08:35:00,Saturday,8,163.6,98.6,none,indoor_assist
2026-03-14 08:35:30,Saturday,8,206.7,98.6,none,navigation
2026-03-14 08:36:00,Saturday,8,187.0,98.6,none,navigation
2026-03-14 08:36:30,Saturday,8,233.6,98.5,none,indoor_assist
2026-03-14 08:37:00,Saturday,8,201.4,98.5,none,indoor_assist
2026-03-14 08:37:30,Saturday,8,202.2,98.5,none,navigation
2026-03-14 08:38:00,Saturday,8,161.5,98.5,none,indoor_assist
2026-03-14 08:38:30,Saturday,8,152.6,98.5,low_battery,indoor_assist
2026-03-14 08:39:00,Saturday,8,223.4,98.4,obstacle_medium,standby
2026-03-14 08:39:30,Saturday,8,236.4,98.4,none,indoor_assist
2026-03-14 08:40:00,Saturday,8,175.8,98.4,none,indoor_assist
2026-03-14 08:40:30,Saturday,8,229.1,98.4,obstacle_medium,navigation
2026-03-14 08:41:00,Saturday,8,131.7,98.4,obstacle_medium,indoor_assist
2026-03-14 08:41:30,Saturday,8,208.4,98.3,none,indoor_assist
2026-03-14 08:42:00,Saturday,8,185.8,98.3,none,indoor_assist
2026-03-14 08:42:30,Saturday,8,212.7,98.3,none,indoor_assist
2026-03-14 08:43:00,Saturday,8,141.3,98.3,none,standby
2026-03-14 08:43:30,Saturday,8,261.3,98.3,none,navigation
2026-03-14 08:44:00,Saturday,8,174.9,98.2,obstacle_medium,navigation
2026-03-14 08:44:30,Saturday,8,199.9,98.2,none,navigation
2026-03-14 08:45:00,Saturday,8,184.0,98.2,none,navigation
2026-03-14 08:45:30,Saturday,8,238.7,98.2,none,navigation
2026-03-14 08:46:00,Saturday,8,232.2,98.2,obstacle_medium,navigation
2026-03-14 08:46:30,Saturday,8,235.9,98.1,none,indoor_assist
2026-03-14 08:47:00,Saturday,8,125.9,98.1,none,navigation
2026-03-14 08:47:30,Saturday,8,159.7,98.1,none,indoor_assist
2026-03-14 08:48:00,Saturday,8,253.5,98.1,none,navigation
2026-03-14 08:48:30,Saturday,8,212.3,98.1,none,standby
2026-03-14 08:49:00,Saturday,8,190.7,98.0,none,indoor_assist
2026-03-14 08:49:30,Saturday,8,158.9,98.0,none,indoor_assist
2026-03-14 08:50:00,Saturday,8,239.4,98.0,none,navigation
2026-03-14 08:50:30,Saturday,8,196.1,98.0,none,navigation
2026-03-14 08:51:00,Saturday,8,192.1,98.0,none,standby
2026-03-14 08:51:30,Saturday,8,218.6,97.9,none,indoor_assist
2026-03-14 08:52:00,Saturday,8,193.9,97.9,none,navigation
2026-03-14 08:52:30,Saturday,8,194.0,97.9,none,navigation
2026-03-14 08:53:00,Saturday,8,232.2,97.9,obstacle_near,indoor_assist
2026-03-14 08:53:30,Saturday,8,213.9,97.9,none,standby
2026-03-14 08:54:00,Saturday,8,203.2,97.8,obstacle_medium,indoor_assist
2026-03-14 08:54:30,Saturday,8,158.0,97.8,obstacle_medium,navigation
2026-03-14 08:55:00,Saturday,8,169.2,97.8,none,standby
2026-03-14 08:55:30,Saturday,8,197.7,97.8,none,indoor_assist
2026-03-14 08:56:00,Saturday,8,186.2,97.8,none,indoor_assist
2026-03-14 08:56:30,Saturday,8,210.2,97.7,obstacle_medium,standby
2026-03-14 08:57:00,Saturday,8,209.2,97.7,none,navigation
2026-03-14 08:57:30,Saturday,8,160.3,97.7,obstacle_medium,standby
2026-03-14 08:58:00,Saturday,8,183.4,97.7,none,indoor_assist
2026-03-14 08:58:30,Saturday,8,195.0,97.7,none,navigation
2026-03-14 08:59:00,Saturday,8,171.6,97.6,none,navigation
2026-03-14 08:59:30,Saturday,8,157.8,97.6,none,indoor_assist
2026-03-14 09:00:00,Saturday,9,53.5,97.6,obstacle_medium,indoor_assist
2026-03-14 09:00:30,Saturday,9,124.8,97.6,none,navigation
2026-03-14 09:01:00,Saturday,9,144.3,97.6,obstacle_medium,navigation
2026-03-14 09:01:30,Saturday,9,142.4,97.5,obstacle_medium,indoor_assist
2026-03-14 09:02:00,Saturday,9,88.8,97.5,fall_detected,navigation
2026-03-14 09:02:30,Saturday,9,146.6,97.5,none,indoor_assist
2026-03-14 09:03:00,Saturday,9,145.8,97.5,none,navigation
2026-03-14 09:03:30,Saturday,9,84.2,97.5,obstacle_near,indoor_assist
2026-03-14 09:04:00,Saturday,9,153.5,97.4,none,indoor_assist
2026-03-14 09:04:30,Saturday,9,129.6,97.4,none,indoor_assist
2026-03-14 09:05:00,Saturday,9,186.8,97.4,obstacle_medium,navigation
2026-03-14 09:05:30,Saturday,9,44.2,97.4,obstacle_medium,indoor_assist
2026-03-14 09:06:00,Saturday,9,74.0,97.4,obstacle_medium,indoor_assist
2026-03-14 09:06:30,Saturday,9,137.5,97.3,none,standby
2026-03-14 09:07:00,Saturday,9,141.7,97.3,none,indoor_assist
2026-03-14 09:07:30,Saturday,9,135.8,97.3,none,navigation
2026-03-14 09:08:00,Saturday,9,143.3,97.3,none,indoor_assist
2026-03-14 09:08:30,Saturday,9,104.1,97.3,none,indoor_assist
2026-03-14 09:09:00,Saturday,9,117.5,97.2,none,navigation
2026-03-14 09:09:30,Saturday,9,83.9,97.2,obstacle_near,navigation
2026-03-14 09:10:00,Saturday,9,99.5,97.2,none,navigation
2026-03-14 09:10:30,Saturday,9,118.8,97.2,none,navigation
2026-03-14 09:11:00,Saturday,9,183.9,97.2,obstacle_medium,navigation
2026-03-14 09:11:30,Saturday,9,141.4,97.1,obstacle_medium,indoor_assist
2026-03-14 09:12:00,Saturday,9,115.8,97.1,none,standby
2026-03-14 09:12:30,Saturday,9,128.6,97.1,obstacle_medium,indoor_assist
2026-03-14 09:13:00,Saturday,9,65.1,97.1,obstacle_medium,navigation
2026-03-14 09:13:30,Saturday,9,163.4,97.1,obstacle_near,indoor_assist
2026-03-14 09:14:00,Saturday,9,143.7,97.0,none,navigation
2026-03-14 09:14:30,Saturday,9,97.3,97.0,none,navigation
2026-03-14 09:15:00,Saturday,9,173.4,97.0,none,navigation
2026-03-14 09:15:30,Saturday,9,111.0,97.0,none,navigation
2026-03-14 09:16:00,Saturday,9,158.8,97.0,low_battery,standby
2026-03-14 09:16:30,Saturday,9,114.2,96.9,none,indoor_assist
2026-03-14 09:17:00,Saturday,9,67.7,96.9,obstacle_medium,indoor_assist
2026-03-14 09:17:30,Saturday,9,147.4,96.9,obstacle_near,navigation
2026-03-14 09:18:00,Saturday,9,137.4,96.9,obstacle_medium,navigation
2026-03-14 09:18:30,Saturday,9,139.7,96.9,none,standby
2026-03-14 09:19:00,Saturday,9,75.7,96.8,obstacle_medium,indoor_assist
2026-03-14 09:19:30,Saturday,9,177.1,96.8,obstacle_medium,standby
2026-03-14 09:20:00,Saturday,9,98.5,96.8,fall_detected,indoor_assist
2026-03-14 09:20:30,Saturday,9,81.3,96.8,none,indoor_assist
2026-03-14 09:21:00,Saturday,9,122.2,96.8,none,navigation
2026-03-14 09:21:30,Saturday,9,128.0,96.7,none,standby
2026-03-14 09:22:00,Saturday,9,97.4,96.7,none,navigation
2026-03-14 09:22:30,Saturday,9,83.4,96.7,obstacle_medium,navigation
2026-03-14 09:23:00,Saturday,9,149.9,96.7,obstacle_near,navigation
2026-03-14 09:23:30,Saturday,9,81.2,96.7,none,indoor_assist
2026-03-14 09:24:00,Saturday,9,73.6,96.6,obstacle_medium,navigation
2026-03-14 09:24:30,Saturday,9,93.3,96.6,obstacle_medium,navigation
2026-03-14 09:25:00,Saturday,9,94.7,96.6,low_battery,navigation
2026-03-14 09:25:30,Saturday,9,142.5,96.6,obstacle_medium,indoor_assist
2026-03-14 09:26:00,Saturday,9,86.2,96.6,none,standby
2026-03-14 09:26:30,Saturday,9,103.5,96.5,none,indoor_assist
2026-03-14 09:27:00,Saturday,9,156.5,96.5,none,navigation
2026-03-14 09:27:30,Saturday,9,100.9,96.5,none,standby
2026-03-14 09:28:00,Saturday,9,129.6,96.5,none,navigation
2026-03-14 09:28:30,Saturday,9,112.8,96.5,none,indoor_assist
2026-03-14 09:29:00,Saturday,9,179.2,96.4,obstacle_medium,indoor_assist
2026-03-14 09:29:30,Saturday,9,97.8,96.4,low_battery,navigation
2026-03-14 09:30:00,Saturday,9,73.9,96.4,obstacle_medium,indoor_assist
2026-03-14 09:30:30,Saturday,9,126.0,96.4,none,navigation
2026-03-14 09:31:00,Saturday,9,87.3,96.4,obstacle_near,standby
2026-03-14 09:31:30,Saturday,9,122.7,96.3,none,indoor_assist
2026-03-14 09:32:00,Saturday,9,141.6,96.3,none,standby
2026-03-14 09:32:30,Saturday,9,141.7,96.3,none,indoor_assist
2026-03-14 09:33:00,Saturday,9,136.9,96.3,none,indoor_assist
2026-03-14 09:33:30,Saturday,9,123.1,96.3,none,indoor_assist
2026-03-14 09:34:00,Saturday,9,81.5,96.2,none,indoor_assist
2026-03-14 09:34:30,Saturday,9,100.3,96.2,obstacle_medium,standby
2026-03-14 09:35:00,Saturday,9,91.6,96.2,obstacle_medium,indoor_assist
2026-03-14 09:35:30,Saturday,9,136.7,96.2,none,navigation
2026-03-14 09:36:00,Saturday,9,121.6,96.2,none,indoor_assist
2026-03-14 09:36:30,Saturday,9,119.5,96.1,none,navigation
2026-03-14 09:37:00,Saturday,9,145.4,96.1,obstacle_medium,indoor_assist
2026-03-14 09:37:30,Saturday,9,57.2,96.1,obstacle_medium,indoor_assist
2026-03-14 09:38:00,Saturday,9,143.5,96.1,none,navigation
2026-03-14 09:38:30,Saturday,9,116.9,96.1,none,navigation
2026-03-14 09:39:00,Saturday,9,90.9,96.0,obstacle_medium,navigation
2026-03-14 09:39:30,Saturday,9,132.0,96.0,none,indoor_assist
2026-03-14 09:40:00,Saturday,9,169.8,96.0,none,navigation
2026-03-14 09:40:30,Saturday,9,153.3,96.0,none,navigation
2026-03-14 09:41:00,Saturday,9,100.2,96.0,obstacle_near,navigation
2026-03-14 09:41:30,Saturday,9,133.7,95.9,fall_detected,standby
2026-03-14 09:42:00,Saturday,9,143.6,95.9,none,navigation
2026-03-14 09:42:30,Saturday,9,129.8,95.9,none,navigation
2026-03-14 09:43:00,Saturday,9,139.9,95.9,obstacle_medium,navigation
2026-03-14 09:43:30,Saturday,9,68.8,95.9,obstacle_medium,navigation
2026-03-14 09:44:00,Saturday,9,127.7,95.8,none,navigation
2026-03-14 09:44:30,Saturday,9,158.1,95.8,none,navigation
2026-03-14 09:45:00,Saturday,9,99.4,95.8,none,navigation
2026-03-14 09:45:30,Saturday,9,102.4,95.8,obstacle_medium,indoor_assist
2026-03-14 09:46:00,Saturday,9,76.1,95.8,obstacle_medium,navigation
2026-03-14 09:46:30,Saturday,9,163.6,95.7,obstacle_near,navigation
2026-03-14 09:47:00,Saturday,9,153.5,95.7,none,navigation
2026-03-14 09:47:30,Saturday,9,78.6,95.7,obstacle_medium,indoor_assist
2026-03-14 09:48:00,Saturday,9,114.5,95.7,none,navigation
2026-03-14 09:48:30,Saturday,9,129.4,95.7,none,standby
2026-03-14 09:49:00,Saturday,9,132.6,95.6,low_battery,indoor_assist
2026-03-14 09:49:30,Saturday,9,52.8,95.6,obstacle_medium,navigation
2026-03-14 09:50:00,Saturday,9,138.3,95.6,obstacle_near,navigation
2026-03-14 09:50:30,Saturday,9,108.5,95.6,fall_detected,navigation
2026-03-14 09:51:00,Saturday,9,119.5,95.6,none,indoor_assist
2026-03-14 09:51:30,Saturday,9,148.4,95.5,obstacle_medium,indoor_assist
2026-03-14 09:52:00,Saturday,9,105.1,95.5,obstacle_medium,navigation
2026-03-14 09:52:30,Saturday,9,174.4,95.5,low_battery,indoor_assist
2026-03-14 09:53:00,Saturday,9,85.1,95.5,none,navigation
2026-03-14 09:53:30,Saturday,9,129.4,95.5,obstacle_near,standby
2026-03-14 09:54:00,Saturday,9,125.0,95.4,none,navigation
2026-03-14 09:54:30,Saturday,9,120.3,95.4,none,navigation
2026-03-14 09:55:00,Saturday,9,136.3,95.4,none,indoor_assist
2026-03-14 09:55:30,Saturday,9,131.1,95.4,none,navigation
2026-03-14 09:56:00,Saturday,9,113.7,95.4,none,navigation
2026-03-14 09:56:30,Saturday,9,83.4,95.3,obstacle_medium,navigation
2026-03-14 09:57:00,Saturday,9,129.2,95.3,obstacle_medium,navigation
2026-03-14 09:57:30,Saturday,9,126.0,95.3,none,indoor_assist
2026-03-14 09:58:00,Saturday,9,124.9,95.3,none,navigation
2026-03-14 09:58:30,Saturday,9,118.3,95.3,none,navigation
2026-03-14 09:59:00,Saturday,9,99.9,95.2,none,navigation
2026-03-14 09:59:30,Saturday,9,82.7,95.2,none,navigation
2026-03-14 10:00:00,Saturday,10,160.7,95.2,none,navigation
2026-03-14 10:00:30,Saturday,10,134.0,95.2,none,indoor_assist
2026-03-14 10:01:00,Saturday,10,107.6,95.2,none,navigation
2026-03-14 10:01:30,Saturday,10,101.3,95.1,none,navigation
2026-03-14 10:02:00,Saturday,10,119.8,95.1,obstacle_near,navigation
2026-03-14 10:02:30,Saturday,10,115.3,95.1,obstacle_near,standby
2026-03-14 10:03:00,Saturday,10,95.3,95.1,none,standby
2026-03-14 10:03:30,Saturday,10,131.3,95.1,none,navigation
2026-03-14 10:04:00,Saturday,10,93.9,95.0,obstacle_medium,indoor_assist
2026-03-14 10:04:30,Saturday,10,170.2,95.0,obstacle_medium,indoor_assist
2026-03-14 10:05:00,Saturday,10,150.3,95.0,obstacle_near,navigation
2026-03-14 10:05:30,Saturday,10,125.3,95.0,low_battery,indoor_assist
2026-03-14 10:06:00,Saturday,10,114.6,95.0,none,navigation
2026-03-14 10:06:30,Saturday,10,117.6,94.9,none,navigation
2026-03-14 10:07:00,Saturday,10,119.0,94.9,obstacle_medium,navigation
2026-03-14 10:07:30,Saturday,10,103.5,94.9,obstacle_near,standby
2026-03-14 10:08:00,Saturday,10,129.3,94.9,obstacle_medium,indoor_assist
2026-03-14 10:08:30,Saturday,10,202.0,94.9,obstacle_near,navigation
2026-03-14 10:09:00,Saturday,10,112.4,94.8,none,indoor_assist
2026-03-14 10:09:30,Saturday,10,108.9,94.8,obstacle_near,navigation
2026-03-14 10:10:00,Saturday,10,121.2,94.8,none,navigation
2026-03-14 10:10:30,Saturday,10,97.0,94.8,obstacle_medium,navigation
2026-03-14 10:11:00,Saturday,10,128.7,94.8,none,standby
2026-03-14 10:11:30,Saturday,10,136.9,94.7,none,navigation
2026-03-14 10:12:00,Saturday,10,117.5,94.7,none,navigation
2026-03-14 10:12:30,Saturday,10,97.2,94.7,low_battery,navigation
2026-03-14 10:13:00,Saturday,10,108.2,94.7,low_battery,indoor_assist
2026-03-14 10:13:30,Saturday,10,153.3,94.7,none,navigation
2026-03-14 10:14:00,Saturday,10,143.5,94.6,none,navigation
2026-03-14 10:14:30,Saturday,10,120.7,94.6,low_battery,indoor_assist
2026-03-14 10:15:00,Saturday,10,114.9,94.6,none,navigation
2026-03-14 10:15:30,Saturday,10,80.6,94.6,none,indoor_assist
2026-03-14 10:16:00,Saturday,10,77.4,94.6,obstacle_medium,indoor_assist
2026-03-14 10:16:30,Saturday,10,77.4,94.5,obstacle_medium,indoor_assist
2026-03-14 10:17:00,Saturday,10,134.9,94.5,fall_detected,navigation
2026-03-14 10:17:30,Saturday,10,150.4,94.5,none,navigation
2026-03-14 10:18:00,Saturday,10,133.0,94.5,none,navigation
2026-03-14 10:18:30,Saturday,10,146.5,94.5,none,indoor_assist
2026-03-14 10:19:00,Saturday,10,114.4,94.4,none,navigation
2026-03-14 10:19:30,Saturday,10,170.7,94.4,none,standby
2026-03-14 10:20:00,Saturday,10,78.4,94.4,obstacle_medium,navigation
2026-03-14 10:20:30,Saturday,10,117.1,94.4,low_battery,indoor_assist
2026-03-14 10:21:00,Saturday,10,104.5,94.4,none,indoor_assist
2026-03-14 10:21:30,Saturday,10,136.6,94.3,obstacle_medium,standby
2026-03-14 10:22:00,Saturday,10,132.6,94.3,none,navigation
2026-03-14 10:22:30,Saturday,10,47.9,94.3,obstacle_medium,indoor_assist
2026-03-14 10:23:00,Saturday,10,99.8,94.3,none,indoor_assist
2026-03-14 10:23:30,Saturday,10,152.8,94.3,none,indoor_assist
2026-03-14 10:24:00,Saturday,10,148.8,94.2,none,indoor_assist
2026-03-14 10:24:30,Saturday,10,93.2,94.2,obstacle_medium,navigation
2026-03-14 10:25:00,Saturday,10,162.6,94.2,none,standby
2026-03-14 10:25:30,Saturday,10,93.2,94.2,obstacle_medium,navigation
2026-03-14 10:26:00,Saturday,10,102.7,94.2,none,indoor_assist
2026-03-14 10:26:30,Saturday,10,122.8,94.1,none,standby
2026-03-14 10:27:00,Saturday,10,118.8,94.1,obstacle_medium,navigation
2026-03-14 10:27:30,Saturday,10,82.3,94.1,none,navigation
2026-03-14 10:28:00,Saturday,10,86.3,94.1,none,indoor_assist
2026-03-14 10:28:30,Saturday,10,109.4,94.1,obstacle_near,indoor_assist
2026-03-14 10:29:00,Saturday,10,90.8,94.0,low_battery,navigation
2026-03-14 10:29:30,Saturday,10,143.2,94.0,none,indoor_assist
2026-03-14 10:30:00,Saturday,10,120.7,94.0,none,navigation
2026-03-14 10:30:30,Saturday,10,69.4,94.0,obstacle_medium,standby
2026-03-14 10:31:00,Saturday,10,103.7,94.0,obstacle_medium,standby
2026-03-14 10:31:30,Saturday,10,88.6,93.9,none,navigation
2026-03-14 10:32:00,Saturday,10,112.9,93.9,obstacle_near,indoor_assist
2026-03-14 10:32:30,Saturday,10,121.7,93.9,none,navigation
2026-03-14 10:33:00,Saturday,10,102.2,93.9,none,navigation
2026-03-14 10:33:30,Saturday,10,123.2,93.9,obstacle_medium,indoor_assist
2026-03-14 10:34:00,Saturday,10,89.5,93.8,none,indoor_assist
2026-03-14 10:34:30,Saturday,10,135.9,93.8,none,navigation
2026-03-14 10:35:00,Saturday,10,115.6,93.8,obstacle_medium,standby
2026-03-14 10:35:30,Saturday,10,81.1,93.8,none,navigation
2026-03-14 10:36:00,Saturday,10,136.9,93.8,none,navigation
2026-03-14 10:36:30,Saturday,10,168.4,93.7,obstacle_medium,indoor_assist
2026-03-14 10:37:00,Saturday,10,146.3,93.7,none,indoor_assist
2026-03-14 10:37:30,Saturday,10,77.6,93.7,obstacle_medium,indoor_assist
2026-03-14 10:38:00,Saturday,10,102.9,93.7,none,navigation
2026-03-14 10:38:30,Saturday,10,145.4,93.7,obstacle_medium,navigation
2026-03-14 10:39:00,Saturday,10,174.0,93.6,none,standby
2026-03-14 10:39:30,Saturday,10,94.9,93.6,obstacle_near,navigation
2026-03-14 10:40:00,Saturday,10,88.0,93.6,none,standby
2026-03-14 10:40:30,Saturday,10,104.3,93.6,obstacle_medium,indoor_assist
2026-03-14 10:41:00,Saturday,10,111.3,93.6,low_battery,navigation
2026-03-14 10:41:30,Saturday,10,91.8,93.5,none,navigation
2026-03-14 10:42:00,Saturday,10,105.5,93.5,none,navigation
2026-03-14 10:42:30,Saturday,10,92.7,93.5,none,indoor_assist
2026-03-14 10:43:00,Saturday,10,193.4,93.5,obstacle_medium,navigation
2026-03-14 10:43:30,Saturday,10,135.4,93.5,none,navigation
2026-03-14 10:44:00,Saturday,10,81.1,93.4,none,navigation
2026-03-14 10:44:30,Saturday,10,147.7,93.4,none,indoor_assist
2026-03-14 10:45:00,Saturday,10,138.8,93.4,low_battery,navigation
2026-03-14 10:45:30,Saturday,10,130.5,93.4,none,indoor_assist
2026-03-14 10:46:00,Saturday,10,141.9,93.4,obstacle_medium,indoor_assist
2026-03-14 10:46:30,Saturday,10,82.0,93.3,none,navigation
2026-03-14 10:47:00,Saturday,10,157.0,93.3,none,navigation
2026-03-14 10:47:30,Saturday,10,130.9,93.3,none,standby
2026-03-14 10:48:00,Saturday,10,143.1,93.3,obstacle_medium,navigation
2026-03-14 10:48:30,Saturday,10,93.7,93.3,low_battery,indoor_assist
2026-03-14 10:49:00,Saturday,10,123.5,93.2,low_battery,indoor_assist
2026-03-14 10:49:30,Saturday,10,122.6,93.2,none,indoor_assist
2026-03-14 10:50:00,Saturday,10,121.3,93.2,none,standby
2026-03-14 10:50:30,Saturday,10,110.7,93.2,obstacle_medium,standby
2026-03-14 10:51:00,Saturday,10,142.6,93.2,none,standby
2026-03-14 10:51:30,Saturday,10,151.3,93.1,none,navigation
2026-03-14 10:52:00,Saturday,10,112.5,93.1,none,standby
2026-03-14 10:52:30,Saturday,10,117.9,93.1,none,navigation
2026-03-14 10:53:00,Saturday,10,166.0,93.1,none,navigation
2026-03-14 10:53:30,Saturday,10,178.8,93.1,none,standby
2026-03-14 10:54:00,Saturday,10,112.5,93.0,obstacle_medium,navigation
2026-03-14 10:54:30,Saturday,10,142.1,93.0,none,navigation
2026-03-14 10:55:00,Saturday,10,151.7,93.0,none,navigation
2026-03-14 10:55:30,Saturday,10,132.9,93.0,none,standby
2026-03-14 10:56:00,Saturday,10,174.7,93.0,none,navigation
2026-03-14 10:56:30,Saturday,10,159.6,92.9,none,navigation
2026-03-14 10:57:00,Saturday,10,116.2,92.9,none,navigation
2026-03-14 10:57:30,Saturday,10,107.8,92.9,obstacle_medium,indoor_assist
2026-03-14 10:58:00,Saturday,10,97.6,92.9,none,navigation
2026-03-14 10:58:30,Saturday,10,107.1,92.9,obstacle_medium,standby
2026-03-14 10:59:00,Saturday,10,118.6,92.8,none,indoor_assist
2026-03-14 10:59:30,Saturday,10,117.6,92.8,none,navigation
2026-03-14 11:00:00,Saturday,11,133.4,92.8,none,standby
2026-03-14 11:00:30,Saturday,11,128.7,92.8,low_battery,navigation
2026-03-14 11:01:00,Saturday,11,73.8,92.8,obstacle_medium,indoor_assist
2026-03-14 11:01:30,Saturday,11,124.5,92.7,none,navigation
2026-03-14 11:02:00,Saturday,11,85.2,92.7,low_battery,navigation
2026-03-14 11:02:30,Saturday,11,117.8,92.7,none,navigation
2026-03-14 11:03:00,Saturday,11,122.9,92.7,none,navigation
2026-03-14 11:03:30,Saturday,11,108.1,92.7,none,navigation
2026-03-14 11:04:00,Saturday,11,135.3,92.6,none,navigation
2026-03-14 11:04:30,Saturday,11,118.6,92.6,fall_detected,navigation
2026-03-14 11:05:00,Saturday,11,84.4,92.6,obstacle_near,navigation
2026-03-14 11:05:30,Saturday,11,170.1,92.6,none,navigation
2026-03-14 11:06:00,Saturday,11,158.3,92.6,none,indoor_assist
2026-03-14 11:06:30,Saturday,11,132.8,92.5,none,navigation
2026-03-14 11:07:00,Saturday,11,119.4,92.5,obstacle_medium,navigation
2026-03-14 11:07:30,Saturday,11,147.6,92.5,none,navigation
2026-03-14 11:08:00,Saturday,11,115.5,92.5,obstacle_medium,navigation
2026-03-14 11:08:30,Saturday,11,131.0,92.5,none,indoor_assist
2026-03-14 11:09:00,Saturday,11,150.8,92.4,none,indoor_assist
2026-03-14 11:09:30,Saturday,11,106.5,92.4,low_battery,indoor_assist
2026-03-14 11:10:00,Saturday,11,146.7,92.4,none,indoor_assist
2026-03-14 11:10:30,Saturday,11,103.0,92.4,none,indoor_assist
2026-03-14 11:11:00,Saturday,11,127.4,92.4,obstacle_medium,standby
2026-03-14 11:11:30,Saturday,11,119.1,92.3,none,navigation
2026-03-14 11:12:00,Saturday,11,52.3,92.3,obstacle_medium,navigation
2026-03-14 11:12:30,Saturday,11,141.3,92.3,none,indoor_assist
2026-03-14 11:13:00,Saturday,11,164.3,92.3,obstacle_medium,indoor_assist
2026-03-14 11:13:30,Saturday,11,81.7,92.3,obstacle_medium,navigation
2026-03-14 11:14:00,Saturday,11,78.2,92.2,obstacle_medium,navigation
2026-03-14 11:14:30,Saturday,11,148.7,92.2,low_battery,standby
2026-03-14 11:15:00,Saturday,11,76.2,92.2,obstacle_medium,standby
2026-03-14 11:15:30,Saturday,11,126.5,92.2,none,navigation
2026-03-14 11:16:00,Saturday,11,121.6,92.2,none,indoor_assist
2026-03-14 11:16:30,Saturday,11,117.4,92.1,none,navigation
2026-03-14 11:17:00,Saturday,11,123.7,92.1,none,navigation
2026-03-14 11:17:30,Saturday,11,127.8,92.1,none,standby
2026-03-14 11:18:00,Saturday,11,162.8,92.1,none,navigation
2026-03-14 11:18:30,Saturday,11,120.9,92.1,none,indoor_assist
2026-03-14 11:19:00,Saturday,11,174.0,92.0,obstacle_medium,navigation
2026-03-14 11:19:30,Saturday,11,116.0,92.0,obstacle_medium,navigation
2026-03-14 11:20:00,Saturday,11,137.3,92.0,obstacle_medium,navigation
2026-03-14 11:20:30,Saturday,11,150.9,92.0,none,navigation
2026-03-14 11:21:00,Saturday,11,124.9,92.0,obstacle_medium,indoor_assist
2026-03-14 11:21:30,Saturday,11,157.7,91.9,low_battery,indoor_assist
2026-03-14 11:22:00,Saturday,11,60.8,91.9,obstacle_medium,navigation
2026-03-14 11:22:30,Saturday,11,130.9,91.9,none,indoor_assist
2026-03-14 11:23:00,Saturday,11,143.5,91.9,obstacle_near,indoor_assist
2026-03-14 11:23:30,Saturday,11,124.8,91.9,low_battery,indoor_assist
2026-03-14 11:24:00,Saturday,11,141.6,91.8,none,indoor_assist
2026-03-14 11:24:30,Saturday,11,139.3,91.8,none,navigation
2026-03-14 11:25:00,Saturday,11,177.7,91.8,none,navigation
2026-03-14 11:25:30,Saturday,11,130.9,91.8,none,standby
2026-03-14 11:26:00,Saturday,11,136.2,91.8,none,indoor_assist
2026-03-14 11:26:30,Saturday,11,112.1,91.7,none,navigation
2026-03-14 11:27:00,Saturday,11,142.4,91.7,none,standby
2026-03-14 11:27:30,Saturday,11,109.4,91.7,none,navigation
2026-03-14 11:28:00,Saturday,11,160.2,91.7,none,navigation
2026-03-14 11:28:30,Saturday,11,115.1,91.7,obstacle_medium,indoor_assist
2026-03-14 11:29:00,Saturday,11,123.9,91.6,none,indoor_assist
2026-03-14 11:29:30,Saturday,11,114.7,91.6,none,indoor_assist
2026-03-14 11:30:00,Saturday,11,107.8,91.6,none,standby
2026-03-14 11:30:30,Saturday,11,142.3,91.6,obstacle_medium,indoor_assist
2026-03-14 11:31:00,Saturday,11,120.9,91.6,none,navigation
2026-03-14 11:31:30,Saturday,11,106.6,91.5,none,indoor_assist
2026-03-14 11:32:00,Saturday,11,105.3,91.5,obstacle_medium,navigation
2026-03-14 11:32:30,Saturday,11,180.5,91.5,obstacle_medium,indoor_assist
2026-03-14 11:33:00,Saturday,11,81.3,91.5,obstacle_near,navigation
2026-03-14 11:33:30,Saturday,11,105.9,91.5,none,standby
2026-03-14 11:34:00,Saturday,11,76.0,91.4,obstacle_medium,standby
2026-03-14 11:34:30,Saturday,11,102.8,91.4,none,indoor_assist
2026-03-14 11:35:00,Saturday,11,132.6,91.4,obstacle_medium,indoor_assist
2026-03-14 11:35:30,Saturday,11,131.2,91.4,none,indoor_assist
2026-03-14 11:36:00,Saturday,11,119.8,91.4,fall_detected,indoor_assist
2026-03-14 11:36:30,Saturday,11,187.0,91.3,none,navigation
2026-03-14 11:37:00,Saturday,11,135.0,91.3,none,standby
2026-03-14 11:37:30,Saturday,11,85.0,91.3,none,indoor_assist
2026-03-14 11:38:00,Saturday,11,102.3,91.3,none,navigation
2026-03-14 11:38:30,Saturday,11,168.1,91.3,none,indoor_assist
2026-03-14 11:39:00,Saturday,11,140.6,91.2,none,indoor_assist
2026-03-14 11:39:30,Saturday,11,84.8,91.2,none,navigation
2026-03-14 11:40:00,Saturday,11,143.4,91.2,none,navigation
2026-03-14 11:40:30,Saturday,11,153.7,91.2,obstacle_near,navigation
2026-03-14 11:41:00,Saturday,11,103.7,91.2,fall_detected,indoor_assist
2026-03-14 11:41:30,Saturday,11,149.0,91.1,none,standby
2026-03-14 11:42:00,Saturday,11,142.8,91.1,none,navigation
2026-03-14 11:42:30,Saturday,11,133.1,91.1,obstacle_medium,indoor_assist
2026-03-14 11:43:00,Saturday,11,156.2,91.1,none,navigation
2026-03-14 11:43:30,Saturday,11,136.8,91.1,obstacle_medium,navigation
2026-03-14 11:44:00,Saturday,11,113.5,91.0,none,indoor_assist
2026-03-14 11:44:30,Saturday,11,153.6,91.0,none,indoor_assist
2026-03-14 11:45:00,Saturday,11,112.8,91.0,none,navigation
2026-03-14 11:45:30,Saturday,11,144.4,91.0,none,navigation
2026-03-14 11:46:00,Saturday,11,122.9,91.0,low_battery,navigation
2026-03-14 11:46:30,Saturday,11,117.1,90.9,none,standby
2026-03-14 11:47:00,Saturday,11,131.7,90.9,obstacle_near,navigation
2026-03-14 11:47:30,Saturday,11,142.6,90.9,obstacle_medium,indoor_assist
2026-03-14 11:48:00,Saturday,11,103.0,90.9,none,standby
2026-03-14 11:48:30,Saturday,11,164.8,90.9,none,navigation
2026-03-14 11:49:00,Saturday,11,94.5,90.8,low_battery,standby
2026-03-14 11:49:30,Saturday,11,114.4,90.8,none,navigation
2026-03-14 11:50:00,Saturday,11,139.5,90.8,none,navigation
2026-03-14 11:50:30,Saturday,11,86.7,90.8,obstacle_medium,navigation
2026-03-14 11:51:00,Saturday,11,123.5,90.8,obstacle_medium,navigation
2026-03-14 11:51:30,Saturday,11,170.8,90.7,none,indoor_assist
2026-03-14 11:52:00,Saturday,11,115.2,90.7,obstacle_medium,navigation
2026-03-14 11:52:30,Saturday,11,138.3,90.7,none,standby
2026-03-14 11:53:00,Saturday,11,139.0,90.7,obstacle_near,navigation
2026-03-14 11:53:30,Saturday,11,142.8,90.7,none,indoor_assist
2026-03-14 11:54:00,Saturday,11,69.3,90.6,obstacle_medium,indoor_assist
2026-03-14 11:54:30,Saturday,11,160.7,90.6,none,navigation
2026-03-14 11:55:00,Saturday,11,115.1,90.6,obstacle_medium,navigation
2026-03-14 11:55:30,Saturday,11,136.8,90.6,none,navigation
2026-03-14 11:56:00,Saturday,11,70.4,90.6,obstacle_medium,navigation
2026-03-14 11:56:30,Saturday,11,106.7,90.5,fall_detected,navigation
2026-03-14 11:57:00,Saturday,11,86.1,90.5,none,standby
2026-03-14 11:57:30,Saturday,11,142.7,90.5,obstacle_near,navigation
2026-03-14 11:58:00,Saturday,11,139.7,90.5,obstacle_near,navigation
2026-03-14 11:58:30,Saturday,11,140.0,90.5,none,indoor_assist
2026-03-14 11:59:00,Saturday,11,94.6,90.4,none,indoor_assist
2026-03-14 11:59:30,Saturday,11,120.0,90.4,obstacle_near,navigation
2026-03-14 12:00:00,Saturday,12,161.1,90.4,obstacle_near,indoor_assist
2026-03-14 12:00:30,Saturday,12,222.1,90.4,none,navigation
2026-03-14 12:01:00,Saturday,12,174.5,90.4,none,indoor_assist
2026-03-14 12:01:30,Saturday,12,176.3,90.3,obstacle_near,indoor_assist
2026-03-14 12:02:00,Saturday,12,216.0,90.3,none,navigation
2026-03-14 12:02:30,Saturday,12,236.2,90.3,obstacle_medium,indoor_assist
2026-03-14 12:03:00,Saturday,12,165.9,90.3,low_battery,navigation
2026-03-14 12:03:30,Saturday,12,233.4,90.3,none,navigation
2026-03-14 12:04:00,Saturday,12,225.3,90.2,none,indoor_assist
2026-03-14 12:04:30,Saturday,12,195.1,90.2,none,standby
2026-03-14 12:05:00,Saturday,12,203.6,90.2,none,indoor_assist
2026-03-14 12:05:30,Saturday,12,224.3,90.2,none,navigation
2026-03-14 12:06:00,Saturday,12,207.6,90.2,none,navigation
2026-03-14 12:06:30,Saturday,12,276.5,90.1,none,indoor_assist
2026-03-14 12:07:00,Saturday,12,224.0,90.1,low_battery,indoor_assist
2026-03-14 12:07:30,Saturday,12,212.3,90.1,none,navigation
2026-03-14 12:08:00,Saturday,12,203.0,90.1,low_battery,indoor_assist
2026-03-14 12:08:30,Saturday,12,185.3,90.1,obstacle_medium,indoor_assist
2026-03-14 12:09:00,Saturday,12,257.5,90.0,none,standby
2026-03-14 12:09:30,Saturday,12,164.7,90.0,none,navigation
2026-03-14 12:10:00,Saturday,12,190.6,90.0,obstacle_medium,navigation
2026-03-14 12:10:30,Saturday,12,204.5,90.0,none,navigation
2026-03-14 12:11:00,Saturday,12,237.1,90.0,obstacle_medium,navigation
2026-03-14 12:11:30,Saturday,12,237.1,89.9,none,navigation
2026-03-14 12:12:00,Saturday,12,170.7,89.9,obstacle_near,indoor_assist
2026-03-14 12:12:30,Saturday,12,191.0,89.9,obstacle_near,navigation
2026-03-14 12:13:00,Saturday,12,213.4,89.9,none,indoor_assist
2026-03-14 12:13:30,Saturday,12,206.2,89.9,none,navigation
2026-03-14 12:14:00,Saturday,12,176.5,89.8,none,navigation
2026-03-14 12:14:30,Saturday,12,175.2,89.8,obstacle_medium,navigation
2026-03-14 12:15:00,Saturday,12,162.8,89.8,none,navigation
2026-03-14 12:15:30,Saturday,12,203.2,89.8,obstacle_medium,indoor_assist
2026-03-14 12:16:00,Saturday,12,175.6,89.8,none,navigation
2026-03-14 12:16:30,Saturday,12,197.4,89.7,none,navigation
2026-03-14 12:17:00,Saturday,12,196.1,89.7,none,navigation
2026-03-14 12:17:30,Saturday,12,216.8,89.7,obstacle_near,indoor_assist
2026-03-14 12:18:00,Saturday,12,174.0,89.7,none,indoor_assist
2026-03-14 12:18:30,Saturday,12,207.8,89.7,none,standby
2026-03-14 12:19:00,Saturday,12,213.3,89.6,none,navigation
2026-03-14 12:19:30,Saturday,12,218.0,89.6,low_battery,navigation
2026-03-14 12:20:00,Saturday,12,180.8,89.6,none,indoor_assist
2026-03-14 12:20:30,Saturday,12,170.2,89.6,obstacle_medium,navigation
2026-03-14 12:21:00,Saturday,12,246.3,89.6,obstacle_medium,indoor_assist
2026-03-14 12:21:30,Saturday,12,189.5,89.5,obstacle_medium,indoor_assist
2026-03-14 12:22:00,Saturday,12,166.7,89.5,none,navigation
2026-03-14 12:22:30,Saturday,12,220.3,89.5,obstacle_medium,indoor_assist
2026-03-14 12:23:00,Saturday,12,213.2,89.5,low_battery,standby
2026-03-14 12:23:30,Saturday,12,203.5,89.5,none,indoor_assist
2026-03-14 12:24:00,Saturday,12,216.4,89.4,low_battery,navigation
2026-03-14 12:24:30,Saturday,12,227.2,89.4,none,standby
2026-03-14 12:25:00,Saturday,12,219.9,89.4,none,navigation
2026-03-14 12:25:30,Saturday,12,179.2,89.4,none,navigation
2026-03-14 12:26:00,Saturday,12,156.7,89.4,none,navigation
2026-03-14 12:26:30,Saturday,12,263.4,89.3,none,indoor_assist
2026-03-14 12:27:00,Saturday,12,180.4,89.3,none,standby
2026-03-14 12:27:30,Saturday,12,246.1,89.3,low_battery,navigation
2026-03-14 12:28:00,Saturday,12,191.5,89.3,obstacle_medium,indoor_assist
2026-03-14 12:28:30,Saturday,12,230.4,89.3,none,indoor_assist
2026-03-14 12:29:00,Saturday,12,203.0,89.2,none,navigation
2026-03-14 12:29:30,Saturday,12,194.5,89.2,obstacle_near,navigation
2026-03-14 12:30:00,Saturday,12,226.7,89.2,none,indoor_assist
2026-03-14 12:30:30,Saturday,12,228.2,89.2,none,navigation
2026-03-14 12:31:00,Saturday,12,204.2,89.2,none,navigation
2026-03-14 12:31:30,Saturday,12,190.9,89.1,none,navigation
2026-03-14 12:32:00,Saturday,12,159.6,89.1,fall_detected,navigation
2026-03-14 12:32:30,Saturday,12,202.0,89.1,obstacle_near,navigation
2026-03-14 12:33:00,Saturday,12,204.0,89.1,none,standby
2026-03-14 12:33:30,Saturday,12,177.2,89.1,obstacle_near,indoor_assist
2026-03-14 12:34:00,Saturday,12,180.9,89.0,none,standby
2026-03-14 12:34:30,Saturday,12,257.4,89.0,obstacle_medium,indoor_assist
2026-03-14 12:35:00,Saturday,12,190.7,89.0,none,standby
2026-03-14 12:35:30,Saturday,12,233.7,89.0,none,indoor_assist
2026-03-14 12:36:00,Saturday,12,199.6,89.0,none,standby
2026-03-14 12:36:30,Saturday,12,196.7,88.9,none,navigation
2026-03-14 12:37:00,Saturday,12,220.8,88.9,none,navigation
2026-03-14 12:37:30,Saturday,12,179.8,88.9,none,navigation
2026-03-14 12:38:00,Saturday,12,212.5,88.9,none,navigation
2026-03-14 12:38:30,Saturday,12,241.6,88.9,none,indoor_assist
2026-03-14 12:39:00,Saturday,12,282.2,88.8,obstacle_medium,navigation
2026-03-14 12:39:30,Saturday,12,171.5,88.8,none,indoor_assist
2026-03-14 12:40:00,Saturday,12,205.7,88.8,none,indoor_assist
2026-03-14 12:40:30,Saturday,12,208.5,88.8,none,indoor_assist
2026-03-14 12:41:00,Saturday,12,176.1,88.8,none,navigation
2026-03-14 12:41:30,Saturday,12,218.6,88.7,obstacle_medium,indoor_assist
2026-03-14 12:42:00,Saturday,12,172.2,88.7,none,indoor_assist
2026-03-14 12:42:30,Saturday,12,148.7,88.7,none,navigation
2026-03-14 12:43:00,Saturday,12,214.9,88.7,none,navigation
2026-03-14 12:43:30,Saturday,12,206.7,88.7,none,indoor_assist
2026-03-14 12:44:00,Saturday,12,237.1,88.6,none,indoor_assist
2026-03-14 12:44:30,Saturday,12,169.8,88.6,low_battery,navigation
2026-03-14 12:45:00,Saturday,12,198.5,88.6,none,navigation
2026-03-14 12:45:30,Saturday,12,277.6,88.6,none,navigation
2026-03-14 12:46:00,Saturday,12,162.5,88.6,obstacle_near,indoor_assist
2026-03-14 12:46:30,Saturday,12,211.8,88.5,obstacle_medium,standby
2026-03-14 12:47:00,Saturday,12,170.4,88.5,none,indoor_assist
2026-03-14 12:47:30,Saturday,12,192.3,88.5,none,navigation
2026-03-14 12:48:00,Saturday,12,225.6,88.5,low_battery,standby
2026-03-14 12:48:30,Saturday,12,165.6,88.5,none,standby
2026-03-14 12:49:00,Saturday,12,194.6,88.4,none,standby
2026-03-14 12:49:30,Saturday,12,196.1,88.4,low_battery,indoor_assist
2026-03-14 12:50:00,Saturday,12,257.1,88.4,obstacle_medium,indoor_assist
2026-03-14 12:50:30,Saturday,12,219.3,88.4,none,navigation
2026-03-14 12:51:00,Saturday,12,180.8,88.4,obstacle_near,indoor_assist
2026-03-14 12:51:30,Saturday,12,191.8,88.3,none,navigation
2026-03-14 12:52:00,Saturday,12,220.9,88.3,none,navigation
2026-03-14 12:52:30,Saturday,12,216.9,88.3,none,indoor_assist
2026-03-14 12:53:00,Saturday,12,182.9,88.3,obstacle_near,standby
2026-03-14 12:53:30,Saturday,12,156.1,88.3,obstacle_medium,indoor_assist
2026-03-14 12:54:00,Saturday,12,157.3,88.2,none,navigation
2026-03-14 12:54:30,Saturday,12,197.4,88.2,low_battery,navigation
2026-03-14 12:55:00,Saturday,12,195.2,88.2,obstacle_near,navigation
2026-03-14 12:55:30,Saturday,12,223.4,88.2,none,navigation
2026-03-14 12:56:00,Saturday,12,178.1,88.2,obstacle_medium,indoor_assist
2026-03-14 12:56:30,Saturday,12,147.6,88.1,obstacle_medium,indoor_assist
2026-03-14 12:57:00,Saturday,12,205.3,88.1,none,indoor_assist
2026-03-14 12:57:30,Saturday,12,225.3,88.1,obstacle_medium,indoor_assist
2026-03-14 12:58:00,Saturday,12,267.6,88.1,none,navigation
2026-03-14 12:58:30,Saturday,12,205.1,88.1,low_battery,navigation
2026-03-14 12:59:00,Saturday,12,217.7,88.0,low_battery,navigation
2026-03-14 12:59:30,Saturday,12,172.4,88.0,none,navigation
2026-03-14 13:00:00,Saturday,13,240.6,88.0,none,navigation
2026-03-14 13:00:30,Saturday,13,165.8,88.0,none,indoor_assist
2026-03-14 13:01:00,Saturday,13,187.7,88.0,none,navigation
2026-03-14 13:01:30,Saturday,13,183.9,87.9,obstacle_medium,indoor_assist
2026-03-14 13:02:00,Saturday,13,135.2,87.9,none,navigation
2026-03-14 13:02:30,Saturday,13,254.1,87.9,obstacle_medium,indoor_assist
2026-03-14 13:03:00,Saturday,13,213.7,87.9,none,indoor_assist
2026-03-14 13:03:30,Saturday,13,173.8,87.9,none,indoor_assist
2026-03-14 13:04:00,Saturday,13,205.9,87.8,none,indoor_assist
2026-03-14 13:04:30,Saturday,13,209.3,87.8,none,navigation
2026-03-14 13:05:00,Saturday,13,220.3,87.8,obstacle_medium,navigation
2026-03-14 13:05:30,Saturday,13,197.3,87.8,none,indoor_assist
2026-03-14 13:06:00,Saturday,13,171.5,87.8,obstacle_medium,navigation
2026-03-14 13:06:30,Saturday,13,215.2,87.7,none,navigation
2026-03-14 13:07:00,Saturday,13,200.7,87.7,none,indoor_assist
2026-03-14 13:07:30,Saturday,13,243.8,87.7,low_battery,navigation
2026-03-14 13:08:00,Saturday,13,192.8,87.7,none,indoor_assist
2026-03-14 13:08:30,Saturday,13,188.8,87.7,none,navigation
2026-03-14 13:09:00,Saturday,13,184.4,87.6,low_battery,navigation
2026-03-14 13:09:30,Saturday,13,166.1,87.6,none,indoor_assist
2026-03-14 13:10:00,Saturday,13,214.4,87.6,none,navigation
2026-03-14 13:10:30,Saturday,13,253.2,87.6,none,navigation
2026-03-14 13:11:00,Saturday,13,230.8,87.6,obstacle_medium,indoor_assist
2026-03-14 13:11:30,Saturday,13,246.9,87.5,none,indoor_assist
2026-03-14 13:12:00,Saturday,13,186.2,87.5,obstacle_near,navigation
2026-03-14 13:12:30,Saturday,13,181.6,87.5,none,navigation
2026-03-14 13:13:00,Saturday,13,174.0,87.5,none,navigation
2026-03-14 13:13:30,Saturday,13,255.3,87.5,obstacle_medium,navigation
2026-03-14 13:14:00,Saturday,13,211.2,87.4,obstacle_medium,standby
2026-03-14 13:14:30,Saturday,13,168.2,87.4,none,indoor_assist
2026-03-14 13:15:00,Saturday,13,138.5,87.4,none,indoor_assist
2026-03-14 13:15:30,Saturday,13,211.0,87.4,none,navigation
2026-03-14 13:16:00,Saturday,13,238.3,87.4,none,indoor_assist
2026-03-14 13:16:30,Saturday,13,156.6,87.3,none,standby
2026-03-14 13:17:00,Saturday,13,214.2,87.3,none,indoor_assist
2026-03-14 13:17:30,Saturday,13,195.4,87.3,obstacle_medium,navigation
2026-03-14 13:18:00,Saturday,13,195.2,87.3,none,navigation
2026-03-14 13:18:30,Saturday,13,156.6,87.3,none,navigation
2026-03-14 13:19:00,Saturday,13,188.3,87.2,obstacle_near,indoor_assist
2026-03-14 13:19:30,Saturday,13,204.4,87.2,none,navigation
2026-03-14 13:20:00,Saturday,13,215.6,87.2,none,standby
2026-03-14 13:20:30,Saturday,13,242.2,87.2,none,navigation
2026-03-14 13:21:00,Saturday,13,168.3,87.2,none,navigation
2026-03-14 13:21:30,Saturday,13,151.0,87.1,none,indoor_assist
2026-03-14 13:22:00,Saturday,13,226.5,87.1,none,standby
2026-03-14 13:22:30,Saturday,13,154.7,87.1,none,indoor_assist
2026-03-14 13:23:00,Saturday,13,171.2,87.1,none,navigation
2026-03-14 13:23:30,Saturday,13,204.6,87.1,none,navigation
2026-03-14 13:24:00,Saturday,13,175.9,87.0,none,indoor_assist
2026-03-14 13:24:30,Saturday,13,207.0,87.0,none,standby
2026-03-14 13:25:00,Saturday,13,217.7,87.0,obstacle_near,indoor_assist
2026-03-14 13:25:30,Saturday,13,249.0,87.0,none,navigation
2026-03-14 13:26:00,Saturday,13,211.0,87.0,obstacle_medium,indoor_assist
2026-03-14 13:26:30,Saturday,13,178.2,86.9,none,navigation
2026-03-14 13:27:00,Saturday,13,207.9,86.9,none,navigation
2026-03-14 13:27:30,Saturday,13,158.8,86.9,none,indoor_assist
2026-03-14 13:28:00,Saturday,13,201.4,86.9,none,navigation
2026-03-14 13:28:30,Saturday,13,177.6,86.9,obstacle_near,indoor_assist
2026-03-14 13:29:00,Saturday,13,177.8,86.8,obstacle_near,navigation
2026-03-14 13:29:30,Saturday,13,203.1,86.8,none,indoor_assist
2026-03-14 13:30:00,Saturday,13,249.3,86.8,none,indoor_assist
2026-03-14 13:30:30,Saturday,13,243.1,86.8,obstacle_medium,navigation
2026-03-14 13:31:00,Saturday,13,183.2,86.8,none,navigation
2026-03-14 13:31:30,Saturday,13,136.4,86.7,obstacle_near,navigation
2026-03-14 13:32:00,Saturday,13,155.7,86.7,none,indoor_assist
2026-03-14 13:32:30,Saturday,13,182.3,86.7,none,indoor_assist
2026-03-14 13:33:00,Saturday,13,244.0,86.7,obstacle_medium,navigation
2026-03-14 13:33:30,Saturday,13,149.2,86.7,none,indoor_assist
2026-03-14 13:34:00,Saturday,13,160.0,86.6,none,navigation
2026-03-14 13:34:30,Saturday,13,249.5,86.6,none,navigation
2026-03-14 13:35:00,Saturday,13,219.2,86.6,fall_detected,standby
2026-03-14 13:35:30,Saturday,13,212.4,86.6,none,navigation
2026-03-14 13:36:00,Saturday,13,160.8,86.6,none,navigation
2026-03-14 13:36:30,Saturday,13,156.3,86.5,obstacle_medium,standby
2026-03-14 13:37:00,Saturday,13,281.8,86.5,none,navigation
2026-03-14 13:37:30,Saturday,13,253.1,86.5,none,navigation
2026-03-14 13:38:00,Saturday,13,222.0,86.5,none,indoor_assist
2026-03-14 13:38:30,Saturday,13,228.8,86.5,low_battery,standby
2026-03-14 13:39:00,Saturday,13,273.1,86.4,none,navigation
2026-03-14 13:39:30,Saturday,13,148.1,86.4,obstacle_near,indoor_assist
2026-03-14 13:40:00,Saturday,13,181.8,86.4,none,navigation
2026-03-14 13:40:30,Saturday,13,154.7,86.4,none,navigation
2026-03-14 13:41:00,Saturday,13,183.4,86.4,none,navigation
2026-03-14 13:41:30,Saturday,13,246.8,86.3,none,indoor_assist
2026-03-14 13:42:00,Saturday,13,189.2,86.3,obstacle_medium,standby
2026-03-14 13:42:30,Saturday,13,217.5,86.3,none,indoor_assist
2026-03-14 13:43:00,Saturday,13,192.1,86.3,none,navigation
2026-03-14 13:43:30,Saturday,13,138.8,86.3,fall_detected,standby
2026-03-14 13:44:00,Saturday,13,237.0,86.2,none,indoor_assist
2026-03-14 13:44:30,Saturday,13,145.6,86.2,none,navigation
2026-03-14 13:45:00,Saturday,13,265.2,86.2,obstacle_near,navigation
2026-03-14 13:45:30,Saturday,13,205.3,86.2,obstacle_near,indoor_assist
2026-03-14 13:46:00,Saturday,13,190.6,86.2,none,navigation
2026-03-14 13:46:30,Saturday,13,194.1,86.1,obstacle_near,standby
2026-03-14 13:47:00,Saturday,13,222.4,86.1,obstacle_near,indoor_assist
2026-03-14 13:47:30,Saturday,13,170.6,86.1,none,navigation
2026-03-14 13:48:00,Saturday,13,192.4,86.1,none,standby
2026-03-14 13:48:30,Saturday,13,177.0,86.1,none,navigation
2026-03-14 13:49:00,Saturday,13,182.9,86.0,fall_detected,standby
2026-03-14 13:49:30,Saturday,13,161.8,86.0,none,indoor_assist
2026-03-14 13:50:00,Saturday,13,188.8,86.0,none,navigation
2026-03-14 13:50:30,Saturday,13,206.4,86.0,none,indoor_assist
2026-03-14 13:51:00,Saturday,13,145.4,86.0,obstacle_medium,navigation
2026-03-14 13:51:30,Saturday,13,195.9,85.9,none,indoor_assist
2026-03-14 13:52:00,Saturday,13,149.8,85.9,none,navigation
2026-03-14 13:52:30,Saturday,13,270.3,85.9,none,indoor_assist
2026-03-14 13:53:00,Saturday,13,198.7,85.9,obstacle_near,navigation
2026-03-14 13:53:30,Saturday,13,233.2,85.9,none,navigation
2026-03-14 13:54:00,Saturday,13,249.6,85.8,obstacle_near,navigation
2026-03-14 13:54:30,Saturday,13,107.2,85.8,none,navigation
2026-03-14 13:55:00,Saturday,13,204.2,85.8,none,navigation
2026-03-14 13:55:30,Saturday,13,177.9,85.8,none,indoor_assist
2026-03-14 13:56:00,Saturday,13,181.8,85.8,obstacle_medium,indoor_assist
2026-03-14 13:56:30,Saturday,13,183.1,85.7,none,indoor_assist
2026-03-14 13:57:00,Saturday,13,220.0,85.7,fall_detected,standby
2026-03-14 13:57:30,Saturday,13,224.2,85.7,none,navigation
2026-03-14 13:58:00,Saturday,13,247.7,85.7,none,navigation
2026-03-14 13:58:30,Saturday,13,208.7,85.7,none,standby
2026-03-14 13:59:00,Saturday,13,165.8,85.6,none,navigation
2026-03-14 13:59:30,Saturday,13,198.0,85.6,none,indoor_assist
2026-03-14 14:00:00,Saturday,14,214.2,85.6,none,indoor_assist
2026-03-14 14:00:30,Saturday,14,267.1,85.6,none,navigation
2026-03-14 14:01:00,Saturday,14,237.3,85.6,none,indoor_assist
2026-03-14 14:01:30,Saturday,14,222.9,85.5,obstacle_medium,standby
2026-03-14 14:02:00,Saturday,14,208.3,85.5,none,navigation
2026-03-14 14:02:30,Saturday,14,215.6,85.5,none,indoor_assist
2026-03-14 14:03:00,Saturday,14,246.4,85.5,obstacle_medium,indoor_assist
2026-03-14 14:03:30,Saturday,14,203.3,85.5,obstacle_medium,navigation
2026-03-14 14:04:00,Saturday,14,207.5,85.4,none,indoor_assist
2026-03-14 14:04:30,Saturday,14,183.3,85.4,none,indoor_assist
2026-03-14 14:05:00,Saturday,14,201.1,85.4,low_battery,indoor_assist
2026-03-14 14:05:30,Saturday,14,199.8,85.4,none,indoor_assist
2026-03-14 14:06:00,Saturday,14,220.8,85.4,none,navigation
2026-03-14 14:06:30,Saturday,14,216.4,85.3,obstacle_medium,navigation
2026-03-14 14:07:00,Saturday,14,172.0,85.3,low_battery,indoor_assist
2026-03-14 14:07:30,Saturday,14,178.8,85.3,obstacle_medium,indoor_assist
2026-03-14 14:08:00,Saturday,14,235.8,85.3,none,standby
2026-03-14 14:08:30,Saturday,14,190.7,85.3,none,standby
2026-03-14 14:09:00,Saturday,14,186.9,85.2,obstacle_medium,standby
2026-03-14 14:09:30,Saturday,14,250.0,85.2,none,navigation
2026-03-14 14:10:00,Saturday,14,166.1,85.2,none,navigation
2026-03-14 14:10:30,Saturday,14,180.6,85.2,none,standby
2026-03-14 14:11:00,Saturday,14,218.8,85.2,obstacle_medium,indoor_assist
2026-03-14 14:11:30,Saturday,14,179.4,85.1,obstacle_medium,navigation
2026-03-14 14:12:00,Saturday,14,236.3,85.1,obstacle_near,standby
2026-03-14 14:12:30,Saturday,14,194.7,85.1,none,navigation
2026-03-14 14:13:00,Saturday,14,196.2,85.1,low_battery,indoor_assist
2026-03-14 14:13:30,Saturday,14,181.3,85.1,obstacle_medium,standby
2026-03-14 14:14:00,Saturday,14,141.7,85.0,none,navigation
2026-03-14 14:14:30,Saturday,14,176.4,85.0,obstacle_near,navigation
2026-03-14 14:15:00,Saturday,14,216.5,85.0,obstacle_medium,navigation
2026-03-14 14:15:30,Saturday,14,201.7,85.0,none,navigation
2026-03-14 14:16:00,Saturday,14,192.7,85.0,none,indoor_assist
2026-03-14 14:16:30,Saturday,14,191.9,84.9,obstacle_near,navigation
2026-03-14 14:17:00,Saturday,14,128.8,84.9,none,indoor_assist
2026-03-14 14:17:30,Saturday,14,165.6,84.9,none,standby
2026-03-14 14:18:00,Saturday,14,230.7,84.9,none,navigation
2026-03-14 14:18:30,Saturday,14,249.8,84.9,obstacle_medium,indoor_assist
2026-03-14 14:19:00,Saturday,14,153.2,84.8,obstacle_near,standby
2026-03-14 14:19:30,Saturday,14,241.5,84.8,none,navigation
2026-03-14 14:20:00,Saturday,14,215.3,84.8,obstacle_medium,navigation
2026-03-14 14:20:30,Saturday,14,217.6,84.8,none,navigation
2026-03-14 14:21:00,Saturday,14,188.3,84.8,none,navigation
2026-03-14 14:21:30,Saturday,14,162.6,84.7,none,indoor_assist
2026-03-14 14:22:00,Saturday,14,246.3,84.7,none,standby
2026-03-14 14:22:30,Saturday,14,198.3,84.7,none,indoor_assist
2026-03-14 14:23:00,Saturday,14,202.0,84.7,none,standby
2026-03-14 14:23:30,Saturday,14,174.5,84.7,none,navigation
2026-03-14 14:24:00,Saturday,14,205.9,84.6,obstacle_near,navigation
2026-03-14 14:24:30,Saturday,14,165.4,84.6,none,indoor_assist
2026-03-14 14:25:00,Saturday,14,183.5,84.6,none,navigation
2026-03-14 14:25:30,Saturday,14,219.5,84.6,none,navigation
2026-03-14 14:26:00,Saturday,14,176.7,84.6,none,indoor_assist
2026-03-14 14:26:30,Saturday,14,221.6,84.5,none,navigation
2026-03-14 14:27:00,Saturday,14,214.0,84.5,none,navigation
2026-03-14 14:27:30,Saturday,14,185.8,84.5,obstacle_medium,navigation
2026-03-14 14:28:00,Saturday,14,198.8,84.5,none,navigation
2026-03-14 14:28:30,Saturday,14,178.4,84.5,none,navigation
2026-03-14 14:29:00,Saturday,14,216.7,84.4,none,navigation
2026-03-14 14:29:30,Saturday,14,226.3,84.4,none,navigation
2026-03-14 14:30:00,Saturday,14,193.3,84.4,none,indoor_assist
2026-03-14 14:30:30,Saturday,14,216.0,84.4,none,indoor_assist
2026-03-14 14:31:00,Saturday,14,235.7,84.4,none,navigation
2026-03-14 14:31:30,Saturday,14,201.0,84.3,none,indoor_assist
2026-03-14 14:32:00,Saturday,14,205.5,84.3,obstacle_medium,indoor_assist
2026-03-14 14:32:30,Saturday,14,159.2,84.3,low_battery,navigation
2026-03-14 14:33:00,Saturday,14,231.5,84.3,none,navigation
2026-03-14 14:33:30,Saturday,14,195.1,84.3,none,navigation
2026-03-14 14:34:00,Saturday,14,204.4,84.2,none,navigation
2026-03-14 14:34:30,Saturday,14,147.1,84.2,none,navigation
2026-03-14 14:35:00,Saturday,14,210.8,84.2,none,indoor_assist
2026-03-14 14:35:30,Saturday,14,221.2,84.2,obstacle_near,navigation
2026-03-14 14:36:00,Saturday,14,187.3,84.2,none,indoor_assist
2026-03-14 14:36:30,Saturday,14,265.8,84.1,none,indoor_assist
2026-03-14 14:37:00,Saturday,14,137.1,84.1,none,navigation
2026-03-14 14:37:30,Saturday,14,221.8,84.1,none,navigation
2026-03-14 14:38:00,Saturday,14,155.2,84.1,none,standby
2026-03-14 14:38:30,Saturday,14,149.2,84.1,obstacle_near,indoor_assist
2026-03-14 14:39:00,Saturday,14,230.9,84.0,none,standby
2026-03-14 14:39:30,Saturday,14,205.6,84.0,obstacle_medium,navigation
2026-03-14 14:40:00,Saturday,14,231.2,100.0,obstacle_near,standby
2026-03-14 14:40:30,Saturday,14,234.3,100.0,obstacle_near,navigation
2026-03-14 14:41:00,Saturday,14,176.0,100.0,none,standby
2026-03-14 14:41:30,Saturday,14,190.1,99.9,obstacle_medium,navigation
2026-03-14 14:42:00,Saturday,14,195.8,99.9,none,navigation
2026-03-14 14:42:30,Saturday,14,245.3,99.9,obstacle_medium,navigation
2026-03-14 14:43:00,Saturday,14,231.9,99.9,obstacle_medium,indoor_assist
2026-03-14 14:43:30,Saturday,14,160.7,99.9,none,navigation
2026-03-14 14:44:00,Saturday,14,227.5,99.8,none,navigation
2026-03-14 14:44:30,Saturday,14,234.2,99.8,none,navigation
2026-03-14 14:45:00,Saturday,14,213.3,99.8,low_battery,indoor_assist
2026-03-14 14:45:30,Saturday,14,230.6,99.8,none,navigation
2026-03-14 14:46:00,Saturday,14,218.2,99.8,obstacle_medium,navigation
2026-03-14 14:46:30,Saturday,14,240.7,99.7,none,navigation
2026-03-14 14:47:00,Saturday,14,216.8,99.7,none,navigation
2026-03-14 14:47:30,Saturday,14,244.5,99.7,none,navigation
2026-03-14 14:48:00,Saturday,14,203.4,99.7,none,indoor_assist
2026-03-14 14:48:30,Saturday,14,117.8,99.7,none,indoor_assist
2026-03-14 14:49:00,Saturday,14,194.6,99.6,none,standby
2026-03-14 14:49:30,Saturday,14,210.8,99.6,none,navigation
2026-03-14 14:50:00,Saturday,14,200.8,99.6,none,navigation
2026-03-14 14:50:30,Saturday,14,178.9,99.6,none,navigation
2026-03-14 14:51:00,Saturday,14,222.5,99.6,none,navigation
2026-03-14 14:51:30,Saturday,14,253.4,99.5,none,navigation
2026-03-14 14:52:00,Saturday,14,216.5,99.5,obstacle_medium,navigation
2026-03-14 14:52:30,Saturday,14,199.8,99.5,none,standby
2026-03-14 14:53:00,Saturday,14,190.2,99.5,none,indoor_assist
2026-03-14 14:53:30,Saturday,14,150.1,99.5,low_battery,navigation
2026-03-14 14:54:00,Saturday,14,200.1,99.4,low_battery,navigation
2026-03-14 14:54:30,Saturday,14,192.8,99.4,none,indoor_assist
2026-03-14 14:55:00,Saturday,14,196.1,99.4,none,navigation
2026-03-14 14:55:30,Saturday,14,203.2,99.4,none,navigation
2026-03-14 14:56:00,Saturday,14,211.0,99.4,none,navigation
2026-03-14 14:56:30,Saturday,14,180.7,99.3,none,navigation
2026-03-14 14:57:00,Saturday,14,244.3,99.3,none,navigation
2026-03-14 14:57:30,Saturday,14,222.2,99.3,obstacle_near,navigation
2026-03-14 14:58:00,Saturday,14,170.0,99.3,obstacle_medium,indoor_assist
2026-03-14 14:58:30,Saturday,14,173.4,99.3,none,indoor_assist
2026-03-14 14:59:00,Saturday,14,181.2,99.2,none,standby
2026-03-14 14:59:30,Saturday,14,210.5,99.2,none,navigation
2026-03-14 15:00:00,Saturday,15,211.1,99.2,none,indoor_assist
2026-03-14 15:00:30,Saturday,15,144.8,99.2,none,navigation
2026-03-14 15:01:00,Saturday,15,160.8,99.2,none,indoor_assist
2026-03-14 15:01:30,Saturday,15,258.3,99.1,obstacle_near,navigation
2026-03-14 15:02:00,Saturday,15,212.2,99.1,none,standby
2026-03-14 15:02:30,Saturday,15,172.2,99.1,obstacle_medium,navigation
2026-03-14 15:03:00,Saturday,15,197.5,99.1,low_battery,navigation
2026-03-14 15:03:30,Saturday,15,185.9,99.1,none,navigation
2026-03-14 15:04:00,Saturday,15,159.9,99.0,obstacle_near,indoor_assist
2026-03-14 15:04:30,Saturday,15,208.5,99.0,low_battery,navigation
2026-03-14 15:05:00,Saturday,15,194.9,99.0,none,indoor_assist
2026-03-14 15:05:30,Saturday,15,222.6,99.0,none,indoor_assist
2026-03-14 15:06:00,Saturday,15,200.5,99.0,none,standby
2026-03-14 15:06:30,Saturday,15,262.1,98.9,obstacle_medium,navigation
2026-03-14 15:07:00,Saturday,15,190.0,98.9,none,navigation
2026-03-14 15:07:30,Saturday,15,185.6,98.9,obstacle_medium,indoor_assist
2026-03-14 15:08:00,Saturday,15,186.8,98.9,none,navigation
2026-03-14 15:08:30,Saturday,15,227.7,98.9,none,navigation
2026-03-14 15:09:00,Saturday,15,245.4,98.8,none,indoor_assist
2026-03-14 15:09:30,Saturday,15,246.3,98.8,none,navigation
2026-03-14 15:10:00,Saturday,15,207.7,98.8,none,indoor_assist
2026-03-14 15:10:30,Saturday,15,212.4,98.8,obstacle_medium,navigation
2026-03-14 15:11:00,Saturday,15,178.4,98.8,none,navigation
2026-03-14 15:11:30,Saturday,15,199.5,98.7,none,navigation
2026-03-14 15:12:00,Saturday,15,189.2,98.7,none,navigation
2026-03-14 15:12:30,Saturday,15,195.1,98.7,none,indoor_assist
2026-03-14 15:13:00,Saturday,15,205.3,98.7,obstacle_medium,indoor_assist
2026-03-14 15:13:30,Saturday,15,204.6,98.7,none,navigation
2026-03-14 15:14:00,Saturday,15,182.8,98.6,none,indoor_assist
2026-03-14 15:14:30,Saturday,15,178.3,98.6,none,navigation
2026-03-14 15:15:00,Saturday,15,207.6,98.6,none,navigation
2026-03-14 15:15:30,Saturday,15,221.7,98.6,none,navigation
2026-03-14 15:16:00,Saturday,15,204.8,98.6,none,navigation
2026-03-14 15:16:30,Saturday,15,171.2,98.5,none,indoor_assist
2026-03-14 15:17:00,Saturday,15,237.6,98.5,none,navigation
2026-03-14 15:17:30,Saturday,15,167.7,98.5,obstacle_near,indoor_assist
2026-03-14 15:18:00,Saturday,15,167.1,98.5,none,navigation
2026-03-14 15:18:30,Saturday,15,199.4,98.5,none,navigation
2026-03-14 15:19:00,Saturday,15,162.2,98.4,obstacle_medium,navigation
2026-03-14 15:19:30,Saturday,15,170.8,98.4,none,indoor_assist
2026-03-14 15:20:00,Saturday,15,196.7,98.4,none,navigation
2026-03-14 15:20:30,Saturday,15,210.8,98.4,none,indoor_assist
2026-03-14 15:21:00,Saturday,15,209.8,98.4,fall_detected,indoor_assist
2026-03-14 15:21:30,Saturday,15,206.8,98.3,obstacle_medium,navigation
2026-03-14 15:22:00,Saturday,15,247.7,98.3,obstacle_medium,navigation
2026-03-14 15:22:30,Saturday,15,215.0,98.3,none,navigation
2026-03-14 15:23:00,Saturday,15,193.7,98.3,obstacle_medium,indoor_assist
2026-03-14 15:23:30,Saturday,15,215.8,98.3,none,navigation
2026-03-14 15:24:00,Saturday,15,200.7,98.2,none,navigation
2026-03-14 15:24:30,Saturday,15,207.6,98.2,none,standby
2026-03-14 15:25:00,Saturday,15,182.8,98.2,none,indoor_assist
2026-03-14 15:25:30,Saturday,15,167.8,98.2,obstacle_medium,indoor_assist
2026-03-14 15:26:00,Saturday,15,203.0,98.2,none,navigation
2026-03-14 15:26:30,Saturday,15,238.6,98.1,none,navigation
2026-03-14 15:27:00,Saturday,15,200.8,98.1,obstacle_near,indoor_assist
2026-03-14 15:27:30,Saturday,15,229.3,98.1,none,navigation
2026-03-14 15:28:00,Saturday,15,165.7,98.1,obstacle_near,navigation
2026-03-14 15:28:30,Saturday,15,203.0,98.1,obstacle_medium,navigation
2026-03-14 15:29:00,Saturday,15,189.3,98.0,none,standby
2026-03-14 15:29:30,Saturday,15,148.9,98.0,none,navigation
2026-03-14 15:30:00,Saturday,15,196.6,98.0,none,indoor_assist
2026-03-14 15:30:30,Saturday,15,228.4,98.0,none,indoor_assist
2026-03-14 15:31:00,Saturday,15,191.9,98.0,none,indoor_assist
2026-03-14 15:31:30,Saturday,15,217.1,97.9,obstacle_medium,navigation
2026-03-14 15:32:00,Saturday,15,209.7,97.9,none,indoor_assist
2026-03-14 15:32:30,Saturday,15,150.7,97.9,none,navigation
2026-03-14 15:33:00,Saturday,15,173.3,97.9,obstacle_medium,navigation
2026-03-14 15:33:30,Saturday,15,231.0,97.9,none,indoor_assist
2026-03-14 15:34:00,Saturday,15,173.3,97.8,none,navigation
2026-03-14 15:34:30,Saturday,15,180.6,97.8,none,indoor_assist
2026-03-14 15:35:00,Saturday,15,237.5,97.8,none,navigation
2026-03-14 15:35:30,Saturday,15,233.6,97.8,obstacle_medium,navigation
2026-03-14 15:36:00,Saturday,15,173.8,97.8,obstacle_medium,navigation
2026-03-14 15:36:30,Saturday,15,184.6,97.7,none,standby
2026-03-14 15:37:00,Saturday,15,180.4,97.7,obstacle_near,navigation
2026-03-14 15:37:30,Saturday,15,207.7,97.7,obstacle_medium,navigation
2026-03-14 15:38:00,Saturday,15,143.6,97.7,none,navigation
2026-03-14 15:38:30,Saturday,15,183.8,97.7,none,navigation
2026-03-14 15:39:00,Saturday,15,229.2,97.6,none,indoor_assist
2026-03-14 15:39:30,Saturday,15,235.2,97.6,low_battery,navigation
2026-03-14 15:40:00,Saturday,15,222.9,97.6,none,navigation
2026-03-14 15:40:30,Saturday,15,210.6,97.6,none,navigation
2026-03-14 15:41:00,Saturday,15,205.0,97.6,none,navigation
2026-03-14 15:41:30,Saturday,15,224.7,97.5,none,indoor_assist
2026-03-14 15:42:00,Saturday,15,192.5,97.5,none,navigation
2026-03-14 15:42:30,Saturday,15,183.0,97.5,low_battery,navigation
2026-03-14 15:43:00,Saturday,15,126.4,97.5,none,navigation
2026-03-14 15:43:30,Saturday,15,145.8,97.5,none,navigation
2026-03-14 15:44:00,Saturday,15,222.4,97.4,none,indoor_assist
2026-03-14 15:44:30,Saturday,15,203.9,97.4,none,indoor_assist
2026-03-14 15:45:00,Saturday,15,256.1,97.4,obstacle_medium,indoor_assist
2026-03-14 15:45:30,Saturday,15,160.5,97.4,none,navigation
2026-03-14 15:46:00,Saturday,15,236.9,97.4,none,indoor_assist
2026-03-14 15:46:30,Saturday,15,206.6,97.3,none,navigation
2026-03-14 15:47:00,Saturday,15,208.3,97.3,none,indoor_assist
2026-03-14 15:47:30,Saturday,15,257.1,97.3,obstacle_medium,standby
2026-03-14 15:48:00,Saturday,15,208.7,97.3,none,navigation
2026-03-14 15:48:30,Saturday,15,153.8,97.3,none,navigation
2026-03-14 15:49:00,Saturday,15,225.1,97.2,obstacle_medium,navigation
2026-03-14 15:49:30,Saturday,15,209.5,97.2,none,navigation
2026-03-14 15:50:00,Saturday,15,197.9,97.2,none,navigation
2026-03-14 15:50:30,Saturday,15,154.4,97.2,none,navigation
2026-03-14 15:51:00,Saturday,15,218.9,97.2,none,navigation
2026-03-14 15:51:30,Saturday,15,228.6,97.1,none,navigation
2026-03-14 15:52:00,Saturday,15,122.1,97.1,none,navigation
2026-03-14 15:52:30,Saturday,15,155.0,97.1,none,navigation
2026-03-14 15:53:00,Saturday,15,160.8,97.1,none,indoor_assist
2026-03-14 15:53:30,Saturday,15,213.2,97.1,none,indoor_assist
2026-03-14 15:54:00,Saturday,15,175.7,97.0,none,indoor_assist
2026-03-14 15:54:30,Saturday,15,203.5,97.0,obstacle_near,navigation
2026-03-14 15:55:00,Saturday,15,209.6,97.0,obstacle_medium,navigation
2026-03-14 15:55:30,Saturday,15,189.5,97.0,none,indoor_assist
2026-03-14 15:56:00,Saturday,15,228.1,97.0,none,indoor_assist
2026-03-14 15:56:30,Saturday,15,197.9,96.9,none,navigation
2026-03-14 15:57:00,Saturday,15,273.2,96.9,none,navigation
2026-03-14 15:57:30,Saturday,15,171.3,96.9,none,indoor_assist
2026-03-14 15:58:00,Saturday,15,245.3,96.9,none,navigation
2026-03-14 15:58:30,Saturday,15,187.6,96.9,none,navigation
2026-03-14 15:59:00,Saturday,15,233.5,96.8,none,navigation
2026-03-14 15:59:30,Saturday,15,222.5,96.8,none,indoor_assist
2026-03-14 16:00:00,Saturday,16,118.4,96.8,obstacle_medium,indoor_assist
2026-03-14 16:00:30,Saturday,16,69.8,96.8,obstacle_medium,navigation
2026-03-14 16:01:00,Saturday,16,150.6,96.8,obstacle_medium,indoor_assist
2026-03-14 16:01:30,Saturday,16,101.6,96.7,obstacle_medium,standby
2026-03-14 16:02:00,Saturday,16,109.4,96.7,none,navigation
2026-03-14 16:02:30,Saturday,16,78.0,96.7,obstacle_medium,standby
2026-03-14 16:03:00,Saturday,16,115.2,96.7,obstacle_medium,indoor_assist
2026-03-14 16:03:30,Saturday,16,106.0,96.7,none,navigation
2026-03-14 16:04:00,Saturday,16,100.6,96.6,none,navigation
2026-03-14 16:04:30,Saturday,16,120.8,96.6,none,indoor_assist
2026-03-14 16:05:00,Saturday,16,108.6,96.6,obstacle_medium,indoor_assist
2026-03-14 16:05:30,Saturday,16,90.7,96.6,obstacle_near,indoor_assist
2026-03-14 16:06:00,Saturday,16,96.7,96.6,obstacle_near,indoor_assist
2026-03-14 16:06:30,Saturday,16,116.0,96.5,none,indoor_assist
2026-03-14 16:07:00,Saturday,16,152.0,96.5,obstacle_medium,navigation
2026-03-14 16:07:30,Saturday,16,131.8,96.5,low_battery,indoor_assist
2026-03-14 16:08:00,Saturday,16,109.3,96.5,none,standby
2026-03-14 16:08:30,Saturday,16,138.6,96.5,none,navigation
2026-03-14 16:09:00,Saturday,16,87.4,96.4,none,navigation
2026-03-14 16:09:30,Saturday,16,97.0,96.4,none,navigation
2026-03-14 16:10:00,Saturday,16,115.5,96.4,obstacle_medium,standby
2026-03-14 16:10:30,Saturday,16,79.4,96.4,obstacle_medium,standby
2026-03-14 16:11:00,Saturday,16,162.9,96.4,obstacle_near,indoor_assist
2026-03-14 16:11:30,Saturday,16,153.7,96.3,none,navigation
2026-03-14 16:12:00,Saturday,16,128.2,96.3,none,standby
2026-03-14 16:12:30,Saturday,16,112.4,96.3,none,navigation
2026-03-14 16:13:00,Saturday,16,88.7,96.3,obstacle_medium,standby
2026-03-14 16:13:30,Saturday,16,121.3,96.3,none,standby
2026-03-14 16:14:00,Saturday,16,111.8,96.2,obstacle_near,indoor_assist
2026-03-14 16:14:30,Saturday,16,90.5,96.2,none,indoor_assist
2026-03-14 16:15:00,Saturday,16,118.4,96.2,none,indoor_assist
2026-03-14 16:15:30,Saturday,16,143.1,96.2,none,navigation
2026-03-14 16:16:00,Saturday,16,144.8,96.2,none,indoor_assist
2026-03-14 16:16:30,Saturday,16,136.6,96.1,obstacle_near,indoor_assist
2026-03-14 16:17:00,Saturday,16,90.2,96.1,none,navigation
2026-03-14 16:17:30,Saturday,16,125.6,96.1,none,navigation
2026-03-14 16:18:00,Saturday,16,80.5,96.1,none,standby
2026-03-14 16:18:30,Saturday,16,95.9,96.1,none,navigation
2026-03-14 16:19:00,Saturday,16,74.3,96.0,obstacle_medium,standby
2026-03-14 16:19:30,Saturday,16,71.6,96.0,obstacle_medium,standby
2026-03-14 16:20:00,Saturday,16,110.2,96.0,none,standby
2026-03-14 16:20:30,Saturday,16,88.1,96.0,none,standby
2026-03-14 16:21:00,Saturday,16,147.9,96.0,none,navigation
2026-03-14 16:21:30,Saturday,16,105.9,95.9,obstacle_medium,standby
2026-03-14 16:22:00,Saturday,16,51.2,95.9,obstacle_medium,navigation
2026-03-14 16:22:30,Saturday,16,132.9,95.9,obstacle_medium,navigation
2026-03-14 16:23:00,Saturday,16,123.7,95.9,obstacle_near,standby
2026-03-14 16:23:30,Saturday,16,144.7,95.9,none,indoor_assist
2026-03-14 16:24:00,Saturday,16,90.4,95.8,none,navigation
2026-03-14 16:24:30,Saturday,16,81.1,95.8,none,standby
2026-03-14 16:25:00,Saturday,16,131.5,95.8,none,navigation
2026-03-14 16:25:30,Saturday,16,101.7,95.8,none,navigation
2026-03-14 16:26:00,Saturday,16,122.5,95.8,none,navigation
2026-03-14 16:26:30,Saturday,16,145.9,95.7,none,indoor_assist
2026-03-14 16:27:00,Saturday,16,111.3,95.7,low_battery,standby
2026-03-14 16:27:30,Saturday,16,142.1,95.7,none,navigation
2026-03-14 16:28:00,Saturday,16,98.4,95.7,obstacle_medium,navigation
2026-03-14 16:28:30,Saturday,16,81.0,95.7,none,indoor_assist
2026-03-14 16:29:00,Saturday,16,160.6,95.6,none,navigation
2026-03-14 16:29:30,Saturday,16,121.9,95.6,none,navigation
2026-03-14 16:30:00,Saturday,16,102.3,95.6,none,standby
2026-03-14 16:30:30,Saturday,16,88.6,95.6,none,navigation
2026-03-14 16:31:00,Saturday,16,90.1,95.6,obstacle_medium,navigation
2026-03-14 16:31:30,Saturday,16,94.4,95.5,obstacle_medium,indoor_assist
2026-03-14 16:32:00,Saturday,16,102.8,95.5,none,navigation
2026-03-14 16:32:30,Saturday,16,58.4,95.5,obstacle_medium,navigation
2026-03-14 16:33:00,Saturday,16,168.3,95.5,none,indoor_assist
2026-03-14 16:33:30,Saturday,16,42.7,95.5,obstacle_medium,indoor_assist
2026-03-14 16:34:00,Saturday,16,111.0,95.4,none,indoor_assist
2026-03-14 16:34:30,Saturday,16,127.9,95.4,obstacle_near,navigation
2026-03-14 16:35:00,Saturday,16,89.1,95.4,obstacle_medium,indoor_assist
2026-03-14 16:35:30,Saturday,16,147.8,95.4,none,navigation
2026-03-14 16:36:00,Saturday,16,141.5,95.4,none,navigation
2026-03-14 16:36:30,Saturday,16,114.0,95.3,none,standby
2026-03-14 16:37:00,Saturday,16,103.6,95.3,obstacle_medium,navigation
2026-03-14 16:37:30,Saturday,16,128.6,95.3,fall_detected,navigation
2026-03-14 16:38:00,Saturday,16,108.0,95.3,obstacle_near,indoor_assist
2026-03-14 16:38:30,Saturday,16,114.5,95.3,none,navigation
2026-03-14 16:39:00,Saturday,16,94.7,95.2,none,indoor_assist
2026-03-14 16:39:30,Saturday,16,68.9,95.2,obstacle_medium,navigation
2026-03-14 16:40:00,Saturday,16,108.4,95.2,obstacle_near,navigation
2026-03-14 16:40:30,Saturday,16,107.5,95.2,obstacle_medium,indoor_assist
2026-03-14 16:41:00,Saturday,16,117.5,95.2,none,indoor_assist
2026-03-14 16:41:30,Saturday,16,139.4,95.1,none,navigation
2026-03-14 16:42:00,Saturday,16,121.5,95.1,none,standby
2026-03-14 16:42:30,Saturday,16,140.5,95.1,none,navigation
2026-03-14 16:43:00,Saturday,16,138.8,95.1,obstacle_near,navigation
2026-03-14 16:43:30,Saturday,16,106.8,95.1,none,indoor_assist
2026-03-14 16:44:00,Saturday,16,130.2,95.0,none,navigation
2026-03-14 16:44:30,Saturday,16,140.3,95.0,none,navigation
2026-03-14 16:45:00,Saturday,16,117.0,95.0,low_battery,navigation
2026-03-14 16:45:30,Saturday,16,125.4,95.0,none,indoor_assist
2026-03-14 16:46:00,Saturday,16,73.4,95.0,obstacle_medium,indoor_assist
2026-03-14 16:46:30,Saturday,16,186.4,94.9,none,indoor_assist
2026-03-14 16:47:00,Saturday,16,161.0,94.9,none,standby
2026-03-14 16:47:30,Saturday,16,117.1,94.9,none,standby
2026-03-14 16:48:00,Saturday,16,120.3,94.9,none,standby
2026-03-14 16:48:30,Saturday,16,151.7,94.9,none,navigation
2026-03-14 16:49:00,Saturday,16,114.0,94.8,none,navigation
2026-03-14 16:49:30,Saturday,16,132.1,94.8,obstacle_near,navigation
2026-03-14 16:50:00,Saturday,16,131.8,94.8,obstacle_near,indoor_assist
2026-03-14 16:50:30,Saturday,16,85.5,94.8,none,navigation
2026-03-14 16:51:00,Saturday,16,143.4,94.8,none,standby
2026-03-14 16:51:30,Saturday,16,147.0,94.7,none,indoor_assist
2026-03-14 16:52:00,Saturday,16,96.6,94.7,none,standby
2026-03-14 16:52:30,Saturday,16,100.5,94.7,none,indoor_assist
2026-03-14 16:53:00,Saturday,16,102.3,94.7,obstacle_near,indoor_assist
2026-03-14 16:53:30,Saturday,16,105.1,94.7,none,standby
2026-03-14 16:54:00,Saturday,16,81.9,94.6,none,navigation
2026-03-14 16:54:30,Saturday,16,72.5,94.6,obstacle_medium,indoor_assist
2026-03-14 16:55:00,Saturday,16,72.6,94.6,obstacle_medium,standby
2026-03-14 16:55:30,Saturday,16,74.8,94.6,obstacle_medium,indoor_assist
2026-03-14 16:56:00,Saturday,16,141.1,94.6,none,navigation
2026-03-14 16:56:30,Saturday,16,49.4,94.5,obstacle_medium,navigation
2026-03-14 16:57:00,Saturday,16,99.9,94.5,none,indoor_assist
2026-03-14 16:57:30,Saturday,16,144.8,94.5,obstacle_near,indoor_assist
2026-03-14 16:58:00,Saturday,16,114.7,94.5,obstacle_medium,navigation
2026-03-14 16:58:30,Saturday,16,122.8,94.5,low_battery,indoor_assist
2026-03-14 16:59:00,Saturday,16,116.8,94.4,low_battery,navigation
2026-03-14 16:59:30,Saturday,16,101.3,94.4,none,indoor_assist
2026-03-14 17:00:00,Saturday,17,99.5,94.4,none,navigation
2026-03-14 17:00:30,Saturday,17,95.3,94.4,none,standby
2026-03-14 17:01:00,Saturday,17,90.5,94.4,none,indoor_assist
2026-03-14 17:01:30,Saturday,17,178.7,94.3,none,indoor_assist
2026-03-14 17:02:00,Saturday,17,125.5,94.3,none,navigation
2026-03-14 17:02:30,Saturday,17,99.1,94.3,none,indoor_assist
2026-03-14 17:03:00,Saturday,17,118.3,94.3,none,navigation
2026-03-14 17:03:30,Saturday,17,138.7,94.3,none,indoor_assist
2026-03-14 17:04:00,Saturday,17,133.3,94.2,none,navigation
2026-03-14 17:04:30,Saturday,17,143.4,94.2,obstacle_near,navigation
2026-03-14 17:05:00,Saturday,17,176.1,94.2,none,indoor_assist
2026-03-14 17:05:30,Saturday,17,140.5,94.2,none,standby
2026-03-14 17:06:00,Saturday,17,103.4,94.2,none,indoor_assist
2026-03-14 17:06:30,Saturday,17,128.1,94.1,none,indoor_assist
2026-03-14 17:07:00,Saturday,17,85.1,94.1,fall_detected,indoor_assist
2026-03-14 17:07:30,Saturday,17,83.2,94.1,none,indoor_assist
2026-03-14 17:08:00,Saturday,17,87.9,94.1,obstacle_near,navigation
2026-03-14 17:08:30,Saturday,17,141.1,94.1,none,navigation
2026-03-14 17:09:00,Saturday,17,177.0,94.0,obstacle_near,navigation
2026-03-14 17:09:30,Saturday,17,126.8,94.0,none,navigation
2026-03-14 17:10:00,Saturday,17,84.1,94.0,obstacle_medium,indoor_assist
2026-03-14 17:10:30,Saturday,17,100.8,94.0,none,navigation
2026-03-14 17:11:00,Saturday,17,101.6,94.0,none,navigation
2026-03-14 17:11:30,Saturday,17,185.0,93.9,none,indoor_assist
2026-03-14 17:12:00,Saturday,17,84.6,93.9,none,navigation
2026-03-14 17:12:30,Saturday,17,129.2,93.9,obstacle_medium,navigation
2026-03-14 17:13:00,Saturday,17,163.7,93.9,none,navigation
2026-03-14 17:13:30,Saturday,17,177.6,93.9,none,navigation
2026-03-14 17:14:00,Saturday,17,104.0,93.8,none,indoor_assist
2026-03-14 17:14:30,Saturday,17,103.2,93.8,none,indoor_assist
2026-03-14 17:15:00,Saturday,17,124.1,93.8,none,navigation
2026-03-14 17:15:30,Saturday,17,157.0,93.8,obstacle_medium,navigation
2026-03-14 17:16:00,Saturday,17,89.9,93.8,none,standby
2026-03-14 17:16:30,Saturday,17,136.1,93.7,none,navigation
2026-03-14 17:17:00,Saturday,17,143.2,93.7,low_battery,navigation
2026-03-14 17:17:30,Saturday,17,142.9,93.7,none,navigation
2026-03-14 17:18:00,Saturday,17,91.4,93.7,none,standby
2026-03-14 17:18:30,Saturday,17,63.8,93.7,obstacle_medium,navigation
2026-03-14 17:19:00,Saturday,17,160.0,93.6,none,standby
2026-03-14 17:19:30,Saturday,17,130.6,93.6,none,indoor_assist
2026-03-14 17:20:00,Saturday,17,116.7,93.6,none,navigation
2026-03-14 17:20:30,Saturday,17,155.0,93.6,low_battery,navigation
2026-03-14 17:21:00,Saturday,17,121.6,93.6,none,navigation
2026-03-14 17:21:30,Saturday,17,144.5,93.5,none,indoor_assist
2026-03-14 17:22:00,Saturday,17,88.6,93.5,low_battery,indoor_assist
2026-03-14 17:22:30,Saturday,17,131.1,93.5,obstacle_near,indoor_assist
2026-03-14 17:23:00,Saturday,17,121.9,93.5,none,navigation
2026-03-14 17:23:30,Saturday,17,149.7,93.5,obstacle_near,standby
2026-03-14 17:24:00,Saturday,17,179.6,93.4,none,navigation
2026-03-14 17:24:30,Saturday,17,128.5,93.4,none,navigation
2026-03-14 17:25:00,Saturday,17,124.0,93.4,none,navigation
2026-03-14 17:25:30,Saturday,17,132.3,93.4,obstacle_medium,indoor_assist
2026-03-14 17:26:00,Saturday,17,157.2,93.4,none,indoor_assist
2026-03-14 17:26:30,Saturday,17,134.6,93.3,obstacle_near,standby
2026-03-14 17:27:00,Saturday,17,116.1,93.3,none,navigation
2026-03-14 17:27:30,Saturday,17,66.6,93.3,obstacle_medium,navigation
2026-03-14 17:28:00,Saturday,17,114.1,93.3,fall_detected,standby
2026-03-14 17:28:30,Saturday,17,142.7,93.3,none,indoor_assist
2026-03-14 17:29:00,Saturday,17,100.1,93.2,none,standby
2026-03-14 17:29:30,Saturday,17,130.5,93.2,none,navigation
2026-03-14 17:30:00,Saturday,17,46.8,93.2,obstacle_medium,standby
2026-03-14 17:30:30,Saturday,17,165.4,93.2,none,navigation
2026-03-14 17:31:00,Saturday,17,142.5,93.2,obstacle_near,standby
2026-03-14 17:31:30,Saturday,17,113.9,93.1,none,navigation
2026-03-14 17:32:00,Saturday,17,115.0,93.1,none,indoor_assist
2026-03-14 17:32:30,Saturday,17,65.1,93.1,obstacle_medium,navigation
2026-03-14 17:33:00,Saturday,17,160.4,93.1,none,indoor_assist
2026-03-14 17:33:30,Saturday,17,141.8,93.1,none,indoor_assist
2026-03-14 17:34:00,Saturday,17,132.8,93.0,obstacle_medium,standby
2026-03-14 17:34:30,Saturday,17,119.5,93.0,none,indoor_assist
2026-03-14 17:35:00,Saturday,17,54.6,93.0,obstacle_medium,navigation
2026-03-14 17:35:30,Saturday,17,142.2,93.0,none,navigation
2026-03-14 17:36:00,Saturday,17,108.2,93.0,none,indoor_assist
2026-03-14 17:36:30,Saturday,17,126.0,92.9,none,indoor_assist
2026-03-14 17:37:00,Saturday,17,113.6,92.9,none,navigation
2026-03-14 17:37:30,Saturday,17,152.8,92.9,none,indoor_assist
2026-03-14 17:38:00,Saturday,17,73.6,92.9,obstacle_medium,navigation
2026-03-14 17:38:30,Saturday,17,161.8,92.9,none,navigation
2026-03-14 17:39:00,Saturday,17,51.7,92.8,obstacle_medium,navigation
2026-03-14 17:39:30,Saturday,17,167.0,92.8,none,navigation
2026-03-14 17:40:00,Saturday,17,110.8,92.8,none,navigation
2026-03-14 17:40:30,Saturday,17,74.3,92.8,obstacle_medium,indoor_assist
2026-03-14 17:41:00,Saturday,17,54.4,92.8,obstacle_medium,navigation
2026-03-14 17:41:30,Saturday,17,121.5,92.7,none,indoor_assist
2026-03-14 17:42:00,Saturday,17,97.5,92.7,none,navigation
2026-03-14 17:42:30,Saturday,17,98.0,92.7,obstacle_near,navigation
2026-03-14 17:43:00,Saturday,17,146.2,92.7,none,navigation
2026-03-14 17:43:30,Saturday,17,94.0,92.7,none,standby
2026-03-14 17:44:00,Saturday,17,129.2,92.6,obstacle_medium,navigation
2026-03-14 17:44:30,Saturday,17,159.0,92.6,none,navigation
2026-03-14 17:45:00,Saturday,17,118.2,92.6,none,navigation
2026-03-14 17:45:30,Saturday,17,145.2,92.6,obstacle_medium,indoor_assist
2026-03-14 17:46:00,Saturday,17,118.9,92.6,none,standby
2026-03-14 17:46:30,Saturday,17,125.4,92.5,obstacle_medium,indoor_assist
2026-03-14 17:47:00,Saturday,17,127.1,92.5,obstacle_medium,navigation
2026-03-14 17:47:30,Saturday,17,86.4,92.5,obstacle_medium,standby
2026-03-14 17:48:00,Saturday,17,99.1,92.5,none,navigation
2026-03-14 17:48:30,Saturday,17,74.2,92.5,obstacle_medium,navigation
2026-03-14 17:49:00,Saturday,17,113.4,92.4,none,standby
2026-03-14 17:49:30,Saturday,17,139.2,92.4,obstacle_near,indoor_assist
2026-03-14 17:50:00,Saturday,17,148.1,92.4,none,navigation
2026-03-14 17:50:30,Saturday,17,121.5,92.4,none,navigation
2026-03-14 17:51:00,Saturday,17,97.1,92.4,none,standby
2026-03-14 17:51:30,Saturday,17,170.1,92.3,none,indoor_assist
2026-03-14 17:52:00,Saturday,17,108.0,92.3,obstacle_medium,indoor_assist
2026-03-14 17:52:30,Saturday,17,133.7,92.3,none,standby
2026-03-14 17:53:00,Saturday,17,123.6,92.3,none,navigation
2026-03-14 17:53:30,Saturday,17,110.3,92.3,none,indoor_assist
2026-03-14 17:54:00,Saturday,17,136.3,92.2,none,standby
2026-03-14 17:54:30,Saturday,17,128.4,92.2,none,indoor_assist
2026-03-14 17:55:00,Saturday,17,163.0,92.2,obstacle_medium,navigation
2026-03-14 17:55:30,Saturday,17,51.8,92.2,obstacle_medium,navigation
2026-03-14 17:56:00,Saturday,17,50.3,92.2,obstacle_medium,navigation
2026-03-14 17:56:30,Saturday,17,103.0,92.1,none,standby
2026-03-14 17:57:00,Saturday,17,173.0,92.1,none,indoor_assist
2026-03-14 17:57:30,Saturday,17,154.4,92.1,none,standby
2026-03-14 17:58:00,Saturday,17,141.3,92.1,none,navigation
2026-03-14 17:58:30,Saturday,17,129.2,92.1,none,standby
2026-03-14 17:59:00,Saturday,17,150.9,92.0,obstacle_medium,indoor_assist
2026-03-14 17:59:30,Saturday,17,178.9,92.0,none,navigation
2026-03-14 18:00:00,Saturday,18,165.0,92.0,none,indoor_assist
2026-03-14 18:00:30,Saturday,18,50.3,92.0,obstacle_medium,navigation
2026-03-14 18:01:00,Saturday,18,144.0,92.0,none,navigation
2026-03-14 18:01:30,Saturday,18,130.1,91.9,obstacle_medium,navigation
2026-03-14 18:02:00,Saturday,18,117.9,91.9,fall_detected,navigation
2026-03-14 18:02:30,Saturday,18,107.3,91.9,none,navigation
2026-03-14 18:03:00,Saturday,18,163.1,91.9,none,navigation
2026-03-14 18:03:30,Saturday,18,59.9,91.9,obstacle_medium,navigation
2026-03-14 18:04:00,Saturday,18,152.3,91.8,obstacle_medium,indoor_assist
2026-03-14 18:04:30,Saturday,18,122.1,91.8,none,indoor_assist
2026-03-14 18:05:00,Saturday,18,143.4,91.8,none,navigation
2026-03-14 18:05:30,Saturday,18,100.1,91.8,none,navigation
2026-03-14 18:06:00,Saturday,18,72.2,91.8,obstacle_medium,indoor_assist
2026-03-14 18:06:30,Saturday,18,151.7,91.7,none,standby
2026-03-14 18:07:00,Saturday,18,102.7,91.7,none,navigation
2026-03-14 18:07:30,Saturday,18,169.5,91.7,none,navigation
2026-03-14 18:08:00,Saturday,18,174.9,91.7,none,navigation
2026-03-14 18:08:30,Saturday,18,97.8,91.7,obstacle_near,navigation
2026-03-14 18:09:00,Saturday,18,156.2,91.6,none,navigation
2026-03-14 18:09:30,Saturday,18,140.5,91.6,none,navigation
2026-03-14 18:10:00,Saturday,18,110.0,91.6,none,indoor_assist
2026-03-14 18:10:30,Saturday,18,92.3,91.6,obstacle_medium,navigation
2026-03-14 18:11:00,Saturday,18,121.4,91.6,none,indoor_assist
2026-03-14 18:11:30,Saturday,18,62.6,91.5,obstacle_medium,indoor_assist
2026-03-14 18:12:00,Saturday,18,152.8,91.5,none,navigation
2026-03-14 18:12:30,Saturday,18,156.7,91.5,none,standby
2026-03-14 18:13:00,Saturday,18,127.2,91.5,none,navigation
2026-03-14 18:13:30,Saturday,18,130.2,91.5,none,navigation
2026-03-14 18:14:00,Saturday,18,131.4,91.4,none,navigation
2026-03-14 18:14:30,Saturday,18,64.1,91.4,obstacle_medium,indoor_assist
2026-03-14 18:15:00,Saturday,18,96.2,91.4,none,indoor_assist
2026-03-14 18:15:30,Saturday,18,94.2,91.4,none,navigation
2026-03-14 18:16:00,Saturday,18,105.1,91.4,none,indoor_assist
2026-03-14 18:16:30,Saturday,18,113.1,91.3,none,indoor_assist
2026-03-14 18:17:00,Saturday,18,69.4,91.3,obstacle_medium,navigation
2026-03-14 18:17:30,Saturday,18,122.5,91.3,none,navigation
2026-03-14 18:18:00,Saturday,18,194.8,91.3,none,standby
2026-03-14 18:18:30,Saturday,18,134.5,91.3,low_battery,navigation
2026-03-14 18:19:00,Saturday,18,104.3,91.2,none,indoor_assist
2026-03-14 18:19:30,Saturday,18,120.7,91.2,none,navigation
2026-03-14 18:20:00,Saturday,18,105.3,91.2,obstacle_medium,indoor_assist
2026-03-14 18:20:30,Saturday,18,140.3,91.2,obstacle_near,indoor_assist
2026-03-14 18:21:00,Saturday,18,51.8,91.2,obstacle_medium,indoor_assist
2026-03-14 18:21:30,Saturday,18,115.0,91.1,obstacle_medium,indoor_assist
2026-03-14 18:22:00,Saturday,18,114.6,91.1,none,navigation
2026-03-14 18:22:30,Saturday,18,119.5,91.1,obstacle_near,indoor_assist
2026-03-14 18:23:00,Saturday,18,131.5,91.1,none,navigation
2026-03-14 18:23:30,Saturday,18,99.6,91.1,none,navigation
2026-03-14 18:24:00,Saturday,18,68.3,91.0,obstacle_medium,indoor_assist
2026-03-14 18:24:30,Saturday,18,136.4,91.0,none,indoor_assist
2026-03-14 18:25:00,Saturday,18,180.0,91.0,none,standby
2026-03-14 18:25:30,Saturday,18,128.8,91.0,none,navigation
2026-03-14 18:26:00,Saturday,18,84.3,91.0,obstacle_medium,navigation
2026-03-14 18:26:30,Saturday,18,148.7,90.9,none,indoor_assist
2026-03-14 18:27:00,Saturday,18,86.9,90.9,obstacle_medium,indoor_assist
2026-03-14 18:27:30,Saturday,18,163.0,90.9,none,standby
2026-03-14 18:28:00,Saturday,18,62.2,90.9,obstacle_medium,indoor_assist
2026-03-14 18:28:30,Saturday,18,141.7,90.9,none,indoor_assist
2026-03-14 18:29:00,Saturday,18,125.6,90.8,none,standby
2026-03-14 18:29:30,Saturday,18,109.7,90.8,none,navigation
2026-03-14 18:30:00,Saturday,18,171.9,90.8,obstacle_near,navigation
2026-03-14 18:30:30,Saturday,18,94.6,90.8,obstacle_medium,indoor_assist
2026-03-14 18:31:00,Saturday,18,130.2,90.8,none,navigation
2026-03-14 18:31:30,Saturday,18,147.6,90.7,none,indoor_assist
2026-03-14 18:32:00,Saturday,18,61.3,90.7,obstacle_medium,indoor_assist
2026-03-14 18:32:30,Saturday,18,140.2,90.7,obstacle_medium,navigation
2026-03-14 18:33:00,Saturday,18,95.8,90.7,none,standby
2026-03-14 18:33:30,Saturday,18,164.5,90.7,none,indoor_assist
2026-03-14 18:34:00,Saturday,18,124.7,90.6,none,standby
2026-03-14 18:34:30,Saturday,18,71.7,90.6,obstacle_medium,navigation
2026-03-14 18:35:00,Saturday,18,77.5,90.6,obstacle_medium,indoor_assist
2026-03-14 18:35:30,Saturday,18,93.3,90.6,none,standby
2026-03-14 18:36:00,Saturday,18,123.4,90.6,none,indoor_assist
2026-03-14 18:36:30,Saturday,18,152.2,90.5,none,standby
2026-03-14 18:37:00,Saturday,18,102.5,90.5,obstacle_near,indoor_assist
2026-03-14 18:37:30,Saturday,18,131.3,90.5,none,navigation
2026-03-14 18:38:00,Saturday,18,115.6,90.5,none,navigation
2026-03-14 18:38:30,Saturday,18,85.3,90.5,none,indoor_assist
2026-03-14 18:39:00,Saturday,18,134.5,90.4,none,indoor_assist
2026-03-14 18:39:30,Saturday,18,86.2,90.4,none,indoor_assist
2026-03-14 18:40:00,Saturday,18,157.4,90.4,none,indoor_assist
2026-03-14 18:40:30,Saturday,18,170.9,90.4,none,indoor_assist
2026-03-14 18:41:00,Saturday,18,132.3,90.4,none,indoor_assist
2026-03-14 18:41:30,Saturday,18,107.3,90.3,none,indoor_assist
2026-03-14 18:42:00,Saturday,18,136.2,90.3,fall_detected,navigation
2026-03-14 18:42:30,Saturday,18,133.5,90.3,none,indoor_assist
2026-03-14 18:43:00,Saturday,18,99.5,90.3,low_battery,standby
2026-03-14 18:43:30,Saturday,18,151.0,90.3,none,standby
2026-03-14 18:44:00,Saturday,18,97.3,90.2,none,navigation
2026-03-14 18:44:30,Saturday,18,92.8,90.2,none,indoor_assist
2026-03-14 18:45:00,Saturday,18,96.5,90.2,low_battery,navigation
2026-03-14 18:45:30,Saturday,18,123.0,90.2,none,navigation
2026-03-14 18:46:00,Saturday,18,144.8,90.2,obstacle_medium,standby
2026-03-14 18:46:30,Saturday,18,133.5,90.1,none,navigation
2026-03-14 18:47:00,Saturday,18,126.2,90.1,none,standby
2026-03-14 18:47:30,Saturday,18,93.9,90.1,none,navigation
2026-03-14 18:48:00,Saturday,18,87.7,90.1,low_battery,standby
2026-03-14 18:48:30,Saturday,18,112.3,90.1,obstacle_near,indoor_assist
2026-03-14 18:49:00,Saturday,18,149.1,90.0,none,standby
2026-03-14 18:49:30,Saturday,18,114.6,90.0,none,navigation
2026-03-14 18:50:00,Saturday,18,156.3,90.0,obstacle_medium,indoor_assist
2026-03-14 18:50:30,Saturday,18,154.2,90.0,none,navigation
2026-03-14 18:51:00,Saturday,18,126.7,90.0,none,navigation
2026-03-14 18:51:30,Saturday,18,160.8,89.9,none,indoor_assist
2026-03-14 18:52:00,Saturday,18,62.4,89.9,obstacle_medium,navigation
2026-03-14 18:52:30,Saturday,18,144.6,89.9,none,navigation
2026-03-14 18:53:00,Saturday,18,108.6,89.9,obstacle_near,standby
2026-03-14 18:53:30,Saturday,18,54.6,89.9,obstacle_medium,indoor_assist
2026-03-14 18:54:00,Saturday,18,143.1,89.8,none,navigation
2026-03-14 18:54:30,Saturday,18,172.1,89.8,obstacle_near,indoor_assist
2026-03-14 18:55:00,Saturday,18,104.1,89.8,none,navigation
2026-03-14 18:55:30,Saturday,18,150.1,89.8,low_battery,navigation
2026-03-14 18:56:00,Saturday,18,112.8,89.8,none,navigation
2026-03-14 18:56:30,Saturday,18,156.8,89.7,none,navigation
2026-03-14 18:57:00,Saturday,18,92.0,89.7,none,indoor_assist
2026-03-14 18:57:30,Saturday,18,145.8,89.7,low_battery,indoor_assist
2026-03-14 18:58:00,Saturday,18,131.9,89.7,none,indoor_assist
2026-03-14 18:58:30,Saturday,18,123.8,89.7,obstacle_near,navigation
2026-03-14 18:59:00,Saturday,18,138.8,89.6,none,navigation
2026-03-14 18:59:30,Saturday,18,183.1,89.6,none,standby
2026-03-14 19:00:00,Saturday,19,179.3,89.6,none,indoor_assist
2026-03-14 19:00:30,Saturday,19,208.4,89.6,none,indoor_assist
2026-03-14 19:01:00,Saturday,19,221.9,89.6,low_battery,navigation
2026-03-14 19:01:30,Saturday,19,216.9,89.5,obstacle_near,navigation
2026-03-14 19:02:00,Saturday,19,217.0,89.5,none,navigation
2026-03-14 19:02:30,Saturday,19,224.7,89.5,none,standby
2026-03-14 19:03:00,Saturday,19,213.8,89.5,none,navigation
2026-03-14 19:03:30,Saturday,19,172.8,89.5,obstacle_near,navigation
2026-03-14 19:04:00,Saturday,19,218.6,89.4,none,navigation
2026-03-14 19:04:30,Saturday,19,265.7,89.4,none,navigation
2026-03-14 19:05:00,Saturday,19,182.9,89.4,none,navigation
2026-03-14 19:05:30,Saturday,19,156.0,89.4,none,indoor_assist
2026-03-14 19:06:00,Saturday,19,177.8,89.4,none,navigation
2026-03-14 19:06:30,Saturday,19,150.7,89.3,none,standby
2026-03-14 19:07:00,Saturday,19,275.4,89.3,none,indoor_assist
2026-03-14 19:07:30,Saturday,19,175.1,89.3,none,indoor_assist
2026-03-14 19:08:00,Saturday,19,144.2,89.3,none,navigation
2026-03-14 19:08:30,Saturday,19,179.1,89.3,none,indoor_assist
2026-03-14 19:09:00,Saturday,19,214.9,89.2,obstacle_medium,navigation
2026-03-14 19:09:30,Saturday,19,209.4,89.2,none,navigation
2026-03-14 19:10:00,Saturday,19,164.4,89.2,low_battery,navigation
2026-03-14 19:10:30,Saturday,19,205.0,89.2,none,indoor_assist
2026-03-14 19:11:00,Saturday,19,227.9,89.2,none,navigation
2026-03-14 19:11:30,Saturday,19,150.8,89.1,none,indoor_assist
2026-03-14 19:12:00,Saturday,19,187.5,89.1,none,navigation
2026-03-14 19:12:30,Saturday,19,194.2,89.1,none,navigation
2026-03-14 19:13:00,Saturday,19,158.9,89.1,low_battery,indoor_assist
2026-03-14 19:13:30,Saturday,19,179.8,89.1,none,navigation
2026-03-14 19:14:00,Saturday,19,203.8,89.0,none,indoor_assist
2026-03-14 19:14:30,Saturday,19,213.3,89.0,obstacle_medium,indoor_assist
2026-03-14 19:15:00,Saturday,19,202.3,89.0,none,indoor_assist
2026-03-14 19:15:30,Saturday,19,163.9,89.0,none,navigation
2026-03-14 19:16:00,Saturday,19,173.2,89.0,none,standby
2026-03-14 19:16:30,Saturday,19,211.7,88.9,none,navigation
2026-03-14 19:17:00,Saturday,19,186.5,88.9,none,indoor_assist
2026-03-14 19:17:30,Saturday,19,239.1,88.9,none,navigation
2026-03-14 19:18:00,Saturday,19,231.7,88.9,none,navigation
2026-03-14 19:18:30,Saturday,19,196.8,88.9,none,navigation
2026-03-14 19:19:00,Saturday,19,132.2,88.8,none,indoor_assist
2026-03-14 19:19:30,Saturday,19,171.3,88.8,low_battery,indoor_assist
2026-03-14 19:20:00,Saturday,19,227.7,88.8,none,indoor_assist
2026-03-14 19:20:30,Saturday,19,179.2,88.8,low_battery,navigation
2026-03-14 19:21:00,Saturday,19,209.9,88.8,none,standby
2026-03-14 19:21:30,Saturday,19,239.0,88.7,none,navigation
2026-03-14 19:22:00,Saturday,19,241.0,88.7,none,standby
2026-03-14 19:22:30,Saturday,19,186.6,88.7,none,indoor_assist
2026-03-14 19:23:00,Saturday,19,196.4,88.7,none,indoor_assist
2026-03-14 19:23:30,Saturday,19,244.1,88.7,none,navigation
2026-03-14 19:24:00,Saturday,19,233.4,88.6,none,indoor_assist
2026-03-14 19:24:30,Saturday,19,263.5,88.6,none,navigation
2026-03-14 19:25:00,Saturday,19,176.2,88.6,none,navigation
2026-03-14 19:25:30,Saturday,19,236.2,88.6,obstacle_medium,indoor_assist
2026-03-14 19:26:00,Saturday,19,220.6,88.6,obstacle_medium,indoor_assist
2026-03-14 19:26:30,Saturday,19,179.5,88.5,obstacle_medium,standby
2026-03-14 19:27:00,Saturday,19,123.8,88.5,none,navigation
2026-03-14 19:27:30,Saturday,19,182.3,88.5,none,indoor_assist
2026-03-14 19:28:00,Saturday,19,212.7,88.5,none,indoor_assist
2026-03-14 19:28:30,Saturday,19,144.3,88.5,none,navigation
2026-03-14 19:29:00,Saturday,19,156.3,88.4,none,navigation
2026-03-14 19:29:30,Saturday,19,199.6,88.4,none,indoor_assist
2026-03-14 19:30:00,Saturday,19,235.5,88.4,obstacle_medium,navigation
2026-03-14 19:30:30,Saturday,19,177.2,88.4,obstacle_medium,navigation
2026-03-14 19:31:00,Saturday,19,195.4,88.4,none,navigation
2026-03-14 19:31:30,Saturday,19,147.4,88.3,none,navigation
2026-03-14 19:32:00,Saturday,19,199.4,88.3,none,navigation
2026-03-14 19:32:30,Saturday,19,254.4,88.3,none,navigation
2026-03-14 19:33:00,Saturday,19,244.3,88.3,none,indoor_assist
2026-03-14 19:33:30,Saturday,19,194.1,88.3,none,navigation
2026-03-14 19:34:00,Saturday,19,190.3,88.2,none,indoor_assist
2026-03-14 19:34:30,Saturday,19,237.0,88.2,none,indoor_assist
2026-03-14 19:35:00,Saturday,19,214.7,88.2,none,indoor_assist
2026-03-14 19:35:30,Saturday,19,269.4,88.2,obstacle_near,navigation
2026-03-14 19:36:00,Saturday,19,220.3,88.2,obstacle_medium,navigation
2026-03-14 19:36:30,Saturday,19,252.2,88.1,none,indoor_assist
2026-03-14 19:37:00,Saturday,19,195.4,88.1,obstacle_medium,indoor_assist
2026-03-14 19:37:30,Saturday,19,192.9,88.1,none,navigation
2026-03-14 19:38:00,Saturday,19,206.0,88.1,obstacle_near,indoor_assist
2026-03-14 19:38:30,Saturday,19,177.0,88.1,none,navigation
2026-03-14 19:39:00,Saturday,19,174.4,88.0,obstacle_medium,standby
2026-03-14 19:39:30,Saturday,19,195.3,88.0,obstacle_medium,indoor_assist
2026-03-14 19:40:00,Saturday,19,163.8,88.0,fall_detected,indoor_assist
2026-03-14 19:40:30,Saturday,19,241.0,88.0,none,indoor_assist
2026-03-14 19:41:00,Saturday,19,157.6,88.0,none,navigation
2026-03-14 19:41:30,Saturday,19,215.2,87.9,none,standby
2026-03-14 19:42:00,Saturday,19,169.7,87.9,none,indoor_assist
2026-03-14 19:42:30,Saturday,19,233.1,87.9,none,navigation
2026-03-14 19:43:00,Saturday,19,184.6,87.9,none,navigation
2026-03-14 19:43:30,Saturday,19,204.5,87.9,obstacle_medium,navigation
2026-03-14 19:44:00,Saturday,19,217.5,87.8,none,indoor_assist
2026-03-14 19:44:30,Saturday,19,147.2,87.8,obstacle_near,navigation
2026-03-14 19:45:00,Saturday,19,147.5,87.8,none,navigation
2026-03-14 19:45:30,Saturday,19,160.0,87.8,none,indoor_assist
2026-03-14 19:46:00,Saturday,19,146.7,87.8,none,navigation
2026-03-14 19:46:30,Saturday,19,224.2,87.7,none,indoor_assist
2026-03-14 19:47:00,Saturday,19,156.0,87.7,none,standby
2026-03-14 19:47:30,Saturday,19,226.4,87.7,low_battery,standby
2026-03-14 19:48:00,Saturday,19,217.1,87.7,none,indoor_assist
2026-03-14 19:48:30,Saturday,19,248.3,87.7,none,standby
2026-03-14 19:49:00,Saturday,19,190.0,87.6,none,indoor_assist
2026-03-14 19:49:30,Saturday,19,180.8,87.6,none,indoor_assist
2026-03-14 19:50:00,Saturday,19,231.9,87.6,none,standby
2026-03-14 19:50:30,Saturday,19,246.0,87.6,none,standby
2026-03-14 19:51:00,Saturday,19,189.3,87.6,none,indoor_assist
2026-03-14 19:51:30,Saturday,19,180.7,87.5,none,indoor_assist
2026-03-14 19:52:00,Saturday,19,205.1,87.5,none,indoor_assist
2026-03-14 19:52:30,Saturday,19,184.2,87.5,none,standby
2026-03-14 19:53:00,Saturday,19,243.5,87.5,none,standby
2026-03-14 19:53:30,Saturday,19,233.2,87.5,none,navigation
2026-03-14 19:54:00,Saturday,19,196.2,87.4,none,navigation
2026-03-14 19:54:30,Saturday,19,243.8,87.4,none,standby
2026-03-14 19:55:00,Saturday,19,154.5,87.4,none,indoor_assist
2026-03-14 19:55:30,Saturday,19,172.9,87.4,obstacle_medium,navigation
2026-03-14 19:56:00,Saturday,19,181.2,87.4,none,indoor_assist
2026-03-14 19:56:30,Saturday,19,182.6,87.3,none,navigation
2026-03-14 19:57:00,Saturday,19,179.9,87.3,none,navigation
2026-03-14 19:57:30,Saturday,19,178.8,87.3,none,indoor_assist
2026-03-14 19:58:00,Saturday,19,187.2,87.3,obstacle_medium,navigation
2026-03-14 19:58:30,Saturday,19,267.0,87.3,none,indoor_assist
2026-03-14 19:59:00,Saturday,19,238.3,87.2,none,navigation
2026-03-14 19:59:30,Saturday,19,147.3,87.2,none,navigation
2026-03-15 08:00:00,Sunday,8,244.7,87.2,obstacle_medium,navigation
2026-03-15 08:00:30,Sunday,8,190.4,87.2,none,indoor_assist
2026-03-15 08:01:00,Sunday,8,232.5,87.2,none,standby
2026-03-15 08:01:30,Sunday,8,223.7,87.1,none,navigation
2026-03-15 08:02:00,Sunday,8,242.2,87.1,low_battery,navigation
2026-03-15 08:02:30,Sunday,8,230.5,87.1,obstacle_medium,navigation
2026-03-15 08:03:00,Sunday,8,204.7,87.1,obstacle_near,indoor_assist
2026-03-15 08:03:30,Sunday,8,205.3,87.1,fall_detected,navigation
2026-03-15 08:04:00,Sunday,8,198.9,87.0,obstacle_medium,navigation
2026-03-15 08:04:30,Sunday,8,210.5,87.0,obstacle_medium,navigation
2026-03-15 08:05:00,Sunday,8,184.8,87.0,none,standby
2026-03-15 08:05:30,Sunday,8,212.7,87.0,none,navigation
2026-03-15 08:06:00,Sunday,8,207.7,87.0,none,standby
2026-03-15 08:06:30,Sunday,8,195.0,86.9,none,navigation
2026-03-15 08:07:00,Sunday,8,229.2,86.9,none,navigation
2026-03-15 08:07:30,Sunday,8,223.7,86.9,none,navigation
2026-03-15 08:08:00,Sunday,8,156.5,86.9,none,navigation
2026-03-15 08:08:30,Sunday,8,204.6,86.9,none,standby
2026-03-15 08:09:00,Sunday,8,191.2,86.8,none,indoor_assist
2026-03-15 08:09:30,Sunday,8,200.1,86.8,none,navigation
2026-03-15 08:10:00,Sunday,8,189.1,86.8,none,navigation
2026-03-15 08:10:30,Sunday,8,233.7,86.8,obstacle_medium,indoor_assist
2026-03-15 08:11:00,Sunday,8,230.5,86.8,none,indoor_assist
2026-03-15 08:11:30,Sunday,8,249.3,86.7,low_battery,navigation
2026-03-15 08:12:00,Sunday,8,188.0,86.7,obstacle_medium,navigation
2026-03-15 08:12:30,Sunday,8,238.2,86.7,none,indoor_assist
2026-03-15 08:13:00,Sunday,8,205.5,86.7,none,standby
2026-03-15 08:13:30,Sunday,8,245.1,86.7,none,indoor_assist
2026-03-15 08:14:00,Sunday,8,246.7,86.6,none,indoor_assist
2026-03-15 08:14:30,Sunday,8,189.6,86.6,obstacle_medium,navigation
2026-03-15 08:15:00,Sunday,8,241.7,86.6,none,indoor_assist
2026-03-15 08:15:30,Sunday,8,102.6,86.6,none,navigation
2026-03-15 08:16:00,Sunday,8,254.3,86.6,none,navigation
2026-03-15 08:16:30,Sunday,8,225.2,86.5,none,indoor_assist
2026-03-15 08:17:00,Sunday,8,170.6,86.5,obstacle_near,navigation
2026-03-15 08:17:30,Sunday,8,183.9,86.5,obstacle_medium,navigation
2026-03-15 08:18:00,Sunday,8,200.9,86.5,none,navigation
2026-03-15 08:18:30,Sunday,8,240.5,86.5,obstacle_medium,standby
2026-03-15 08:19:00,Sunday,8,229.1,86.4,obstacle_near,navigation
2026-03-15 08:19:30,Sunday,8,191.1,86.4,none,indoor_assist
2026-03-15 08:20:00,Sunday,8,201.6,86.4,none,navigation
2026-03-15 08:20:30,Sunday,8,162.1,86.4,low_battery,navigation
2026-03-15 08:21:00,Sunday,8,245.5,86.4,fall_detected,indoor_assist
2026-03-15 08:21:30,Sunday,8,148.3,86.3,none,navigation
2026-03-15 08:22:00,Sunday,8,174.8,86.3,none,indoor_assist
2026-03-15 08:22:30,Sunday,8,199.4,86.3,obstacle_medium,navigation
2026-03-15 08:23:00,Sunday,8,140.8,86.3,none,navigation
2026-03-15 08:23:30,Sunday,8,219.8,86.3,none,standby
2026-03-15 08:24:00,Sunday,8,184.9,86.2,none,navigation
2026-03-15 08:24:30,Sunday,8,214.6,86.2,obstacle_near,navigation
2026-03-15 08:25:00,Sunday,8,208.1,86.2,none,navigation
2026-03-15 08:25:30,Sunday,8,204.6,86.2,none,navigation
2026-03-15 08:26:00,Sunday,8,223.0,86.2,none,indoor_assist
2026-03-15 08:26:30,Sunday,8,213.9,86.1,none,indoor_assist
2026-03-15 08:27:00,Sunday,8,221.1,86.1,none,standby
2026-03-15 08:27:30,Sunday,8,201.6,86.1,none,navigation
2026-03-15 08:28:00,Sunday,8,140.9,86.1,none,navigation
2026-03-15 08:28:30,Sunday,8,202.6,86.1,none,indoor_assist
2026-03-15 08:29:00,Sunday,8,253.1,86.0,none,navigation
2026-03-15 08:29:30,Sunday,8,165.2,86.0,none,indoor_assist
2026-03-15 08:30:00,Sunday,8,213.3,86.0,none,indoor_assist
2026-03-15 08:30:30,Sunday,8,200.4,86.0,fall_detected,indoor_assist
2026-03-15 08:31:00,Sunday,8,175.2,86.0,fall_detected,navigation
2026-03-15 08:31:30,Sunday,8,191.0,85.9,low_battery,indoor_assist
2026-03-15 08:32:00,Sunday,8,145.7,85.9,none,standby
2026-03-15 08:32:30,Sunday,8,216.3,85.9,none,navigation
2026-03-15 08:33:00,Sunday,8,183.7,85.9,none,standby
2026-03-15 08:33:30,Sunday,8,213.9,85.9,none,standby
2026-03-15 08:34:00,Sunday,8,210.0,85.8,none,indoor_assist
2026-03-15 08:34:30,Sunday,8,168.5,85.8,none,indoor_assist
2026-03-15 08:35:00,Sunday,8,178.3,85.8,obstacle_medium,navigation
2026-03-15 08:35:30,Sunday,8,203.8,85.8,none,navigation
2026-03-15 08:36:00,Sunday,8,222.9,85.8,none,indoor_assist
2026-03-15 08:36:30,Sunday,8,157.6,85.7,none,standby
2026-03-15 08:37:00,Sunday,8,227.3,85.7,none,navigation
2026-03-15 08:37:30,Sunday,8,199.1,85.7,low_battery,indoor_assist
2026-03-15 08:38:00,Sunday,8,224.6,85.7,none,navigation
2026-03-15 08:38:30,Sunday,8,206.8,85.7,none,indoor_assist
2026-03-15 08:39:00,Sunday,8,111.2,85.6,none,standby
2026-03-15 08:39:30,Sunday,8,176.4,85.6,none,navigation
2026-03-15 08:40:00,Sunday,8,238.2,85.6,none,standby
2026-03-15 08:40:30,Sunday,8,212.8,85.6,none,indoor_assist
2026-03-15 08:41:00,Sunday,8,241.6,85.6,none,navigation
2026-03-15 08:41:30,Sunday,8,165.5,85.5,obstacle_medium,navigation
2026-03-15 08:42:00,Sunday,8,233.9,85.5,none,navigation
2026-03-15 08:42:30,Sunday,8,198.6,85.5,low_battery,indoor_assist
2026-03-15 08:43:00,Sunday,8,170.9,85.5,none,indoor_assist
2026-03-15 08:43:30,Sunday,8,216.4,85.5,obstacle_medium,navigation
2026-03-15 08:44:00,Sunday,8,177.7,85.4,none,standby
2026-03-15 08:44:30,Sunday,8,188.4,85.4,none,indoor_assist
2026-03-15 08:45:00,Sunday,8,164.0,85.4,low_battery,indoor_assist
2026-03-15 08:45:30,Sunday,8,180.2,85.4,none,navigation
2026-03-15 08:46:00,Sunday,8,150.0,85.4,none,indoor_assist
2026-03-15 08:46:30,Sunday,8,228.8,85.3,none,standby
2026-03-15 08:47:00,Sunday,8,245.7,85.3,none,navigation
2026-03-15 08:47:30,Sunday,8,186.4,85.3,obstacle_medium,navigation
2026-03-15 08:48:00,Sunday,8,192.5,85.3,none,navigation
2026-03-15 08:48:30,Sunday,8,197.7,85.3,none,navigation
2026-03-15 08:49:00,Sunday,8,172.2,85.2,none,navigation
2026-03-15 08:49:30,Sunday,8,180.8,85.2,none,indoor_assist
2026-03-15 08:50:00,Sunday,8,213.1,85.2,none,navigation
2026-03-15 08:50:30,Sunday,8,216.8,85.2,none,indoor_assist
2026-03-15 08:51:00,Sunday,8,158.1,85.2,obstacle_medium,standby
2026-03-15 08:51:30,Sunday,8,215.4,85.1,none,standby
2026-03-15 08:52:00,Sunday,8,227.3,85.1,none,navigation
2026-03-15 08:52:30,Sunday,8,226.6,85.1,none,navigation
2026-03-15 08:53:00,Sunday,8,242.7,85.1,obstacle_medium,navigation
2026-03-15 08:53:30,Sunday,8,191.0,85.1,fall_detected,indoor_assist
2026-03-15 08:54:00,Sunday,8,201.6,85.0,obstacle_medium,indoor_assist
2026-03-15 08:54:30,Sunday,8,190.3,85.0,none,navigation
2026-03-15 08:55:00,Sunday,8,161.7,85.0,none,standby
2026-03-15 08:55:30,Sunday,8,236.4,85.0,none,standby
2026-03-15 08:56:00,Sunday,8,137.5,85.0,low_battery,navigation
2026-03-15 08:56:30,Sunday,8,260.3,84.9,none,navigation
2026-03-15 08:57:00,Sunday,8,191.2,84.9,none,indoor_assist
2026-03-15 08:57:30,Sunday,8,213.2,84.9,none,indoor_assist
2026-03-15 08:58:00,Sunday,8,189.4,84.9,none,navigation
2026-03-15 08:58:30,Sunday,8,192.4,84.9,none,navigation
2026-03-15 08:59:00,Sunday,8,213.2,84.8,low_battery,indoor_assist
2026-03-15 08:59:30,Sunday,8,141.8,84.8,none,navigation
2026-03-15 09:00:00,Sunday,9,68.8,84.8,obstacle_medium,navigation
2026-03-15 09:00:30,Sunday,9,109.7,84.8,none,indoor_assist
2026-03-15 09:01:00,Sunday,9,123.3,84.8,obstacle_near,navigation
2026-03-15 09:01:30,Sunday,9,83.8,84.7,none,navigation
2026-03-15 09:02:00,Sunday,9,153.6,84.7,none,standby
2026-03-15 09:02:30,Sunday,9,162.3,84.7,none,standby
2026-03-15 09:03:00,Sunday,9,148.1,84.7,none,navigation
2026-03-15 09:03:30,Sunday,9,114.8,84.7,none,standby
2026-03-15 09:04:00,Sunday,9,79.4,84.6,obstacle_medium,navigation
2026-03-15 09:04:30,Sunday,9,106.6,84.6,none,navigation
2026-03-15 09:05:00,Sunday,9,107.2,84.6,obstacle_medium,navigation
2026-03-15 09:05:30,Sunday,9,47.5,84.6,obstacle_medium,navigation
2026-03-15 09:06:00,Sunday,9,130.8,84.6,none,standby
2026-03-15 09:06:30,Sunday,9,112.3,84.5,none,standby
2026-03-15 09:07:00,Sunday,9,185.2,84.5,none,indoor_assist
2026-03-15 09:07:30,Sunday,9,85.5,84.5,none,navigation
2026-03-15 09:08:00,Sunday,9,85.9,84.5,none,indoor_assist
2026-03-15 09:08:30,Sunday,9,114.7,84.5,obstacle_medium,indoor_assist
2026-03-15 09:09:00,Sunday,9,167.9,84.4,none,indoor_assist
2026-03-15 09:09:30,Sunday,9,144.9,84.4,none,navigation
2026-03-15 09:10:00,Sunday,9,134.0,84.4,none,navigation
2026-03-15 09:10:30,Sunday,9,89.0,84.4,none,navigation
2026-03-15 09:11:00,Sunday,9,124.9,84.4,none,indoor_assist
2026-03-15 09:11:30,Sunday,9,170.5,84.3,none,navigation
2026-03-15 09:12:00,Sunday,9,127.7,84.3,none,navigation
2026-03-15 09:12:30,Sunday,9,124.1,84.3,none,navigation
2026-03-15 09:13:00,Sunday,9,165.0,84.3,none,indoor_assist
2026-03-15 09:13:30,Sunday,9,126.0,84.3,obstacle_near,indoor_assist
2026-03-15 09:14:00,Sunday,9,94.8,84.2,none,navigation
2026-03-15 09:14:30,Sunday,9,121.7,84.2,low_battery,navigation
2026-03-15 09:15:00,Sunday,9,159.0,84.2,obstacle_near,standby
2026-03-15 09:15:30,Sunday,9,165.6,84.2,low_battery,navigation
2026-03-15 09:16:00,Sunday,9,138.5,84.2,none,indoor_assist
2026-03-15 09:16:30,Sunday,9,101.3,84.1,none,navigation
2026-03-15 09:17:00,Sunday,9,106.2,84.1,low_battery,indoor_assist
2026-03-15 09:17:30,Sunday,9,90.4,84.1,obstacle_medium,indoor_assist
2026-03-15 09:18:00,Sunday,9,154.9,84.1,none,navigation
2026-03-15 09:18:30,Sunday,9,132.7,84.1,none,standby
2026-03-15 09:19:00,Sunday,9,121.9,84.0,none,indoor_assist
2026-03-15 09:19:30,Sunday,9,124.6,84.0,none,standby
2026-03-15 09:20:00,Sunday,9,112.1,84.0,none,indoor_assist
2026-03-15 09:20:30,Sunday,9,100.6,84.0,none,indoor_assist
2026-03-15 09:21:00,Sunday,9,137.9,84.0,none,navigation
2026-03-15 09:21:30,Sunday,9,99.6,83.9,obstacle_medium,navigation
2026-03-15 09:22:00,Sunday,9,115.0,83.9,none,indoor_assist
2026-03-15 09:22:30,Sunday,9,164.0,83.9,none,navigation
2026-03-15 09:23:00,Sunday,9,127.4,83.9,obstacle_medium,navigation
2026-03-15 09:23:30,Sunday,9,125.1,83.9,none,indoor_assist
2026-03-15 09:24:00,Sunday,9,104.1,83.8,none,navigation
2026-03-15 09:24:30,Sunday,9,121.7,83.8,none,navigation
2026-03-15 09:25:00,Sunday,9,130.1,83.8,none,navigation
2026-03-15 09:25:30,Sunday,9,105.8,83.8,fall_detected,indoor_assist
2026-03-15 09:26:00,Sunday,9,152.2,83.8,obstacle_near,navigation
2026-03-15 09:26:30,Sunday,9,113.8,83.7,none,navigation
2026-03-15 09:27:00,Sunday,9,92.9,83.7,obstacle_medium,standby
2026-03-15 09:27:30,Sunday,9,124.0,83.7,none,standby
2026-03-15 09:28:00,Sunday,9,100.4,83.7,none,navigation
2026-03-15 09:28:30,Sunday,9,98.7,83.7,none,navigation
2026-03-15 09:29:00,Sunday,9,94.3,83.6,low_battery,navigation
2026-03-15 09:29:30,Sunday,9,100.2,83.6,obstacle_near,indoor_assist
2026-03-15 09:30:00,Sunday,9,84.4,83.6,none,standby
2026-03-15 09:30:30,Sunday,9,180.8,83.6,none,standby
2026-03-15 09:31:00,Sunday,9,141.7,83.6,none,indoor_assist
2026-03-15 09:31:30,Sunday,9,107.1,83.5,none,navigation
2026-03-15 09:32:00,Sunday,9,147.8,83.5,none,indoor_assist
2026-03-15 09:32:30,Sunday,9,149.7,83.5,none,navigation
2026-03-15 09:33:00,Sunday,9,77.7,83.5,obstacle_medium,standby
2026-03-15 09:33:30,Sunday,9,59.2,83.5,obstacle_medium,navigation
2026-03-15 09:34:00,Sunday,9,148.4,83.4,none,navigation
2026-03-15 09:34:30,Sunday,9,105.3,83.4,none,navigation
2026-03-15 09:35:00,Sunday,9,129.2,83.4,none,navigation
2026-03-15 09:35:30,Sunday,9,143.9,83.4,none,standby
2026-03-15 09:36:00,Sunday,9,102.1,83.4,none,navigation
2026-03-15 09:36:30,Sunday,9,117.9,83.3,none,navigation
2026-03-15 09:37:00,Sunday,9,80.7,83.3,none,standby
2026-03-15 09:37:30,Sunday,9,146.3,83.3,none,indoor_assist
2026-03-15 09:38:00,Sunday,9,141.0,83.3,none,indoor_assist
2026-03-15 09:38:30,Sunday,9,84.4,83.3,obstacle_medium,standby
2026-03-15 09:39:00,Sunday,9,94.2,83.2,obstacle_medium,navigation
2026-03-15 09:39:30,Sunday,9,85.7,83.2,none,standby
2026-03-15 09:40:00,Sunday,9,86.4,83.2,none,navigation
2026-03-15 09:40:30,Sunday,9,85.8,83.2,obstacle_near,indoor_assist
2026-03-15 09:41:00,Sunday,9,86.0,83.2,obstacle_medium,standby
2026-03-15 09:41:30,Sunday,9,123.7,83.1,none,indoor_assist
2026-03-15 09:42:00,Sunday,9,175.7,83.1,obstacle_medium,navigation
2026-03-15 09:42:30,Sunday,9,109.0,83.1,obstacle_medium,navigation
2026-03-15 09:43:00,Sunday,9,85.4,83.1,obstacle_near,indoor_assist
2026-03-15 09:43:30,Sunday,9,141.2,83.1,none,navigation
2026-03-15 09:44:00,Sunday,9,159.2,83.0,none,indoor_assist
2026-03-15 09:44:30,Sunday,9,48.8,83.0,obstacle_medium,navigation
2026-03-15 09:45:00,Sunday,9,133.8,83.0,none,indoor_assist
2026-03-15 09:45:30,Sunday,9,114.9,83.0,none,standby
2026-03-15 09:46:00,Sunday,9,115.9,83.0,none,indoor_assist
2026-03-15 09:46:30,Sunday,9,196.0,82.9,none,standby
2026-03-15 09:47:00,Sunday,9,95.8,82.9,obstacle_medium,indoor_assist
2026-03-15 09:47:30,Sunday,9,92.8,82.9,obstacle_medium,standby
2026-03-15 09:48:00,Sunday,9,53.3,82.9,obstacle_medium,indoor_assist
2026-03-15 09:48:30,Sunday,9,64.2,82.9,obstacle_medium,indoor_assist
2026-03-15 09:49:00,Sunday,9,83.0,82.8,none,indoor_assist
2026-03-15 09:49:30,Sunday,9,76.8,82.8,obstacle_medium,navigation
2026-03-15 09:50:00,Sunday,9,80.2,82.8,none,indoor_assist
2026-03-15 09:50:30,Sunday,9,143.4,82.8,obstacle_medium,navigation
2026-03-15 09:51:00,Sunday,9,123.9,82.8,obstacle_medium,navigation
2026-03-15 09:51:30,Sunday,9,115.4,82.7,none,indoor_assist
2026-03-15 09:52:00,Sunday,9,69.1,82.7,obstacle_medium,navigation
2026-03-15 09:52:30,Sunday,9,131.4,82.7,none,navigation
2026-03-15 09:53:00,Sunday,9,83.8,82.7,none,indoor_assist
2026-03-15 09:53:30,Sunday,9,104.9,82.7,none,indoor_assist
2026-03-15 09:54:00,Sunday,9,70.0,82.6,obstacle_medium,navigation
2026-03-15 09:54:30,Sunday,9,153.2,82.6,none,navigation
2026-03-15 09:55:00,Sunday,9,145.6,82.6,none,indoor_assist
2026-03-15 09:55:30,Sunday,9,80.7,82.6,obstacle_near,standby
2026-03-15 09:56:00,Sunday,9,130.2,82.6,none,navigation
2026-03-15 09:56:30,Sunday,9,140.3,82.5,obstacle_medium,indoor_assist
2026-03-15 09:57:00,Sunday,9,149.6,82.5,none,indoor_assist
2026-03-15 09:57:30,Sunday,9,132.0,82.5,low_battery,indoor_assist
2026-03-15 09:58:00,Sunday,9,101.5,82.5,fall_detected,indoor_assist
2026-03-15 09:58:30,Sunday,9,102.2,82.5,none,navigation
2026-03-15 09:59:00,Sunday,9,149.8,82.4,none,standby
2026-03-15 09:59:30,Sunday,9,80.9,82.4,none,indoor_assist
2026-03-15 10:00:00,Sunday,10,135.4,82.4,none,navigation
2026-03-15 10:00:30,Sunday,10,150.0,82.4,obstacle_medium,indoor_assist
2026-03-15 10:01:00,Sunday,10,126.3,82.4,obstacle_medium,navigation
2026-03-15 10:01:30,Sunday,10,107.9,82.3,none,navigation
2026-03-15 10:02:00,Sunday,10,120.6,82.3,none,navigation
2026-03-15 10:02:30,Sunday,10,184.1,82.3,none,navigation
2026-03-15 10:03:00,Sunday,10,135.1,82.3,low_battery,navigation
2026-03-15 10:03:30,Sunday,10,131.2,82.3,low_battery,indoor_assist
2026-03-15 10:04:00,Sunday,10,101.0,82.2,none,navigation
2026-03-15 10:04:30,Sunday,10,115.3,82.2,fall_detected,navigation
2026-03-15 10:05:00,Sunday,10,114.8,82.2,obstacle_near,navigation
2026-03-15 10:05:30,Sunday,10,130.4,82.2,obstacle_medium,navigation
2026-03-15 10:06:00,Sunday,10,166.4,82.2,none,navigation
2026-03-15 10:06:30,Sunday,10,128.3,82.1,none,navigation
2026-03-15 10:07:00,Sunday,10,144.9,82.1,low_battery,standby
2026-03-15 10:07:30,Sunday,10,49.3,82.1,obstacle_medium,navigation
2026-03-15 10:08:00,Sunday,10,163.8,82.1,none,standby
2026-03-15 10:08:30,Sunday,10,86.2,82.1,none,navigation
2026-03-15 10:09:00,Sunday,10,105.5,82.0,none,standby
2026-03-15 10:09:30,Sunday,10,110.3,82.0,obstacle_medium,navigation
2026-03-15 10:10:00,Sunday,10,122.5,82.0,none,indoor_assist
2026-03-15 10:10:30,Sunday,10,112.3,82.0,none,indoor_assist
2026-03-15 10:11:00,Sunday,10,141.4,82.0,none,standby
2026-03-15 10:11:30,Sunday,10,76.2,81.9,obstacle_medium,indoor_assist
2026-03-15 10:12:00,Sunday,10,116.6,81.9,none,standby
2026-03-15 10:12:30,Sunday,10,94.4,81.9,none,indoor_assist
2026-03-15 10:13:00,Sunday,10,130.2,81.9,none,standby
2026-03-15 10:13:30,Sunday,10,109.7,81.9,none,navigation
2026-03-15 10:14:00,Sunday,10,170.3,81.8,none,navigation
2026-03-15 10:14:30,Sunday,10,168.0,81.8,none,indoor_assist
2026-03-15 10:15:00,Sunday,10,136.4,81.8,fall_detected,indoor_assist
2026-03-15 10:15:30,Sunday,10,137.8,81.8,none,indoor_assist
2026-03-15 10:16:00,Sunday,10,159.0,81.8,none,standby
2026-03-15 10:16:30,Sunday,10,163.8,81.7,none,standby
2026-03-15 10:17:00,Sunday,10,115.3,81.7,obstacle_medium,standby
2026-03-15 10:17:30,Sunday,10,98.4,81.7,obstacle_near,navigation
2026-03-15 10:18:00,Sunday,10,127.8,81.7,obstacle_medium,navigation
2026-03-15 10:18:30,Sunday,10,123.9,81.7,none,navigation
2026-03-15 10:19:00,Sunday,10,136.0,81.6,none,navigation
2026-03-15 10:19:30,Sunday,10,78.5,81.6,obstacle_medium,navigation
2026-03-15 10:20:00,Sunday,10,101.9,81.6,none,standby
2026-03-15 10:20:30,Sunday,10,77.6,81.6,obstacle_medium,indoor_assist
2026-03-15 10:21:00,Sunday,10,108.0,81.6,obstacle_near,navigation
2026-03-15 10:21:30,Sunday,10,112.0,81.5,none,indoor_assist
2026-03-15 10:22:00,Sunday,10,148.5,81.5,none,navigation
2026-03-15 10:22:30,Sunday,10,80.5,81.5,none,indoor_assist
2026-03-15 10:23:00,Sunday,10,152.9,81.5,obstacle_near,indoor_assist
2026-03-15 10:23:30,Sunday,10,143.3,81.5,none,indoor_assist
2026-03-15 10:24:00,Sunday,10,103.1,81.4,none,navigation
2026-03-15 10:24:30,Sunday,10,134.7,81.4,none,indoor_assist
2026-03-15 10:25:00,Sunday,10,118.7,81.4,none,navigation
2026-03-15 10:25:30,Sunday,10,107.1,81.4,none,indoor_assist
2026-03-15 10:26:00,Sunday,10,162.1,81.4,none,navigation
2026-03-15 10:26:30,Sunday,10,118.1,81.3,none,indoor_assist
2026-03-15 10:27:00,Sunday,10,102.7,81.3,none,indoor_assist
2026-03-15 10:27:30,Sunday,10,116.0,81.3,obstacle_near,standby
2026-03-15 10:28:00,Sunday,10,116.1,81.3,obstacle_near,indoor_assist
2026-03-15 10:28:30,Sunday,10,102.9,81.3,none,indoor_assist
2026-03-15 10:29:00,Sunday,10,143.3,81.2,obstacle_medium,navigation
2026-03-15 10:29:30,Sunday,10,111.4,81.2,obstacle_medium,navigation
2026-03-15 10:30:00,Sunday,10,155.9,81.2,none,indoor_assist
2026-03-15 10:30:30,Sunday,10,124.0,81.2,obstacle_near,indoor_assist
2026-03-15 10:31:00,Sunday,10,148.9,81.2,none,standby
2026-03-15 10:31:30,Sunday,10,129.3,81.1,none,indoor_assist
2026-03-15 10:32:00,Sunday,10,148.8,81.1,none,navigation
2026-03-15 10:32:30,Sunday,10,117.9,81.1,low_battery,indoor_assist
2026-03-15 10:33:00,Sunday,10,66.2,81.1,obstacle_medium,navigation
2026-03-15 10:33:30,Sunday,10,153.3,81.1,none,standby
2026-03-15 10:34:00,Sunday,10,93.9,81.0,none,navigation
2026-03-15 10:34:30,Sunday,10,144.9,81.0,none,navigation
2026-03-15 10:35:00,Sunday,10,106.2,81.0,none,navigation
2026-03-15 10:35:30,Sunday,10,120.7,81.0,obstacle_near,indoor_assist
2026-03-15 10:36:00,Sunday,10,135.7,81.0,obstacle_medium,navigation
2026-03-15 10:36:30,Sunday,10,66.6,80.9,obstacle_medium,navigation
2026-03-15 10:37:00,Sunday,10,160.1,80.9,none,indoor_assist
2026-03-15 10:37:30,Sunday,10,132.7,80.9,obstacle_medium,indoor_assist
2026-03-15 10:38:00,Sunday,10,144.4,80.9,none,navigation
2026-03-15 10:38:30,Sunday,10,147.6,80.9,none,navigation
2026-03-15 10:39:00,Sunday,10,126.0,80.8,none,navigation
2026-03-15 10:39:30,Sunday,10,73.6,80.8,obstacle_medium,navigation
2026-03-15 10:40:00,Sunday,10,81.7,80.8,obstacle_medium,indoor_assist
2026-03-15 10:40:30,Sunday,10,121.2,80.8,none,navigation
2026-03-15 10:41:00,Sunday,10,112.9,80.8,obstacle_medium,standby
2026-03-15 10:41:30,Sunday,10,153.6,80.7,obstacle_medium,indoor_assist
2026-03-15 10:42:00,Sunday,10,138.7,80.7,none,navigation
2026-03-15 10:42:30,Sunday,10,142.2,80.7,obstacle_near,navigation
2026-03-15 10:43:00,Sunday,10,98.1,80.7,obstacle_near,standby
2026-03-15 10:43:30,Sunday,10,153.5,80.7,none,indoor_assist
2026-03-15 10:44:00,Sunday,10,87.5,80.6,obstacle_medium,indoor_assist
2026-03-15 10:44:30,Sunday,10,100.5,80.6,none,navigation
2026-03-15 10:45:00,Sunday,10,86.1,80.6,none,navigation
2026-03-15 10:45:30,Sunday,10,115.6,80.6,obstacle_medium,navigation
2026-03-15 10:46:00,Sunday,10,126.6,80.6,none,indoor_assist
2026-03-15 10:46:30,Sunday,10,96.5,80.5,obstacle_near,navigation
2026-03-15 10:47:00,Sunday,10,138.7,80.5,obstacle_medium,navigation
2026-03-15 10:47:30,Sunday,10,130.2,80.5,none,standby
2026-03-15 10:48:00,Sunday,10,39.2,80.5,obstacle_medium,navigation
2026-03-15 10:48:30,Sunday,10,124.2,80.5,none,standby
2026-03-15 10:49:00,Sunday,10,42.0,80.4,obstacle_medium,navigation
2026-03-15 10:49:30,Sunday,10,167.6,80.4,none,navigation
2026-03-15 10:50:00,Sunday,10,124.7,80.4,none,navigation
2026-03-15 10:50:30,Sunday,10,132.9,80.4,obstacle_medium,navigation
2026-03-15 10:51:00,Sunday,10,127.4,80.4,obstacle_near,navigation
2026-03-15 10:51:30,Sunday,10,78.2,80.3,obstacle_medium,navigation
2026-03-15 10:52:00,Sunday,10,139.7,80.3,none,indoor_assist
2026-03-15 10:52:30,Sunday,10,105.1,80.3,none,indoor_assist
2026-03-15 10:53:00,Sunday,10,138.3,80.3,obstacle_near,navigation
2026-03-15 10:53:30,Sunday,10,114.5,80.3,none,navigation
2026-03-15 10:54:00,Sunday,10,114.7,80.2,none,navigation
2026-03-15 10:54:30,Sunday,10,187.7,80.2,none,standby
2026-03-15 10:55:00,Sunday,10,131.4,80.2,none,navigation
2026-03-15 10:55:30,Sunday,10,120.9,80.2,none,navigation
2026-03-15 10:56:00,Sunday,10,136.9,80.2,none,indoor_assist
2026-03-15 10:56:30,Sunday,10,155.7,80.1,none,navigation
2026-03-15 10:57:00,Sunday,10,90.1,80.1,none,navigation
2026-03-15 10:57:30,Sunday,10,93.9,80.1,obstacle_medium,navigation
2026-03-15 10:58:00,Sunday,10,99.5,80.1,none,indoor_assist
2026-03-15 10:58:30,Sunday,10,136.8,80.1,none,navigation
2026-03-15 10:59:00,Sunday,10,129.4,80.0,none,navigation
2026-03-15 10:59:30,Sunday,10,133.9,80.0,none,navigation
2026-03-15 11:00:00,Sunday,11,91.2,80.0,none,navigation
2026-03-15 11:00:30,Sunday,11,111.8,80.0,none,navigation
2026-03-15 11:01:00,Sunday,11,117.3,80.0,none,indoor_assist
2026-03-15 11:01:30,Sunday,11,128.3,79.9,none,standby
2026-03-15 11:02:00,Sunday,11,136.9,79.9,none,indoor_assist
2026-03-15 11:02:30,Sunday,11,123.4,79.9,none,standby
2026-03-15 11:03:00,Sunday,11,129.7,79.9,fall_detected,indoor_assist
2026-03-15 11:03:30,Sunday,11,80.3,79.9,obstacle_near,navigation
2026-03-15 11:04:00,Sunday,11,114.0,79.8,none,standby
2026-03-15 11:04:30,Sunday,11,189.1,79.8,none,indoor_assist
2026-03-15 11:05:00,Sunday,11,146.8,79.8,none,indoor_assist
2026-03-15 11:05:30,Sunday,11,71.9,79.8,obstacle_medium,indoor_assist
2026-03-15 11:06:00,Sunday,11,88.3,79.8,none,standby
2026-03-15 11:06:30,Sunday,11,150.4,79.7,none,navigation
2026-03-15 11:07:00,Sunday,11,70.8,79.7,obstacle_medium,standby
2026-03-15 11:07:30,Sunday,11,103.3,79.7,obstacle_medium,navigation
2026-03-15 11:08:00,Sunday,11,162.0,79.7,none,navigation
2026-03-15 11:08:30,Sunday,11,147.8,79.7,none,standby
2026-03-15 11:09:00,Sunday,11,102.7,79.6,none,navigation
2026-03-15 11:09:30,Sunday,11,100.7,79.6,obstacle_medium,indoor_assist
2026-03-15 11:10:00,Sunday,11,143.6,79.6,none,indoor_assist
2026-03-15 11:10:30,Sunday,11,155.5,79.6,obstacle_near,navigation
2026-03-15 11:11:00,Sunday,11,147.6,79.6,obstacle_near,indoor_assist
2026-03-15 11:11:30,Sunday,11,126.8,79.5,none,indoor_assist
2026-03-15 11:12:00,Sunday,11,147.0,79.5,low_battery,indoor_assist
2026-03-15 11:12:30,Sunday,11,101.1,79.5,none,navigation
2026-03-15 11:13:00,Sunday,11,134.0,79.5,none,navigation
2026-03-15 11:13:30,Sunday,11,121.9,79.5,none,navigation
2026-03-15 11:14:00,Sunday,11,48.4,79.4,obstacle_medium,navigation
2026-03-15 11:14:30,Sunday,11,131.9,79.4,none,indoor_assist
2026-03-15 11:15:00,Sunday,11,128.3,79.4,low_battery,navigation
2026-03-15 11:15:30,Sunday,11,88.0,79.4,none,standby
2026-03-15 11:16:00,Sunday,11,115.9,79.4,none,standby
2026-03-15 11:16:30,Sunday,11,161.4,79.3,none,navigation
2026-03-15 11:17:00,Sunday,11,141.1,79.3,obstacle_medium,navigation
2026-03-15 11:17:30,Sunday,11,112.0,79.3,none,standby
2026-03-15 11:18:00,Sunday,11,115.3,79.3,none,standby
2026-03-15 11:18:30,Sunday,11,138.7,79.3,obstacle_near,indoor_assist
2026-03-15 11:19:00,Sunday,11,138.1,79.2,none,navigation
2026-03-15 11:19:30,Sunday,11,121.9,79.2,fall_detected,navigation
2026-03-15 11:20:00,Sunday,11,114.4,79.2,none,standby
2026-03-15 11:20:30,Sunday,11,112.7,79.2,fall_detected,indoor_assist
2026-03-15 11:21:00,Sunday,11,126.8,79.2,none,navigation
2026-03-15 11:21:30,Sunday,11,121.6,79.1,none,navigation
2026-03-15 11:22:00,Sunday,11,141.9,79.1,none,navigation
2026-03-15 11:22:30,Sunday,11,134.8,79.1,low_battery,navigation
2026-03-15 11:23:00,Sunday,11,51.5,79.1,obstacle_medium,indoor_assist
2026-03-15 11:23:30,Sunday,11,146.7,79.1,none,navigation
2026-03-15 11:24:00,Sunday,11,93.8,79.0,none,navigation
2026-03-15 11:24:30,Sunday,11,90.1,79.0,low_battery,navigation
2026-03-15 11:25:00,Sunday,11,163.3,79.0,none,navigation
2026-03-15 11:25:30,Sunday,11,123.3,79.0,none,standby
2026-03-15 11:26:00,Sunday,11,87.5,79.0,none,navigation
2026-03-15 11:26:30,Sunday,11,129.2,78.9,none,indoor_assist
2026-03-15 11:27:00,Sunday,11,126.0,78.9,none,navigation
2026-03-15 11:27:30,Sunday,11,153.8,78.9,obstacle_medium,navigation
2026-03-15 11:28:00,Sunday,11,128.2,78.9,none,navigation
2026-03-15 11:28:30,Sunday,11,119.5,78.9,none,navigation
2026-03-15 11:29:00,Sunday,11,74.7,78.8,obstacle_medium,standby
2026-03-15 11:29:30,Sunday,11,97.4,78.8,low_battery,navigation
2026-03-15 11:30:00,Sunday,11,140.9,78.8,low_battery,standby
2026-03-15 11:30:30,Sunday,11,108.8,78.8,none,navigation
2026-03-15 11:31:00,Sunday,11,92.6,78.8,obstacle_medium,navigation
2026-03-15 11:31:30,Sunday,11,102.2,78.7,none,navigation
2026-03-15 11:32:00,Sunday,11,91.8,78.7,none,navigation
2026-03-15 11:32:30,Sunday,11,107.9,78.7,none,navigation
2026-03-15 11:33:00,Sunday,11,154.2,78.7,none,indoor_assist
2026-03-15 11:33:30,Sunday,11,116.9,78.7,none,navigation
2026-03-15 11:34:00,Sunday,11,171.1,78.6,none,navigation
2026-03-15 11:34:30,Sunday,11,86.1,78.6,none,indoor_assist
2026-03-15 11:35:00,Sunday,11,137.9,78.6,none,navigation
2026-03-15 11:35:30,Sunday,11,158.1,78.6,none,navigation
2026-03-15 11:36:00,Sunday,11,117.8,78.6,none,navigation
2026-03-15 11:36:30,Sunday,11,85.9,78.5,none,navigation
2026-03-15 11:37:00,Sunday,11,96.8,78.5,none,standby
2026-03-15 11:37:30,Sunday,11,109.4,78.5,low_battery,navigation
2026-03-15 11:38:00,Sunday,11,108.3,78.5,obstacle_medium,indoor_assist
2026-03-15 11:38:30,Sunday,11,52.0,78.5,obstacle_medium,navigation
2026-03-15 11:39:00,Sunday,11,61.5,78.4,obstacle_medium,navigation
2026-03-15 11:39:30,Sunday,11,110.3,78.4,none,standby
2026-03-15 11:40:00,Sunday,11,103.9,78.4,none,navigation
2026-03-15 11:40:30,Sunday,11,95.0,78.4,none,standby
2026-03-15 11:41:00,Sunday,11,143.2,78.4,obstacle_medium,navigation
2026-03-15 11:41:30,Sunday,11,113.9,78.3,none,standby
2026-03-15 11:42:00,Sunday,11,65.5,78.3,obstacle_medium,navigation
2026-03-15 11:42:30,Sunday,11,164.8,78.3,none,navigation
2026-03-15 11:43:00,Sunday,11,159.0,78.3,none,navigation
2026-03-15 11:43:30,Sunday,11,79.8,78.3,obstacle_medium,navigation
2026-03-15 11:44:00,Sunday,11,124.4,78.2,none,indoor_assist
2026-03-15 11:44:30,Sunday,11,125.0,78.2,none,standby
2026-03-15 11:45:00,Sunday,11,103.9,78.2,none,navigation
2026-03-15 11:45:30,Sunday,11,137.0,78.2,none,indoor_assist
2026-03-15 11:46:00,Sunday,11,106.8,78.2,low_battery,standby
2026-03-15 11:46:30,Sunday,11,124.5,78.1,none,navigation
2026-03-15 11:47:00,Sunday,11,181.0,78.1,none,navigation
2026-03-15 11:47:30,Sunday,11,121.9,78.1,none,navigation
2026-03-15 11:48:00,Sunday,11,127.3,78.1,none,navigation
2026-03-15 11:48:30,Sunday,11,108.4,78.1,none,indoor_assist
2026-03-15 11:49:00,Sunday,11,135.4,78.0,none,standby
2026-03-15 11:49:30,Sunday,11,141.5,78.0,obstacle_near,navigation
2026-03-15 11:50:00,Sunday,11,146.5,78.0,obstacle_near,navigation
2026-03-15 11:50:30,Sunday,11,106.3,78.0,obstacle_medium,standby
2026-03-15 11:51:00,Sunday,11,138.7,78.0,none,navigation
2026-03-15 11:51:30,Sunday,11,79.6,77.9,obstacle_medium,navigation
2026-03-15 11:52:00,Sunday,11,156.0,77.9,obstacle_medium,navigation
2026-03-15 11:52:30,Sunday,11,137.0,77.9,low_battery,indoor_assist
2026-03-15 11:53:00,Sunday,11,94.3,77.9,obstacle_medium,navigation
2026-03-15 11:53:30,Sunday,11,94.8,77.9,fall_detected,navigation
2026-03-15 11:54:00,Sunday,11,117.7,77.8,none,navigation
2026-03-15 11:54:30,Sunday,11,84.1,77.8,none,indoor_assist
2026-03-15 11:55:00,Sunday,11,92.2,77.8,obstacle_near,indoor_assist
2026-03-15 11:55:30,Sunday,11,147.6,77.8,none,standby
2026-03-15 11:56:00,Sunday,11,145.0,77.8,none,navigation
2026-03-15 11:56:30,Sunday,11,66.9,77.7,obstacle_medium,navigation
2026-03-15 11:57:00,Sunday,11,118.0,77.7,obstacle_medium,indoor_assist
2026-03-15 11:57:30,Sunday,11,143.3,77.7,none,navigation
2026-03-15 11:58:00,Sunday,11,90.7,77.7,none,standby
2026-03-15 11:58:30,Sunday,11,89.6,77.7,none,navigation
2026-03-15 11:59:00,Sunday,11,84.2,77.6,obstacle_medium,navigation
2026-03-15 11:59:30,Sunday,11,140.0,77.6,none,indoor_assist
2026-03-15 12:00:00,Sunday,12,204.5,77.6,obstacle_medium,navigation
2026-03-15 12:00:30,Sunday,12,195.7,77.6,none,navigation
2026-03-15 12:01:00,Sunday,12,192.0,77.6,obstacle_near,indoor_assist
2026-03-15 12:01:30,Sunday,12,233.4,77.5,none,navigation
2026-03-15 12:02:00,Sunday,12,219.1,77.5,low_battery,navigation
2026-03-15 12:02:30,Sunday,12,203.5,77.5,none,indoor_assist
2026-03-15 12:03:00,Sunday,12,182.8,77.5,none,indoor_assist
2026-03-15 12:03:30,Sunday,12,209.0,77.5,obstacle_near,indoor_assist
2026-03-15 12:04:00,Sunday,12,195.2,77.4,fall_detected,navigation
2026-03-15 12:04:30,Sunday,12,202.1,77.4,none,navigation
2026-03-15 12:05:00,Sunday,12,180.6,77.4,obstacle_medium,navigation
2026-03-15 12:05:30,Sunday,12,190.6,77.4,none,indoor_assist
2026-03-15 12:06:00,Sunday,12,232.0,77.4,none,navigation
2026-03-15 12:06:30,Sunday,12,171.9,77.3,obstacle_medium,navigation
2026-03-15 12:07:00,Sunday,12,173.3,77.3,low_battery,indoor_assist
2026-03-15 12:07:30,Sunday,12,180.0,77.3,none,indoor_assist
2026-03-15 12:08:00,Sunday,12,209.8,77.3,obstacle_medium,indoor_assist
2026-03-15 12:08:30,Sunday,12,216.6,77.3,none,navigation
2026-03-15 12:09:00,Sunday,12,190.2,77.2,none,indoor_assist
2026-03-15 12:09:30,Sunday,12,177.8,77.2,none,navigation
2026-03-15 12:10:00,Sunday,12,189.2,77.2,none,standby
2026-03-15 12:10:30,Sunday,12,164.1,77.2,none,navigation
2026-03-15 12:11:00,Sunday,12,204.4,77.2,obstacle_near,navigation
2026-03-15 12:11:30,Sunday,12,179.2,77.1,none,indoor_assist
2026-03-15 12:12:00,Sunday,12,184.9,77.1,obstacle_medium,navigation
2026-03-15 12:12:30,Sunday,12,231.9,77.1,none,indoor_assist
2026-03-15 12:13:00,Sunday,12,175.2,77.1,none,standby
2026-03-15 12:13:30,Sunday,12,161.0,77.1,none,navigation
2026-03-15 12:14:00,Sunday,12,166.0,77.0,none,navigation
2026-03-15 12:14:30,Sunday,12,204.0,77.0,none,navigation
2026-03-15 12:15:00,Sunday,12,227.4,77.0,low_battery,navigation
2026-03-15 12:15:30,Sunday,12,238.7,77.0,fall_detected,navigation
2026-03-15 12:16:00,Sunday,12,146.7,77.0,none,navigation
2026-03-15 12:16:30,Sunday,12,232.7,76.9,obstacle_near,navigation
2026-03-15 12:17:00,Sunday,12,188.7,76.9,none,navigation
2026-03-15 12:17:30,Sunday,12,222.5,76.9,none,navigation
2026-03-15 12:18:00,Sunday,12,171.5,76.9,none,indoor_assist
2026-03-15 12:18:30,Sunday,12,173.5,76.9,none,standby
2026-03-15 12:19:00,Sunday,12,205.7,76.8,none,standby
2026-03-15 12:19:30,Sunday,12,181.1,76.8,none,navigation
2026-03-15 12:20:00,Sunday,12,178.0,76.8,none,navigation
2026-03-15 12:20:30,Sunday,12,231.8,76.8,none,navigation
2026-03-15 12:21:00,Sunday,12,209.4,76.8,none,standby
2026-03-15 12:21:30,Sunday,12,205.6,76.7,none,navigation
2026-03-15 12:22:00,Sunday,12,207.2,76.7,obstacle_medium,navigation
2026-03-15 12:22:30,Sunday,12,236.0,76.7,none,navigation
2026-03-15 12:23:00,Sunday,12,187.3,76.7,none,indoor_assist
2026-03-15 12:23:30,Sunday,12,205.9,76.7,none,navigation
2026-03-15 12:24:00,Sunday,12,214.0,76.6,none,navigation
2026-03-15 12:24:30,Sunday,12,251.7,76.6,none,navigation
2026-03-15 12:25:00,Sunday,12,244.0,76.6,none,navigation
2026-03-15 12:25:30,Sunday,12,185.0,76.6,low_battery,indoor_assist
2026-03-15 12:26:00,Sunday,12,221.5,76.6,none,indoor_assist
2026-03-15 12:26:30,Sunday,12,225.8,76.5,obstacle_medium,navigation
2026-03-15 12:27:00,Sunday,12,234.7,76.5,none,navigation
2026-03-15 12:27:30,Sunday,12,170.6,76.5,obstacle_medium,navigation
2026-03-15 12:28:00,Sunday,12,182.2,76.5,none,navigation
2026-03-15 12:28:30,Sunday,12,117.1,76.5,none,navigation
2026-03-15 12:29:00,Sunday,12,196.6,76.4,none,indoor_assist
2026-03-15 12:29:30,Sunday,12,200.6,76.4,none,navigation
2026-03-15 12:30:00,Sunday,12,144.6,76.4,obstacle_near,indoor_assist
2026-03-15 12:30:30,Sunday,12,210.6,76.4,obstacle_medium,indoor_assist
2026-03-15 12:31:00,Sunday,12,143.2,76.4,none,navigation
2026-03-15 12:31:30,Sunday,12,226.8,76.3,obstacle_medium,indoor_assist
2026-03-15 12:32:00,Sunday,12,187.4,76.3,none,navigation
2026-03-15 12:32:30,Sunday,12,223.8,76.3,none,standby
2026-03-15 12:33:00,Sunday,12,214.5,76.3,none,indoor_assist
2026-03-15 12:33:30,Sunday,12,203.0,76.3,low_battery,navigation
2026-03-15 12:34:00,Sunday,12,183.3,76.2,none,navigation
2026-03-15 12:34:30,Sunday,12,207.9,76.2,none,standby
2026-03-15 12:35:00,Sunday,12,214.8,76.2,obstacle_near,indoor_assist
2026-03-15 12:35:30,Sunday,12,216.7,76.2,none,navigation
2026-03-15 12:36:00,Sunday,12,236.8,76.2,none,standby
2026-03-15 12:36:30,Sunday,12,174.8,76.1,none,navigation
2026-03-15 12:37:00,Sunday,12,147.6,76.1,none,standby
2026-03-15 12:37:30,Sunday,12,214.6,76.1,none,navigation
2026-03-15 12:38:00,Sunday,12,207.1,76.1,none,standby
2026-03-15 12:38:30,Sunday,12,198.0,76.1,none,navigation
2026-03-15 12:39:00,Sunday,12,143.2,76.0,none,navigation
2026-03-15 12:39:30,Sunday,12,230.3,76.0,none,indoor_assist
2026-03-15 12:40:00,Sunday,12,192.2,76.0,none,navigation
2026-03-15 12:40:30,Sunday,12,221.3,76.0,low_battery,navigation
2026-03-15 12:41:00,Sunday,12,227.9,76.0,none,navigation
2026-03-15 12:41:30,Sunday,12,189.5,75.9,none,navigation
2026-03-15 12:42:00,Sunday,12,176.2,75.9,none,indoor_assist
2026-03-15 12:42:30,Sunday,12,192.8,75.9,obstacle_medium,indoor_assist
2026-03-15 12:43:00,Sunday,12,225.4,75.9,obstacle_medium,standby
2026-03-15 12:43:30,Sunday,12,217.2,75.9,none,navigation
2026-03-15 12:44:00,Sunday,12,215.8,75.8,obstacle_medium,navigation
2026-03-15 12:44:30,Sunday,12,200.4,75.8,none,navigation
2026-03-15 12:45:00,Sunday,12,158.1,75.8,none,standby
2026-03-15 12:45:30,Sunday,12,165.4,75.8,none,indoor_assist
2026-03-15 12:46:00,Sunday,12,202.2,75.8,none,indoor_assist
2026-03-15 12:46:30,Sunday,12,184.8,75.7,none,indoor_assist
2026-03-15 12:47:00,Sunday,12,194.7,75.7,none,indoor_assist
2026-03-15 12:47:30,Sunday,12,184.9,75.7,obstacle_near,indoor_assist
2026-03-15 12:48:00,Sunday,12,117.6,75.7,none,indoor_assist
2026-03-15 12:48:30,Sunday,12,174.2,75.7,fall_detected,standby
2026-03-15 12:49:00,Sunday,12,195.4,75.6,none,navigation
2026-03-15 12:49:30,Sunday,12,125.5,75.6,none,navigation
2026-03-15 12:50:00,Sunday,12,167.6,75.6,obstacle_medium,navigation
2026-03-15 12:50:30,Sunday,12,251.2,75.6,none,navigation
2026-03-15 12:51:00,Sunday,12,244.6,75.6,none,navigation
2026-03-15 12:51:30,Sunday,12,173.5,75.5,none,indoor_assist
2026-03-15 12:52:00,Sunday,12,154.4,75.5,none,navigation
2026-03-15 12:52:30,Sunday,12,210.8,75.5,obstacle_near,navigation
2026-03-15 12:53:00,Sunday,12,165.2,75.5,obstacle_near,navigation
2026-03-15 12:53:30,Sunday,12,212.5,75.5,low_battery,standby
2026-03-15 12:54:00,Sunday,12,212.0,75.4,none,navigation
2026-03-15 12:54:30,Sunday,12,164.9,75.4,none,navigation
2026-03-15 12:55:00,Sunday,12,216.5,75.4,none,indoor_assist
2026-03-15 12:55:30,Sunday,12,172.7,75.4,none,standby
2026-03-15 12:56:00,Sunday,12,240.5,75.4,obstacle_medium,standby
2026-03-15 12:56:30,Sunday,12,283.5,75.3,none,indoor_assist
2026-03-15 12:57:00,Sunday,12,186.4,75.3,none,navigation
2026-03-15 12:57:30,Sunday,12,246.7,75.3,none,indoor_assist
2026-03-15 12:58:00,Sunday,12,170.1,75.3,none,indoor_assist
2026-03-15 12:58:30,Sunday,12,187.4,75.3,none,navigation
2026-03-15 12:59:00,Sunday,12,177.8,75.2,none,indoor_assist
2026-03-15 12:59:30,Sunday,12,152.3,75.2,obstacle_medium,indoor_assist
2026-03-15 13:00:00,Sunday,13,201.8,75.2,none,navigation
2026-03-15 13:00:30,Sunday,13,166.4,75.2,low_battery,indoor_assist
2026-03-15 13:01:00,Sunday,13,194.7,75.2,none,indoor_assist
2026-03-15 13:01:30,Sunday,13,188.3,75.1,none,indoor_assist
2026-03-15 13:02:00,Sunday,13,238.2,75.1,none,navigation
2026-03-15 13:02:30,Sunday,13,192.2,75.1,none,standby
2026-03-15 13:03:00,Sunday,13,158.2,75.1,obstacle_medium,indoor_assist
2026-03-15 13:03:30,Sunday,13,134.8,75.1,obstacle_medium,indoor_assist
2026-03-15 13:04:00,Sunday,13,175.9,75.0,obstacle_near,indoor_assist
2026-03-15 13:04:30,Sunday,13,183.6,75.0,low_battery,navigation
2026-03-15 13:05:00,Sunday,13,199.8,75.0,none,indoor_assist
2026-03-15 13:05:30,Sunday,13,184.2,75.0,none,indoor_assist
2026-03-15 13:06:00,Sunday,13,206.5,75.0,none,navigation
2026-03-15 13:06:30,Sunday,13,245.3,74.9,none,indoor_assist
2026-03-15 13:07:00,Sunday,13,199.3,74.9,none,indoor_assist
2026-03-15 13:07:30,Sunday,13,151.4,74.9,none,standby
2026-03-15 13:08:00,Sunday,13,208.8,74.9,obstacle_medium,standby
2026-03-15 13:08:30,Sunday,13,187.1,74.9,none,navigation
2026-03-15 13:09:00,Sunday,13,250.0,74.8,none,navigation
2026-03-15 13:09:30,Sunday,13,215.8,74.8,none,indoor_assist
2026-03-15 13:10:00,Sunday,13,233.2,74.8,none,navigation
2026-03-15 13:10:30,Sunday,13,169.5,74.8,none,indoor_assist
2026-03-15 13:11:00,Sunday,13,255.8,74.8,none,indoor_assist
2026-03-15 13:11:30,Sunday,13,179.3,74.7,obstacle_medium,indoor_assist
2026-03-15 13:12:00,Sunday,13,198.9,74.7,none,navigation
2026-03-15 13:12:30,Sunday,13,221.9,74.7,fall_detected,indoor_assist
2026-03-15 13:13:00,Sunday,13,203.1,74.7,obstacle_near,navigation
2026-03-15 13:13:30,Sunday,13,197.6,74.7,none,indoor_assist
2026-03-15 13:14:00,Sunday,13,258.0,74.6,none,indoor_assist
2026-03-15 13:14:30,Sunday,13,192.8,74.6,low_battery,navigation
2026-03-15 13:15:00,Sunday,13,137.3,74.6,none,standby
2026-03-15 13:15:30,Sunday,13,215.0,74.6,none,navigation
2026-03-15 13:16:00,Sunday,13,232.0,74.6,none,indoor_assist
2026-03-15 13:16:30,Sunday,13,192.4,74.5,none,navigation
2026-03-15 13:17:00,Sunday,13,156.4,74.5,low_battery,navigation
2026-03-15 13:17:30,Sunday,13,147.1,74.5,none,indoor_assist
2026-03-15 13:18:00,Sunday,13,214.4,74.5,none,standby
2026-03-15 13:18:30,Sunday,13,199.4,74.5,none,navigation
2026-03-15 13:19:00,Sunday,13,140.9,74.4,obstacle_medium,indoor_assist
2026-03-15 13:19:30,Sunday,13,167.6,74.4,none,indoor_assist
2026-03-15 13:20:00,Sunday,13,190.5,74.4,obstacle_near,indoor_assist
2026-03-15 13:20:30,Sunday,13,162.3,74.4,none,indoor_assist
2026-03-15 13:21:00,Sunday,13,167.8,74.4,none,indoor_assist
2026-03-15 13:21:30,Sunday,13,215.3,74.3,obstacle_medium,indoor_assist
2026-03-15 13:22:00,Sunday,13,178.6,74.3,none,navigation
2026-03-15 13:22:30,Sunday,13,239.0,74.3,none,navigation
2026-03-15 13:23:00,Sunday,13,241.2,74.3,none,navigation
2026-03-15 13:23:30,Sunday,13,117.7,74.3,none,navigation
2026-03-15 13:24:00,Sunday,13,243.6,74.2,obstacle_medium,indoor_assist
2026-03-15 13:24:30,Sunday,13,198.9,74.2,none,standby
2026-03-15 13:25:00,Sunday,13,256.2,74.2,none,navigation
2026-03-15 13:25:30,Sunday,13,237.6,74.2,none,indoor_assist
2026-03-15 13:26:00,Sunday,13,235.7,74.2,obstacle_medium,indoor_assist
2026-03-15 13:26:30,Sunday,13,200.6,74.1,obstacle_medium,navigation
2026-03-15 13:27:00,Sunday,13,193.7,74.1,obstacle_near,standby
2026-03-15 13:27:30,Sunday,13,174.3,74.1,none,indoor_assist
2026-03-15 13:28:00,Sunday,13,160.1,74.1,none,indoor_assist
2026-03-15 13:28:30,Sunday,13,262.8,74.1,none,navigation
2026-03-15 13:29:00,Sunday,13,207.2,74.0,none,indoor_assist
2026-03-15 13:29:30,Sunday,13,123.6,74.0,none,navigation
2026-03-15 13:30:00,Sunday,13,174.9,74.0,none,navigation
2026-03-15 13:30:30,Sunday,13,206.7,74.0,obstacle_medium,indoor_assist
2026-03-15 13:31:00,Sunday,13,222.5,74.0,obstacle_near,navigation
2026-03-15 13:31:30,Sunday,13,233.5,73.9,obstacle_medium,navigation
2026-03-15 13:32:00,Sunday,13,175.1,73.9,none,navigation
2026-03-15 13:32:30,Sunday,13,202.0,73.9,obstacle_near,navigation
2026-03-15 13:33:00,Sunday,13,182.1,73.9,none,standby
2026-03-15 13:33:30,Sunday,13,222.5,73.9,obstacle_near,standby
2026-03-15 13:34:00,Sunday,13,230.1,73.8,none,navigation
2026-03-15 13:34:30,Sunday,13,207.1,73.8,none,navigation
2026-03-15 13:35:00,Sunday,13,249.1,73.8,none,indoor_assist
2026-03-15 13:35:30,Sunday,13,179.5,73.8,none,navigation
2026-03-15 13:36:00,Sunday,13,220.3,73.8,fall_detected,indoor_assist
2026-03-15 13:36:30,Sunday,13,232.1,73.7,obstacle_medium,indoor_assist
2026-03-15 13:37:00,Sunday,13,151.8,73.7,none,indoor_assist
2026-03-15 13:37:30,Sunday,13,206.8,73.7,none,navigation
2026-03-15 13:38:00,Sunday,13,146.0,73.7,obstacle_medium,navigation
2026-03-15 13:38:30,Sunday,13,236.6,73.7,none,indoor_assist
2026-03-15 13:39:00,Sunday,13,176.4,73.6,none,navigation
2026-03-15 13:39:30,Sunday,13,164.7,73.6,none,indoor_assist
2026-03-15 13:40:00,Sunday,13,200.0,73.6,low_battery,navigation
2026-03-15 13:40:30,Sunday,13,202.8,73.6,none,navigation
2026-03-15 13:41:00,Sunday,13,192.2,73.6,none,indoor_assist
2026-03-15 13:41:30,Sunday,13,213.5,73.5,none,navigation
2026-03-15 13:42:00,Sunday,13,162.8,73.5,none,navigation
2026-03-15 13:42:30,Sunday,13,203.0,73.5,none,navigation
2026-03-15 13:43:00,Sunday,13,220.1,73.5,none,indoor_assist
2026-03-15 13:43:30,Sunday,13,223.4,73.5,none,navigation
2026-03-15 13:44:00,Sunday,13,203.6,73.4,none,indoor_assist
2026-03-15 13:44:30,Sunday,13,192.8,73.4,none,navigation
2026-03-15 13:45:00,Sunday,13,168.4,73.4,none,navigation
2026-03-15 13:45:30,Sunday,13,230.8,73.4,none,standby
2026-03-15 13:46:00,Sunday,13,182.4,73.4,none,navigation
2026-03-15 13:46:30,Sunday,13,192.7,73.3,none,navigation
2026-03-15 13:47:00,Sunday,13,196.6,73.3,obstacle_medium,indoor_assist
2026-03-15 13:47:30,Sunday,13,205.6,73.3,obstacle_near,indoor_assist
2026-03-15 13:48:00,Sunday,13,205.7,73.3,none,standby
2026-03-15 13:48:30,Sunday,13,196.7,73.3,none,navigation
2026-03-15 13:49:00,Sunday,13,237.3,73.2,obstacle_medium,navigation
2026-03-15 13:49:30,Sunday,13,213.7,73.2,obstacle_near,navigation
2026-03-15 13:50:00,Sunday,13,182.3,73.2,obstacle_medium,navigation
2026-03-15 13:50:30,Sunday,13,202.7,73.2,obstacle_near,indoor_assist
2026-03-15 13:51:00,Sunday,13,180.3,73.2,none,indoor_assist
2026-03-15 13:51:30,Sunday,13,153.7,73.1,none,indoor_assist
2026-03-15 13:52:00,Sunday,13,199.0,73.1,none,indoor_assist
2026-03-15 13:52:30,Sunday,13,182.5,73.1,none,navigation
2026-03-15 13:53:00,Sunday,13,212.6,73.1,none,navigation
2026-03-15 13:53:30,Sunday,13,182.7,73.1,none,navigation
2026-03-15 13:54:00,Sunday,13,236.1,73.0,none,indoor_assist
2026-03-15 13:54:30,Sunday,13,213.2,73.0,none,navigation
2026-03-15 13:55:00,Sunday,13,193.9,73.0,obstacle_near,navigation
2026-03-15 13:55:30,Sunday,13,232.4,73.0,none,navigation
2026-03-15 13:56:00,Sunday,13,139.2,73.0,none,standby
2026-03-15 13:56:30,Sunday,13,183.8,72.9,none,navigation
2026-03-15 13:57:00,Sunday,13,206.1,72.9,none,indoor_assist
2026-03-15 13:57:30,Sunday,13,216.5,72.9,none,navigation
2026-03-15 13:58:00,Sunday,13,289.4,72.9,none,indoor_assist
2026-03-15 13:58:30,Sunday,13,248.6,72.9,obstacle_near,navigation
2026-03-15 13:59:00,Sunday,13,173.0,72.8,none,navigation
2026-03-15 13:59:30,Sunday,13,215.8,72.8,none,navigation
2026-03-15 14:00:00,Sunday,14,151.4,72.8,none,indoor_assist
2026-03-15 14:00:30,Sunday,14,231.5,72.8,obstacle_near,navigation
2026-03-15 14:01:00,Sunday,14,211.4,72.8,obstacle_medium,indoor_assist
2026-03-15 14:01:30,Sunday,14,179.4,72.7,none,standby
2026-03-15 14:02:00,Sunday,14,214.8,72.7,none,navigation
2026-03-15 14:02:30,Sunday,14,229.9,72.7,low_battery,navigation
2026-03-15 14:03:00,Sunday,14,219.4,72.7,none,indoor_assist
2026-03-15 14:03:30,Sunday,14,187.0,72.7,none,navigation
2026-03-15 14:04:00,Sunday,14,186.0,72.6,none,navigation
2026-03-15 14:04:30,Sunday,14,230.7,72.6,none,navigation
2026-03-15 14:05:00,Sunday,14,173.5,72.6,none,standby
2026-03-15 14:05:30,Sunday,14,176.7,72.6,none,navigation
2026-03-15 14:06:00,Sunday,14,147.1,72.6,obstacle_medium,indoor_assist
2026-03-15 14:06:30,Sunday,14,192.5,72.5,obstacle_medium,navigation
2026-03-15 14:07:00,Sunday,14,191.1,72.5,none,navigation
2026-03-15 14:07:30,Sunday,14,153.8,72.5,none,navigation
2026-03-15 14:08:00,Sunday,14,211.7,72.5,none,standby
2026-03-15 14:08:30,Sunday,14,232.9,72.5,obstacle_near,navigation
2026-03-15 14:09:00,Sunday,14,192.3,72.4,obstacle_near,navigation
2026-03-15 14:09:30,Sunday,14,163.3,72.4,none,standby
2026-03-15 14:10:00,Sunday,14,179.1,72.4,none,standby
2026-03-15 14:10:30,Sunday,14,214.9,72.4,none,indoor_assist
2026-03-15 14:11:00,Sunday,14,224.4,72.4,obstacle_medium,navigation
2026-03-15 14:11:30,Sunday,14,231.2,72.3,obstacle_medium,indoor_assist
2026-03-15 14:12:00,Sunday,14,197.0,72.3,none,standby
2026-03-15 14:12:30,Sunday,14,238.1,72.3,none,navigation
2026-03-15 14:13:00,Sunday,14,228.0,72.3,obstacle_medium,indoor_assist
2026-03-15 14:13:30,Sunday,14,154.9,72.3,none,indoor_assist
2026-03-15 14:14:00,Sunday,14,199.6,72.2,none,standby
2026-03-15 14:14:30,Sunday,14,206.0,72.2,obstacle_medium,navigation
2026-03-15 14:15:00,Sunday,14,152.1,72.2,none,standby
2026-03-15 14:15:30,Sunday,14,195.6,72.2,obstacle_medium,navigation
2026-03-15 14:16:00,Sunday,14,157.0,72.2,none,navigation
2026-03-15 14:16:30,Sunday,14,205.6,72.1,none,navigation
2026-03-15 14:17:00,Sunday,14,204.7,72.1,none,navigation
2026-03-15 14:17:30,Sunday,14,231.2,72.1,none,navigation
2026-03-15 14:18:00,Sunday,14,186.4,72.1,low_battery,navigation
2026-03-15 14:18:30,Sunday,14,158.8,72.1,obstacle_near,standby
2026-03-15 14:19:00,Sunday,14,257.5,72.0,none,navigation
2026-03-15 14:19:30,Sunday,14,237.3,72.0,none,navigation
2026-03-15 14:20:00,Sunday,14,230.0,72.0,none,indoor_assist
2026-03-15 14:20:30,Sunday,14,223.6,72.0,obstacle_near,navigation
2026-03-15 14:21:00,Sunday,14,185.7,72.0,none,indoor_assist
2026-03-15 14:21:30,Sunday,14,220.2,71.9,none,navigation
2026-03-15 14:22:00,Sunday,14,192.3,71.9,obstacle_medium,standby
2026-03-15 14:22:30,Sunday,14,183.0,71.9,obstacle_medium,standby
2026-03-15 14:23:00,Sunday,14,136.1,71.9,none,navigation
2026-03-15 14:23:30,Sunday,14,211.9,71.9,none,indoor_assist
2026-03-15 14:24:00,Sunday,14,166.2,71.8,none,navigation
2026-03-15 14:24:30,Sunday,14,151.0,71.8,none,navigation
2026-03-15 14:25:00,Sunday,14,259.7,71.8,none,navigation
2026-03-15 14:25:30,Sunday,14,134.0,71.8,none,navigation
2026-03-15 14:26:00,Sunday,14,166.4,71.8,none,indoor_assist
2026-03-15 14:26:30,Sunday,14,230.2,71.7,none,navigation
2026-03-15 14:27:00,Sunday,14,194.0,71.7,obstacle_medium,indoor_assist
2026-03-15 14:27:30,Sunday,14,230.0,71.7,obstacle_medium,navigation
2026-03-15 14:28:00,Sunday,14,249.2,71.7,none,navigation
2026-03-15 14:28:30,Sunday,14,180.9,71.7,none,navigation
2026-03-15 14:29:00,Sunday,14,149.5,71.6,none,navigation
2026-03-15 14:29:30,Sunday,14,213.5,71.6,none,navigation
2026-03-15 14:30:00,Sunday,14,200.5,71.6,none,indoor_assist
2026-03-15 14:30:30,Sunday,14,150.7,71.6,none,indoor_assist
2026-03-15 14:31:00,Sunday,14,197.4,71.6,none,navigation
2026-03-15 14:31:30,Sunday,14,135.6,71.5,none,navigation
2026-03-15 14:32:00,Sunday,14,205.8,71.5,none,indoor_assist
2026-03-15 14:32:30,Sunday,14,145.8,71.5,obstacle_near,navigation
2026-03-15 14:33:00,Sunday,14,185.6,71.5,none,navigation
2026-03-15 14:33:30,Sunday,14,245.9,71.5,low_battery,indoor_assist
2026-03-15 14:34:00,Sunday,14,179.4,71.4,none,navigation
2026-03-15 14:34:30,Sunday,14,198.0,71.4,none,navigation
2026-03-15 14:35:00,Sunday,14,227.0,71.4,low_battery,navigation
2026-03-15 14:35:30,Sunday,14,207.9,71.4,none,indoor_assist
2026-03-15 14:36:00,Sunday,14,182.4,71.4,none,navigation
2026-03-15 14:36:30,Sunday,14,207.4,71.3,obstacle_medium,navigation
2026-03-15 14:37:00,Sunday,14,188.6,71.3,obstacle_medium,indoor_assist
2026-03-15 14:37:30,Sunday,14,192.6,71.3,obstacle_near,indoor_assist
2026-03-15 14:38:00,Sunday,14,168.0,71.3,obstacle_near,indoor_assist
2026-03-15 14:38:30,Sunday,14,233.2,71.3,none,navigation
2026-03-15 14:39:00,Sunday,14,162.0,71.2,none,navigation
2026-03-15 14:39:30,Sunday,14,197.2,71.2,obstacle_medium,navigation
2026-03-15 14:40:00,Sunday,14,202.6,71.2,none,indoor_assist
2026-03-15 14:40:30,Sunday,14,256.1,71.2,obstacle_medium,indoor_assist
2026-03-15 14:41:00,Sunday,14,155.7,71.2,none,indoor_assist
2026-03-15 14:41:30,Sunday,14,213.2,71.1,none,navigation
2026-03-15 14:42:00,Sunday,14,203.7,71.1,obstacle_medium,standby
2026-03-15 14:42:30,Sunday,14,137.7,71.1,low_battery,navigation
2026-03-15 14:43:00,Sunday,14,234.4,71.1,none,navigation
2026-03-15 14:43:30,Sunday,14,193.0,71.1,none,navigation
2026-03-15 14:44:00,Sunday,14,225.7,71.0,none,standby
2026-03-15 14:44:30,Sunday,14,150.5,71.0,none,indoor_assist
2026-03-15 14:45:00,Sunday,14,231.5,71.0,obstacle_medium,navigation
2026-03-15 14:45:30,Sunday,14,164.1,71.0,none,navigation
2026-03-15 14:46:00,Sunday,14,222.7,71.0,none,navigation
2026-03-15 14:46:30,Sunday,14,195.9,70.9,none,navigation
2026-03-15 14:47:00,Sunday,14,210.3,70.9,none,navigation
2026-03-15 14:47:30,Sunday,14,220.1,70.9,none,standby
2026-03-15 14:48:00,Sunday,14,163.6,70.9,none,navigation
2026-03-15 14:48:30,Sunday,14,119.7,70.9,none,navigation
2026-03-15 14:49:00,Sunday,14,162.9,70.8,none,navigation
2026-03-15 14:49:30,Sunday,14,200.2,70.8,obstacle_medium,indoor_assist
2026-03-15 14:50:00,Sunday,14,213.7,70.8,none,navigation
2026-03-15 14:50:30,Sunday,14,229.6,70.8,none,indoor_assist
2026-03-15 14:51:00,Sunday,14,170.6,70.8,none,navigation
2026-03-15 14:51:30,Sunday,14,172.8,70.7,none,navigation
2026-03-15 14:52:00,Sunday,14,188.9,70.7,none,navigation
2026-03-15 14:52:30,Sunday,14,220.4,70.7,obstacle_near,navigation
2026-03-15 14:53:00,Sunday,14,230.8,70.7,none,indoor_assist
2026-03-15 14:53:30,Sunday,14,227.3,70.7,none,indoor_assist
2026-03-15 14:54:00,Sunday,14,222.4,70.6,none,indoor_assist
2026-03-15 14:54:30,Sunday,14,294.5,70.6,none,navigation
2026-03-15 14:55:00,Sunday,14,190.9,70.6,none,standby
2026-03-15 14:55:30,Sunday,14,174.6,70.6,none,navigation
2026-03-15 14:56:00,Sunday,14,228.7,70.6,obstacle_near,navigation
2026-03-15 14:56:30,Sunday,14,178.0,70.5,low_battery,standby
2026-03-15 14:57:00,Sunday,14,194.3,70.5,none,navigation
2026-03-15 14:57:30,Sunday,14,224.4,70.5,none,navigation
2026-03-15 14:58:00,Sunday,14,246.0,70.5,none,navigation
2026-03-15 14:58:30,Sunday,14,242.6,70.5,none,navigation
2026-03-15 14:59:00,Sunday,14,245.6,70.4,none,navigation
2026-03-15 14:59:30,Sunday,14,250.0,70.4,none,navigation
2026-03-15 15:00:00,Sunday,15,185.1,70.4,low_battery,navigation
2026-03-15 15:00:30,Sunday,15,177.4,70.4,none,navigation
2026-03-15 15:01:00,Sunday,15,188.5,70.4,obstacle_medium,indoor_assist
2026-03-15 15:01:30,Sunday,15,211.0,70.3,low_battery,navigation
2026-03-15 15:02:00,Sunday,15,207.4,70.3,none,indoor_assist
2026-03-15 15:02:30,Sunday,15,231.4,70.3,none,indoor_assist
2026-03-15 15:03:00,Sunday,15,209.4,70.3,none,indoor_assist
2026-03-15 15:03:30,Sunday,15,193.9,70.3,low_battery,navigation
2026-03-15 15:04:00,Sunday,15,222.0,70.2,none,indoor_assist
2026-03-15 15:04:30,Sunday,15,177.8,70.2,obstacle_medium,indoor_assist
2026-03-15 15:05:00,Sunday,15,211.6,70.2,none,indoor_assist
2026-03-15 15:05:30,Sunday,15,245.0,70.2,none,navigation
2026-03-15 15:06:00,Sunday,15,200.5,70.2,none,navigation
2026-03-15 15:06:30,Sunday,15,190.7,70.1,none,navigation
2026-03-15 15:07:00,Sunday,15,174.3,70.1,none,navigation
2026-03-15 15:07:30,Sunday,15,175.0,70.1,none,navigation
2026-03-15 15:08:00,Sunday,15,206.1,70.1,none,navigation
2026-03-15 15:08:30,Sunday,15,189.4,70.1,none,indoor_assist
2026-03-15 15:09:00,Sunday,15,207.4,70.0,none,standby
2026-03-15 15:09:30,Sunday,15,214.7,70.0,none,indoor_assist
2026-03-15 15:10:00,Sunday,15,192.0,70.0,none,indoor_assist
2026-03-15 15:10:30,Sunday,15,203.6,70.0,none,navigation
2026-03-15 15:11:00,Sunday,15,236.2,70.0,none,navigation
2026-03-15 15:11:30,Sunday,15,180.8,69.9,none,navigation
2026-03-15 15:12:00,Sunday,15,187.0,69.9,low_battery,standby
2026-03-15 15:12:30,Sunday,15,165.4,69.9,none,navigation
2026-03-15 15:13:00,Sunday,15,218.6,69.9,none,indoor_assist
2026-03-15 15:13:30,Sunday,15,210.1,69.9,none,standby
2026-03-15 15:14:00,Sunday,15,148.4,69.8,none,navigation
2026-03-15 15:14:30,Sunday,15,213.1,69.8,none,standby
2026-03-15 15:15:00,Sunday,15,208.3,69.8,none,navigation
2026-03-15 15:15:30,Sunday,15,230.8,69.8,low_battery,indoor_assist
2026-03-15 15:16:00,Sunday,15,245.1,69.8,none,navigation
2026-03-15 15:16:30,Sunday,15,178.6,69.7,none,indoor_assist
2026-03-15 15:17:00,Sunday,15,203.3,69.7,obstacle_medium,navigation
2026-03-15 15:17:30,Sunday,15,181.0,69.7,none,navigation
2026-03-15 15:18:00,Sunday,15,200.1,69.7,none,navigation
2026-03-15 15:18:30,Sunday,15,203.4,69.7,none,indoor_assist
2026-03-15 15:19:00,Sunday,15,188.7,69.6,none,navigation
2026-03-15 15:19:30,Sunday,15,204.7,69.6,none,navigation
2026-03-15 15:20:00,Sunday,15,207.5,69.6,none,standby
2026-03-15 15:20:30,Sunday,15,242.1,69.6,none,standby
2026-03-15 15:21:00,Sunday,15,190.3,69.6,none,navigation
2026-03-15 15:21:30,Sunday,15,167.1,69.5,obstacle_medium,indoor_assist
2026-03-15 15:22:00,Sunday,15,237.0,69.5,none,indoor_assist
2026-03-15 15:22:30,Sunday,15,154.6,69.5,none,navigation
2026-03-15 15:23:00,Sunday,15,186.7,69.5,none,indoor_assist
2026-03-15 15:23:30,Sunday,15,223.9,69.5,obstacle_medium,standby
2026-03-15 15:24:00,Sunday,15,203.4,69.4,none,indoor_assist
2026-03-15 15:24:30,Sunday,15,179.1,69.4,obstacle_medium,navigation
2026-03-15 15:25:00,Sunday,15,229.1,69.4,none,navigation
2026-03-15 15:25:30,Sunday,15,185.1,69.4,obstacle_medium,navigation
2026-03-15 15:26:00,Sunday,15,206.7,69.4,none,navigation
2026-03-15 15:26:30,Sunday,15,120.5,69.3,none,indoor_assist
2026-03-15 15:27:00,Sunday,15,193.1,69.3,obstacle_medium,indoor_assist
2026-03-15 15:27:30,Sunday,15,153.9,69.3,none,standby
2026-03-15 15:28:00,Sunday,15,191.9,69.3,obstacle_medium,navigation
2026-03-15 15:28:30,Sunday,15,202.2,69.3,none,indoor_assist
2026-03-15 15:29:00,Sunday,15,227.2,69.2,none,indoor_assist
2026-03-15 15:29:30,Sunday,15,192.0,69.2,none,navigation
2026-03-15 15:30:00,Sunday,15,186.6,69.2,none,indoor_assist
2026-03-15 15:30:30,Sunday,15,182.7,69.2,none,navigation
2026-03-15 15:31:00,Sunday,15,277.2,69.2,low_battery,indoor_assist
2026-03-15 15:31:30,Sunday,15,204.9,69.1,none,indoor_assist
2026-03-15 15:32:00,Sunday,15,154.9,69.1,obstacle_medium,indoor_assist
2026-03-15 15:32:30,Sunday,15,220.8,69.1,none,navigation
2026-03-15 15:33:00,Sunday,15,191.0,69.1,none,navigation
2026-03-15 15:33:30,Sunday,15,177.2,69.1,none,indoor_assist
2026-03-15 15:34:00,Sunday,15,243.3,69.0,none,navigation
2026-03-15 15:34:30,Sunday,15,208.0,69.0,none,navigation
2026-03-15 15:35:00,Sunday,15,177.9,69.0,none,navigation
2026-03-15 15:35:30,Sunday,15,253.1,69.0,obstacle_medium,navigation
2026-03-15 15:36:00,Sunday,15,193.4,69.0,none,navigation
2026-03-15 15:36:30,Sunday,15,200.5,68.9,obstacle_near,navigation
2026-03-15 15:37:00,Sunday,15,195.8,68.9,none,indoor_assist
2026-03-15 15:37:30,Sunday,15,179.0,68.9,obstacle_near,navigation
2026-03-15 15:38:00,Sunday,15,193.6,68.9,obstacle_medium,indoor_assist
2026-03-15 15:38:30,Sunday,15,165.0,68.9,obstacle_medium,navigation
2026-03-15 15:39:00,Sunday,15,176.6,68.8,obstacle_near,standby
2026-03-15 15:39:30,Sunday,15,229.8,68.8,none,standby
2026-03-15 15:40:00,Sunday,15,243.6,68.8,none,navigation
2026-03-15 15:40:30,Sunday,15,210.7,68.8,obstacle_medium,navigation
2026-03-15 15:41:00,Sunday,15,210.4,68.8,none,navigation
2026-03-15 15:41:30,Sunday,15,183.0,68.7,none,navigation
2026-03-15 15:42:00,Sunday,15,225.9,68.7,obstacle_near,navigation
2026-03-15 15:42:30,Sunday,15,244.2,68.7,none,indoor_assist
2026-03-15 15:43:00,Sunday,15,184.6,68.7,none,indoor_assist
2026-03-15 15:43:30,Sunday,15,175.7,68.7,none,navigation
2026-03-15 15:44:00,Sunday,15,161.1,68.6,none,navigation
2026-03-15 15:44:30,Sunday,15,201.3,68.6,none,standby
2026-03-15 15:45:00,Sunday,15,180.5,68.6,none,navigation
2026-03-15 15:45:30,Sunday,15,238.8,68.6,none,indoor_assist
2026-03-15 15:46:00,Sunday,15,176.2,68.6,none,standby
2026-03-15 15:46:30,Sunday,15,208.9,68.5,none,standby
2026-03-15 15:47:00,Sunday,15,160.9,68.5,none,indoor_assist
2026-03-15 15:47:30,Sunday,15,184.8,68.5,obstacle_medium,standby
2026-03-15 15:48:00,Sunday,15,213.3,68.5,none,standby
2026-03-15 15:48:30,Sunday,15,189.9,68.5,none,indoor_assist
2026-03-15 15:49:00,Sunday,15,178.4,68.4,none,navigation
2026-03-15 15:49:30,Sunday,15,172.0,68.4,none,navigation
2026-03-15 15:50:00,Sunday,15,238.6,68.4,obstacle_medium,navigation
2026-03-15 15:50:30,Sunday,15,217.3,68.4,none,navigation
2026-03-15 15:51:00,Sunday,15,193.5,68.4,obstacle_near,navigation
2026-03-15 15:51:30,Sunday,15,174.5,68.3,none,indoor_assist
2026-03-15 15:52:00,Sunday,15,170.8,68.3,none,navigation
2026-03-15 15:52:30,Sunday,15,204.9,68.3,obstacle_medium,indoor_assist
2026-03-15 15:53:00,Sunday,15,202.6,68.3,none,navigation
2026-03-15 15:53:30,Sunday,15,183.6,68.3,none,indoor_assist
2026-03-15 15:54:00,Sunday,15,202.4,68.2,obstacle_medium,navigation
2026-03-15 15:54:30,Sunday,15,248.0,68.2,none,standby
2026-03-15 15:55:00,Sunday,15,189.1,68.2,obstacle_medium,navigation
2026-03-15 15:55:30,Sunday,15,247.8,68.2,none,navigation
2026-03-15 15:56:00,Sunday,15,167.0,68.2,obstacle_near,navigation
2026-03-15 15:56:30,Sunday,15,158.1,68.1,obstacle_medium,indoor_assist
2026-03-15 15:57:00,Sunday,15,228.5,68.1,none,indoor_assist
2026-03-15 15:57:30,Sunday,15,142.1,68.1,obstacle_medium,navigation
2026-03-15 15:58:00,Sunday,15,184.1,68.1,none,navigation
2026-03-15 15:58:30,Sunday,15,235.5,68.1,none,indoor_assist
2026-03-15 15:59:00,Sunday,15,199.7,68.0,none,navigation
2026-03-15 15:59:30,Sunday,15,216.2,68.0,obstacle_medium,navigation
2026-03-15 16:00:00,Sunday,16,158.1,68.0,none,standby
2026-03-15 16:00:30,Sunday,16,122.0,68.0,none,navigation
2026-03-15 16:01:00,Sunday,16,95.0,68.0,none,navigation
2026-03-15 16:01:30,Sunday,16,192.9,67.9,none,navigation
2026-03-15 16:02:00,Sunday,16,138.9,67.9,none,indoor_assist
2026-03-15 16:02:30,Sunday,16,128.7,67.9,none,standby
2026-03-15 16:03:00,Sunday,16,92.1,67.9,obstacle_medium,navigation
2026-03-15 16:03:30,Sunday,16,133.7,67.9,none,navigation
2026-03-15 16:04:00,Sunday,16,125.1,67.8,obstacle_medium,navigation
2026-03-15 16:04:30,Sunday,16,124.6,67.8,none,navigation
2026-03-15 16:05:00,Sunday,16,138.5,67.8,obstacle_medium,indoor_assist
2026-03-15 16:05:30,Sunday,16,130.7,67.8,none,navigation
2026-03-15 16:06:00,Sunday,16,65.7,67.8,obstacle_medium,indoor_assist
2026-03-15 16:06:30,Sunday,16,70.3,67.7,obstacle_medium,navigation
2026-03-15 16:07:00,Sunday,16,97.5,67.7,none,navigation
2026-03-15 16:07:30,Sunday,16,141.2,67.7,obstacle_medium,indoor_assist
2026-03-15 16:08:00,Sunday,16,92.9,67.7,obstacle_near,navigation
2026-03-15 16:08:30,Sunday,16,65.9,67.7,obstacle_medium,navigation
2026-03-15 16:09:00,Sunday,16,89.9,67.6,none,navigation
2026-03-15 16:09:30,Sunday,16,144.1,67.6,none,navigation
2026-03-15 16:10:00,Sunday,16,124.0,67.6,none,navigation
2026-03-15 16:10:30,Sunday,16,58.2,67.6,obstacle_medium,standby
2026-03-15 16:11:00,Sunday,16,108.9,67.6,obstacle_near,navigation
2026-03-15 16:11:30,Sunday,16,75.1,67.5,obstacle_medium,indoor_assist
2026-03-15 16:12:00,Sunday,16,96.5,67.5,obstacle_medium,navigation
2026-03-15 16:12:30,Sunday,16,59.8,67.5,obstacle_medium,indoor_assist
2026-03-15 16:13:00,Sunday,16,113.3,67.5,none,navigation
2026-03-15 16:13:30,Sunday,16,145.5,67.5,none,indoor_assist
2026-03-15 16:14:00,Sunday,16,182.0,67.4,fall_detected,standby
2026-03-15 16:14:30,Sunday,16,129.0,67.4,low_battery,navigation
2026-03-15 16:15:00,Sunday,16,154.4,67.4,low_battery,indoor_assist
2026-03-15 16:15:30,Sunday,16,126.1,67.4,none,navigation
2026-03-15 16:16:00,Sunday,16,136.2,67.4,none,indoor_assist
2026-03-15 16:16:30,Sunday,16,88.9,67.3,none,standby
2026-03-15 16:17:00,Sunday,16,99.2,67.3,none,indoor_assist
2026-03-15 16:17:30,Sunday,16,125.4,67.3,obstacle_medium,navigation
2026-03-15 16:18:00,Sunday,16,142.6,67.3,none,indoor_assist
2026-03-15 16:18:30,Sunday,16,82.0,67.3,obstacle_near,indoor_assist
2026-03-15 16:19:00,Sunday,16,149.8,67.2,none,navigation
2026-03-15 16:19:30,Sunday,16,80.4,67.2,none,indoor_assist
2026-03-15 16:20:00,Sunday,16,199.0,67.2,none,indoor_assist
2026-03-15 16:20:30,Sunday,16,108.3,67.2,none,navigation
2026-03-15 16:21:00,Sunday,16,121.4,67.2,none,navigation
2026-03-15 16:21:30,Sunday,16,109.5,67.1,obstacle_near,indoor_assist
2026-03-15 16:22:00,Sunday,16,107.2,67.1,none,standby
2026-03-15 16:22:30,Sunday,16,185.2,67.1,none,indoor_assist
2026-03-15 16:23:00,Sunday,16,130.5,67.1,none,navigation
2026-03-15 16:23:30,Sunday,16,107.5,67.1,none,navigation
2026-03-15 16:24:00,Sunday,16,155.3,67.0,none,navigation
2026-03-15 16:24:30,Sunday,16,148.5,67.0,obstacle_near,navigation
2026-03-15 16:25:00,Sunday,16,140.5,67.0,obstacle_near,navigation
2026-03-15 16:25:30,Sunday,16,107.5,67.0,fall_detected,navigation
2026-03-15 16:26:00,Sunday,16,121.6,67.0,none,navigation
2026-03-15 16:26:30,Sunday,16,127.3,66.9,none,navigation
2026-03-15 16:27:00,Sunday,16,109.8,66.9,none,indoor_assist
2026-03-15 16:27:30,Sunday,16,165.2,66.9,none,indoor_assist
2026-03-15 16:28:00,Sunday,16,121.1,66.9,none,indoor_assist
2026-03-15 16:28:30,Sunday,16,147.1,66.9,none,navigation
2026-03-15 16:29:00,Sunday,16,135.8,66.8,none,indoor_assist
2026-03-15 16:29:30,Sunday,16,98.6,66.8,none,indoor_assist
2026-03-15 16:30:00,Sunday,16,107.4,66.8,none,standby
2026-03-15 16:30:30,Sunday,16,140.5,66.8,obstacle_medium,indoor_assist
2026-03-15 16:31:00,Sunday,16,178.8,66.8,none,standby
2026-03-15 16:31:30,Sunday,16,73.9,66.7,obstacle_medium,indoor_assist
2026-03-15 16:32:00,Sunday,16,145.4,66.7,none,indoor_assist
2026-03-15 16:32:30,Sunday,16,163.1,66.7,none,indoor_assist
2026-03-15 16:33:00,Sunday,16,89.9,66.7,none,indoor_assist
2026-03-15 16:33:30,Sunday,16,122.1,66.7,obstacle_medium,navigation
2026-03-15 16:34:00,Sunday,16,143.0,66.6,fall_detected,navigation
2026-03-15 16:34:30,Sunday,16,122.5,66.6,none,navigation
2026-03-15 16:35:00,Sunday,16,72.7,66.6,obstacle_medium,indoor_assist
2026-03-15 16:35:30,Sunday,16,145.6,66.6,none,navigation
2026-03-15 16:36:00,Sunday,16,92.7,66.6,obstacle_medium,navigation
2026-03-15 16:36:30,Sunday,16,141.7,66.5,obstacle_medium,navigation
2026-03-15 16:37:00,Sunday,16,109.7,66.5,none,navigation
2026-03-15 16:37:30,Sunday,16,135.1,66.5,obstacle_medium,navigation
2026-03-15 16:38:00,Sunday,16,108.5,66.5,obstacle_medium,indoor_assist
2026-03-15 16:38:30,Sunday,16,154.1,66.5,low_battery,navigation
2026-03-15 16:39:00,Sunday,16,85.1,66.4,none,indoor_assist
2026-03-15 16:39:30,Sunday,16,134.0,66.4,none,standby
2026-03-15 16:40:00,Sunday,16,153.5,66.4,obstacle_medium,navigation
2026-03-15 16:40:30,Sunday,16,136.5,66.4,none,standby
2026-03-15 16:41:00,Sunday,16,128.6,66.4,none,navigation
2026-03-15 16:41:30,Sunday,16,111.7,66.3,none,navigation
2026-03-15 16:42:00,Sunday,16,106.4,66.3,none,navigation
2026-03-15 16:42:30,Sunday,16,143.7,66.3,none,navigation
2026-03-15 16:43:00,Sunday,16,118.1,66.3,fall_detected,indoor_assist
2026-03-15 16:43:30,Sunday,16,84.7,66.3,low_battery,indoor_assist
2026-03-15 16:44:00,Sunday,16,130.5,66.2,fall_detected,navigation
2026-03-15 16:44:30,Sunday,16,63.0,66.2,obstacle_medium,indoor_assist
2026-03-15 16:45:00,Sunday,16,139.6,66.2,none,indoor_assist
2026-03-15 16:45:30,Sunday,16,178.2,66.2,none,standby
2026-03-15 16:46:00,Sunday,16,136.1,66.2,none,navigation
2026-03-15 16:46:30,Sunday,16,97.1,66.1,obstacle_near,standby
2026-03-15 16:47:00,Sunday,16,127.9,66.1,none,indoor_assist
2026-03-15 16:47:30,Sunday,16,109.4,66.1,obstacle_medium,navigation
2026-03-15 16:48:00,Sunday,16,132.5,66.1,none,indoor_assist
2026-03-15 16:48:30,Sunday,16,137.1,66.1,none,navigation
2026-03-15 16:49:00,Sunday,16,129.6,66.0,none,standby
2026-03-15 16:49:30,Sunday,16,129.7,66.0,none,standby
2026-03-15 16:50:00,Sunday,16,134.1,66.0,fall_detected,navigation
2026-03-15 16:50:30,Sunday,16,171.8,66.0,none,navigation
2026-03-15 16:51:00,Sunday,16,70.0,66.0,obstacle_medium,navigation
2026-03-15 16:51:30,Sunday,16,92.1,65.9,none,navigation
2026-03-15 16:52:00,Sunday,16,166.8,65.9,none,navigation
2026-03-15 16:52:30,Sunday,16,128.7,65.9,none,navigation
2026-03-15 16:53:00,Sunday,16,109.0,65.9,none,indoor_assist
2026-03-15 16:53:30,Sunday,16,116.9,65.9,low_battery,standby
2026-03-15 16:54:00,Sunday,16,120.9,65.8,low_battery,indoor_assist
2026-03-15 16:54:30,Sunday,16,114.1,65.8,low_battery,navigation
2026-03-15 16:55:00,Sunday,16,172.9,65.8,none,navigation
2026-03-15 16:55:30,Sunday,16,64.8,65.8,obstacle_medium,navigation
2026-03-15 16:56:00,Sunday,16,81.1,65.8,none,indoor_assist
2026-03-15 16:56:30,Sunday,16,123.2,65.7,none,navigation
2026-03-15 16:57:00,Sunday,16,135.1,65.7,none,navigation
2026-03-15 16:57:30,Sunday,16,82.7,65.7,none,navigation
2026-03-15 16:58:00,Sunday,16,112.2,65.7,obstacle_medium,indoor_assist
2026-03-15 16:58:30,Sunday,16,134.4,65.7,none,indoor_assist
2026-03-15 16:59:00,Sunday,16,111.0,65.6,none,navigation
2026-03-15 16:59:30,Sunday,16,93.4,65.6,obstacle_medium,navigation
2026-03-15 17:00:00,Sunday,17,151.0,65.6,none,standby
2026-03-15 17:00:30,Sunday,17,122.3,65.6,none,indoor_assist
2026-03-15 17:01:00,Sunday,17,206.1,65.6,obstacle_medium,navigation
2026-03-15 17:01:30,Sunday,17,158.4,65.5,none,indoor_assist
2026-03-15 17:02:00,Sunday,17,111.4,65.5,obstacle_medium,navigation
2026-03-15 17:02:30,Sunday,17,95.1,65.5,obstacle_medium,navigation
2026-03-15 17:03:00,Sunday,17,125.0,65.5,obstacle_medium,navigation
2026-03-15 17:03:30,Sunday,17,141.0,65.5,none,indoor_assist
2026-03-15 17:04:00,Sunday,17,111.0,65.4,none,navigation
2026-03-15 17:04:30,Sunday,17,75.2,65.4,obstacle_medium,navigation
2026-03-15 17:05:00,Sunday,17,52.0,65.4,obstacle_medium,indoor_assist
2026-03-15 17:05:30,Sunday,17,94.9,65.4,low_battery,indoor_assist
2026-03-15 17:06:00,Sunday,17,49.9,65.4,obstacle_medium,navigation
2026-03-15 17:06:30,Sunday,17,143.5,65.3,none,standby
2026-03-15 17:07:00,Sunday,17,132.5,65.3,none,navigation
2026-03-15 17:07:30,Sunday,17,50.0,65.3,obstacle_medium,standby
2026-03-15 17:08:00,Sunday,17,141.6,65.3,none,standby
2026-03-15 17:08:30,Sunday,17,161.6,65.3,fall_detected,indoor_assist
2026-03-15 17:09:00,Sunday,17,127.9,65.2,none,standby
2026-03-15 17:09:30,Sunday,17,67.8,65.2,obstacle_medium,navigation
2026-03-15 17:10:00,Sunday,17,138.1,65.2,none,navigation
2026-03-15 17:10:30,Sunday,17,152.4,65.2,none,navigation
2026-03-15 17:11:00,Sunday,17,135.5,65.2,obstacle_medium,standby
2026-03-15 17:11:30,Sunday,17,119.4,65.1,none,navigation
2026-03-15 17:12:00,Sunday,17,115.0,65.1,none,navigation
2026-03-15 17:12:30,Sunday,17,152.7,65.1,obstacle_medium,indoor_assist
2026-03-15 17:13:00,Sunday,17,153.2,65.1,none,indoor_assist
2026-03-15 17:13:30,Sunday,17,155.3,65.1,none,standby
2026-03-15 17:14:00,Sunday,17,163.6,65.0,none,indoor_assist
2026-03-15 17:14:30,Sunday,17,108.8,65.0,obstacle_near,indoor_assist
2026-03-15 17:15:00,Sunday,17,168.4,65.0,obstacle_medium,standby
2026-03-15 17:15:30,Sunday,17,120.6,65.0,obstacle_medium,navigation
2026-03-15 17:16:00,Sunday,17,101.3,65.0,none,navigation
2026-03-15 17:16:30,Sunday,17,133.4,64.9,obstacle_medium,indoor_assist
2026-03-15 17:17:00,Sunday,17,109.4,64.9,none,navigation
2026-03-15 17:17:30,Sunday,17,119.7,64.9,none,indoor_assist
2026-03-15 17:18:00,Sunday,17,98.5,64.9,obstacle_medium,indoor_assist
2026-03-15 17:18:30,Sunday,17,183.6,64.9,none,indoor_assist
2026-03-15 17:19:00,Sunday,17,78.3,64.8,obstacle_medium,indoor_assist
2026-03-15 17:19:30,Sunday,17,107.4,64.8,fall_detected,standby
2026-03-15 17:20:00,Sunday,17,81.2,64.8,none,indoor_assist
2026-03-15 17:20:30,Sunday,17,50.4,64.8,obstacle_medium,navigation
2026-03-15 17:21:00,Sunday,17,156.1,64.8,none,indoor_assist
2026-03-15 17:21:30,Sunday,17,133.4,64.7,none,navigation
2026-03-15 17:22:00,Sunday,17,135.9,64.7,none,indoor_assist
2026-03-15 17:22:30,Sunday,17,112.7,64.7,none,navigation
2026-03-15 17:23:00,Sunday,17,169.4,64.7,none,indoor_assist
2026-03-15 17:23:30,Sunday,17,110.2,64.7,none,indoor_assist
2026-03-15 17:24:00,Sunday,17,104.4,64.6,obstacle_near,indoor_assist
2026-03-15 17:24:30,Sunday,17,93.3,64.6,none,indoor_assist
2026-03-15 17:25:00,Sunday,17,147.3,64.6,none,indoor_assist
2026-03-15 17:25:30,Sunday,17,210.1,64.6,none,navigation
2026-03-15 17:26:00,Sunday,17,102.2,64.6,none,navigation
2026-03-15 17:26:30,Sunday,17,167.3,64.5,obstacle_medium,indoor_assist
2026-03-15 17:27:00,Sunday,17,129.3,64.5,none,navigation
2026-03-15 17:27:30,Sunday,17,102.9,64.5,none,indoor_assist
2026-03-15 17:28:00,Sunday,17,123.4,64.5,obstacle_near,navigation
2026-03-15 17:28:30,Sunday,17,114.8,64.5,none,navigation
2026-03-15 17:29:00,Sunday,17,86.1,64.4,none,indoor_assist
2026-03-15 17:29:30,Sunday,17,83.2,64.4,none,indoor_assist
2026-03-15 17:30:00,Sunday,17,139.9,64.4,obstacle_near,indoor_assist
2026-03-15 17:30:30,Sunday,17,112.0,64.4,none,indoor_assist
2026-03-15 17:31:00,Sunday,17,63.2,64.4,obstacle_medium,navigation
2026-03-15 17:31:30,Sunday,17,93.0,64.3,low_battery,navigation
2026-03-15 17:32:00,Sunday,17,109.2,64.3,none,indoor_assist
2026-03-15 17:32:30,Sunday,17,89.8,64.3,none,standby
2026-03-15 17:33:00,Sunday,17,133.8,64.3,obstacle_near,navigation
2026-03-15 17:33:30,Sunday,17,147.5,64.3,low_battery,standby
2026-03-15 17:34:00,Sunday,17,131.4,64.2,none,navigation
2026-03-15 17:34:30,Sunday,17,92.2,64.2,none,indoor_assist
2026-03-15 17:35:00,Sunday,17,154.2,64.2,obstacle_medium,navigation
2026-03-15 17:35:30,Sunday,17,141.7,64.2,none,navigation
2026-03-15 17:36:00,Sunday,17,92.5,64.2,none,indoor_assist
2026-03-15 17:36:30,Sunday,17,124.1,64.1,obstacle_medium,navigation
2026-03-15 17:37:00,Sunday,17,131.5,64.1,obstacle_medium,standby
2026-03-15 17:37:30,Sunday,17,132.6,64.1,none,standby
2026-03-15 17:38:00,Sunday,17,123.2,64.1,none,navigation
2026-03-15 17:38:30,Sunday,17,140.7,64.1,none,navigation
2026-03-15 17:39:00,Sunday,17,152.3,64.0,none,navigation
2026-03-15 17:39:30,Sunday,17,180.4,64.0,obstacle_near,standby
2026-03-15 17:40:00,Sunday,17,126.3,64.0,none,indoor_assist
2026-03-15 17:40:30,Sunday,17,10.0,64.0,obstacle_near,indoor_assist
2026-03-15 17:41:00,Sunday,17,117.6,64.0,obstacle_medium,indoor_assist
2026-03-15 17:41:30,Sunday,17,98.6,63.9,obstacle_medium,navigation
2026-03-15 17:42:00,Sunday,17,71.6,63.9,obstacle_medium,navigation
2026-03-15 17:42:30,Sunday,17,130.8,63.9,none,navigation
2026-03-15 17:43:00,Sunday,17,122.5,63.9,none,navigation
2026-03-15 17:43:30,Sunday,17,80.8,63.9,none,indoor_assist
2026-03-15 17:44:00,Sunday,17,142.1,63.8,none,navigation
2026-03-15 17:44:30,Sunday,17,99.2,63.8,none,navigation
2026-03-15 17:45:00,Sunday,17,98.3,63.8,none,navigation
2026-03-15 17:45:30,Sunday,17,121.0,63.8,none,navigation
2026-03-15 17:46:00,Sunday,17,78.1,63.8,obstacle_medium,navigation
2026-03-15 17:46:30,Sunday,17,150.3,63.7,obstacle_medium,indoor_assist
2026-03-15 17:47:00,Sunday,17,132.9,63.7,none,navigation
2026-03-15 17:47:30,Sunday,17,103.3,63.7,none,navigation
2026-03-15 17:48:00,Sunday,17,173.3,63.7,none,indoor_assist
2026-03-15 17:48:30,Sunday,17,132.0,63.7,none,indoor_assist
2026-03-15 17:49:00,Sunday,17,155.5,63.6,none,navigation
2026-03-15 17:49:30,Sunday,17,132.3,63.6,obstacle_medium,standby
2026-03-15 17:50:00,Sunday,17,168.3,63.6,obstacle_near,navigation
2026-03-15 17:50:30,Sunday,17,130.5,63.6,fall_detected,indoor_assist
2026-03-15 17:51:00,Sunday,17,102.6,63.6,none,indoor_assist
2026-03-15 17:51:30,Sunday,17,81.3,63.5,obstacle_medium,navigation
2026-03-15 17:52:00,Sunday,17,78.9,63.5,obstacle_medium,navigation
2026-03-15 17:52:30,Sunday,17,150.4,63.5,none,indoor_assist
2026-03-15 17:53:00,Sunday,17,141.0,63.5,obstacle_medium,navigation
2026-03-15 17:53:30,Sunday,17,108.8,63.5,none,indoor_assist
2026-03-15 17:54:00,Sunday,17,84.8,63.4,none,navigation
2026-03-15 17:54:30,Sunday,17,84.2,63.4,none,indoor_assist
2026-03-15 17:55:00,Sunday,17,115.9,63.4,none,indoor_assist
2026-03-15 17:55:30,Sunday,17,123.6,63.4,low_battery,indoor_assist
2026-03-15 17:56:00,Sunday,17,104.2,63.4,none,navigation
2026-03-15 17:56:30,Sunday,17,140.0,63.3,none,indoor_assist
2026-03-15 17:57:00,Sunday,17,99.4,63.3,none,navigation
2026-03-15 17:57:30,Sunday,17,114.8,63.3,low_battery,navigation
2026-03-15 17:58:00,Sunday,17,110.3,63.3,none,indoor_assist
2026-03-15 17:58:30,Sunday,17,78.9,63.3,obstacle_medium,indoor_assist
2026-03-15 17:59:00,Sunday,17,91.8,63.2,obstacle_medium,indoor_assist
2026-03-15 17:59:30,Sunday,17,116.0,63.2,obstacle_medium,standby
2026-03-15 18:00:00,Sunday,18,132.3,63.2,obstacle_near,indoor_assist
2026-03-15 18:00:30,Sunday,18,172.6,63.2,none,indoor_assist
2026-03-15 18:01:00,Sunday,18,158.6,63.2,none,navigation
2026-03-15 18:01:30,Sunday,18,96.7,63.1,obstacle_medium,indoor_assist
2026-03-15 18:02:00,Sunday,18,137.8,63.1,none,navigation
2026-03-15 18:02:30,Sunday,18,122.6,63.1,none,indoor_assist
2026-03-15 18:03:00,Sunday,18,172.3,63.1,none,indoor_assist
2026-03-15 18:03:30,Sunday,18,108.0,63.1,none,navigation
2026-03-15 18:04:00,Sunday,18,152.0,63.0,none,indoor_assist
2026-03-15 18:04:30,Sunday,18,122.4,63.0,none,indoor_assist
2026-03-15 18:05:00,Sunday,18,123.3,63.0,none,standby
2026-03-15 18:05:30,Sunday,18,89.7,63.0,none,navigation
2026-03-15 18:06:00,Sunday,18,158.8,63.0,none,indoor_assist
2026-03-15 18:06:30,Sunday,18,79.1,62.9,obstacle_medium,indoor_assist
2026-03-15 18:07:00,Sunday,18,93.9,62.9,none,navigation
2026-03-15 18:07:30,Sunday,18,152.2,62.9,none,navigation
2026-03-15 18:08:00,Sunday,18,140.4,62.9,obstacle_medium,navigation
2026-03-15 18:08:30,Sunday,18,146.9,62.9,none,indoor_assist
2026-03-15 18:09:00,Sunday,18,122.3,62.8,low_battery,indoor_assist
2026-03-15 18:09:30,Sunday,18,165.0,62.8,none,navigation
2026-03-15 18:10:00,Sunday,18,87.0,62.8,none,navigation
2026-03-15 18:10:30,Sunday,18,94.9,62.8,obstacle_medium,indoor_assist
2026-03-15 18:11:00,Sunday,18,98.8,62.8,none,navigation
2026-03-15 18:11:30,Sunday,18,164.8,62.7,none,navigation
2026-03-15 18:12:00,Sunday,18,129.3,62.7,none,navigation
2026-03-15 18:12:30,Sunday,18,124.7,62.7,obstacle_medium,standby
2026-03-15 18:13:00,Sunday,18,136.8,62.7,none,navigation
2026-03-15 18:13:30,Sunday,18,121.7,62.7,obstacle_medium,indoor_assist
2026-03-15 18:14:00,Sunday,18,128.8,62.6,obstacle_medium,indoor_assist
2026-03-15 18:14:30,Sunday,18,168.7,62.6,none,navigation
2026-03-15 18:15:00,Sunday,18,109.4,62.6,obstacle_medium,indoor_assist
2026-03-15 18:15:30,Sunday,18,64.8,62.6,obstacle_medium,indoor_assist
2026-03-15 18:16:00,Sunday,18,117.7,62.6,none,navigation
2026-03-15 18:16:30,Sunday,18,140.7,62.5,none,indoor_assist
2026-03-15 18:17:00,Sunday,18,113.2,62.5,obstacle_near,indoor_assist
2026-03-15 18:17:30,Sunday,18,116.2,62.5,none,indoor_assist
2026-03-15 18:18:00,Sunday,18,112.9,62.5,obstacle_medium,standby
2026-03-15 18:18:30,Sunday,18,70.7,62.5,obstacle_medium,navigation
2026-03-15 18:19:00,Sunday,18,149.0,62.4,none,standby
2026-03-15 18:19:30,Sunday,18,105.0,62.4,none,navigation
2026-03-15 18:20:00,Sunday,18,92.3,62.4,none,standby
2026-03-15 18:20:30,Sunday,18,125.5,62.4,obstacle_medium,standby
2026-03-15 18:21:00,Sunday,18,134.7,62.4,none,navigation
2026-03-15 18:21:30,Sunday,18,69.3,62.3,obstacle_medium,navigation
2026-03-15 18:22:00,Sunday,18,62.7,62.3,obstacle_medium,indoor_assist
2026-03-15 18:22:30,Sunday,18,154.0,62.3,none,standby
2026-03-15 18:23:00,Sunday,18,139.2,62.3,none,indoor_assist
2026-03-15 18:23:30,Sunday,18,135.4,62.3,none,navigation
2026-03-15 18:24:00,Sunday,18,175.3,62.2,low_battery,navigation
2026-03-15 18:24:30,Sunday,18,106.3,62.2,obstacle_medium,standby
2026-03-15 18:25:00,Sunday,18,123.3,62.2,none,navigation
2026-03-15 18:25:30,Sunday,18,152.2,62.2,none,standby
2026-03-15 18:26:00,Sunday,18,116.2,62.2,none,navigation
2026-03-15 18:26:30,Sunday,18,104.6,62.1,none,navigation
2026-03-15 18:27:00,Sunday,18,131.2,62.1,obstacle_medium,indoor_assist
2026-03-15 18:27:30,Sunday,18,113.7,62.1,none,indoor_assist
2026-03-15 18:28:00,Sunday,18,82.3,62.1,none,indoor_assist
2026-03-15 18:28:30,Sunday,18,134.2,62.1,fall_detected,navigation
2026-03-15 18:29:00,Sunday,18,120.7,62.0,obstacle_near,indoor_assist
2026-03-15 18:29:30,Sunday,18,143.5,62.0,none,indoor_assist
2026-03-15 18:30:00,Sunday,18,89.9,62.0,none,navigation
2026-03-15 18:30:30,Sunday,18,119.4,62.0,fall_detected,indoor_assist
2026-03-15 18:31:00,Sunday,18,83.7,62.0,none,navigation
2026-03-15 18:31:30,Sunday,18,102.8,61.9,none,standby
2026-03-15 18:32:00,Sunday,18,155.1,61.9,low_battery,standby
2026-03-15 18:32:30,Sunday,18,179.7,61.9,none,indoor_assist
2026-03-15 18:33:00,Sunday,18,104.5,61.9,obstacle_medium,indoor_assist
2026-03-15 18:33:30,Sunday,18,109.5,61.9,none,navigation
2026-03-15 18:34:00,Sunday,18,135.6,61.8,obstacle_near,indoor_assist
2026-03-15 18:34:30,Sunday,18,88.1,61.8,obstacle_near,navigation
2026-03-15 18:35:00,Sunday,18,104.5,61.8,none,navigation
2026-03-15 18:35:30,Sunday,18,158.9,61.8,low_battery,indoor_assist
2026-03-15 18:36:00,Sunday,18,127.2,61.8,none,navigation
2026-03-15 18:36:30,Sunday,18,149.6,61.7,none,indoor_assist
2026-03-15 18:37:00,Sunday,18,85.9,61.7,none,navigation
2026-03-15 18:37:30,Sunday,18,68.3,61.7,obstacle_medium,navigation
2026-03-15 18:38:00,Sunday,18,142.0,61.7,none,indoor_assist
2026-03-15 18:38:30,Sunday,18,117.9,61.7,none,standby
2026-03-15 18:39:00,Sunday,18,90.8,61.6,none,standby
2026-03-15 18:39:30,Sunday,18,110.3,61.6,obstacle_near,indoor_assist
2026-03-15 18:40:00,Sunday,18,114.3,61.6,none,navigation
2026-03-15 18:40:30,Sunday,18,113.2,61.6,none,navigation
2026-03-15 18:41:00,Sunday,18,123.3,61.6,none,indoor_assist
2026-03-15 18:41:30,Sunday,18,135.6,61.5,none,navigation
2026-03-15 18:42:00,Sunday,18,134.3,61.5,none,navigation
2026-03-15 18:42:30,Sunday,18,86.8,61.5,none,navigation
2026-03-15 18:43:00,Sunday,18,88.8,61.5,obstacle_medium,indoor_assist
2026-03-15 18:43:30,Sunday,18,170.0,61.5,obstacle_medium,standby
2026-03-15 18:44:00,Sunday,18,138.8,61.4,low_battery,navigation
2026-03-15 18:44:30,Sunday,18,123.7,61.4,none,standby
2026-03-15 18:45:00,Sunday,18,144.3,61.4,obstacle_near,indoor_assist
2026-03-15 18:45:30,Sunday,18,136.0,61.4,none,navigation
2026-03-15 18:46:00,Sunday,18,109.1,61.4,none,navigation
2026-03-15 18:46:30,Sunday,18,157.3,61.3,none,indoor_assist
2026-03-15 18:47:00,Sunday,18,76.9,61.3,obstacle_medium,indoor_assist
2026-03-15 18:47:30,Sunday,18,163.8,61.3,none,indoor_assist
2026-03-15 18:48:00,Sunday,18,72.7,61.3,obstacle_medium,indoor_assist
2026-03-15 18:48:30,Sunday,18,88.6,61.3,obstacle_medium,navigation
2026-03-15 18:49:00,Sunday,18,113.6,61.2,obstacle_near,navigation
2026-03-15 18:49:30,Sunday,18,109.9,61.2,none,standby
2026-03-15 18:50:00,Sunday,18,103.4,61.2,obstacle_medium,indoor_assist
2026-03-15 18:50:30,Sunday,18,108.4,61.2,none,indoor_assist
2026-03-15 18:51:00,Sunday,18,108.7,61.2,none,navigation
2026-03-15 18:51:30,Sunday,18,68.9,61.1,obstacle_medium,standby
2026-03-15 18:52:00,Sunday,18,145.3,61.1,obstacle_medium,indoor_assist
2026-03-15 18:52:30,Sunday,18,138.7,61.1,obstacle_medium,navigation
2026-03-15 18:53:00,Sunday,18,121.9,61.1,none,standby
2026-03-15 18:53:30,Sunday,18,95.8,61.1,obstacle_near,standby
2026-03-15 18:54:00,Sunday,18,154.7,61.0,obstacle_near,navigation
2026-03-15 18:54:30,Sunday,18,77.9,61.0,obstacle_medium,navigation
2026-03-15 18:55:00,Sunday,18,128.1,61.0,none,navigation
2026-03-15 18:55:30,Sunday,18,111.6,61.0,none,navigation
2026-03-15 18:56:00,Sunday,18,138.5,61.0,none,navigation
2026-03-15 18:56:30,Sunday,18,147.0,60.9,obstacle_medium,indoor_assist
2026-03-15 18:57:00,Sunday,18,187.4,60.9,none,indoor_assist
2026-03-15 18:57:30,Sunday,18,68.6,60.9,obstacle_medium,indoor_assist
2026-03-15 18:58:00,Sunday,18,80.6,60.9,none,indoor_assist
2026-03-15 18:58:30,Sunday,18,66.0,60.9,obstacle_medium,standby
2026-03-15 18:59:00,Sunday,18,88.5,60.8,obstacle_medium,navigation
2026-03-15 18:59:30,Sunday,18,135.0,60.8,none,navigation
2026-03-15 19:00:00,Sunday,19,176.7,60.8,none,indoor_assist
2026-03-15 19:00:30,Sunday,19,170.6,60.8,obstacle_medium,indoor_assist
2026-03-15 19:01:00,Sunday,19,186.7,60.8,none,indoor_assist
2026-03-15 19:01:30,Sunday,19,182.9,60.7,none,navigation
2026-03-15 19:02:00,Sunday,19,211.7,60.7,none,indoor_assist
2026-03-15 19:02:30,Sunday,19,225.7,60.7,none,indoor_assist
2026-03-15 19:03:00,Sunday,19,220.9,60.7,obstacle_medium,navigation
2026-03-15 19:03:30,Sunday,19,223.9,60.7,low_battery,indoor_assist
2026-03-15 19:04:00,Sunday,19,169.1,60.6,none,indoor_assist
2026-03-15 19:04:30,Sunday,19,177.6,60.6,none,indoor_assist
2026-03-15 19:05:00,Sunday,19,235.1,60.6,none,indoor_assist
2026-03-15 19:05:30,Sunday,19,148.9,60.6,none,navigation
2026-03-15 19:06:00,Sunday,19,125.2,60.6,none,navigation
2026-03-15 19:06:30,Sunday,19,176.9,60.5,obstacle_medium,navigation
2026-03-15 19:07:00,Sunday,19,220.0,60.5,none,indoor_assist
2026-03-15 19:07:30,Sunday,19,206.4,60.5,none,navigation
2026-03-15 19:08:00,Sunday,19,236.5,60.5,none,navigation
2026-03-15 19:08:30,Sunday,19,227.7,60.5,low_battery,indoor_assist
2026-03-15 19:09:00,Sunday,19,192.6,60.4,none,navigation
2026-03-15 19:09:30,Sunday,19,204.9,60.4,none,standby
2026-03-15 19:10:00,Sunday,19,197.7,60.4,none,navigation
2026-03-15 19:10:30,Sunday,19,254.2,60.4,none,navigation
2026-03-15 19:11:00,Sunday,19,188.3,60.4,obstacle_near,navigation
2026-03-15 19:11:30,Sunday,19,260.1,60.3,none,indoor_assist
2026-03-15 19:12:00,Sunday,19,196.5,60.3,none,navigation
2026-03-15 19:12:30,Sunday,19,143.8,60.3,none,indoor_assist
2026-03-15 19:13:00,Sunday,19,173.6,60.3,none,indoor_assist
2026-03-15 19:13:30,Sunday,19,207.3,60.3,none,indoor_assist
2026-03-15 19:14:00,Sunday,19,223.9,60.2,none,navigation
2026-03-15 19:14:30,Sunday,19,185.8,60.2,obstacle_medium,standby
2026-03-15 19:15:00,Sunday,19,214.7,60.2,none,navigation
2026-03-15 19:15:30,Sunday,19,207.9,60.2,none,navigation
2026-03-15 19:16:00,Sunday,19,227.6,60.2,none,navigation
2026-03-15 19:16:30,Sunday,19,166.4,60.1,none,indoor_assist
2026-03-15 19:17:00,Sunday,19,182.8,60.1,none,navigation
2026-03-15 19:17:30,Sunday,19,182.3,60.1,obstacle_medium,indoor_assist
2026-03-15 19:18:00,Sunday,19,194.9,60.1,none,standby
2026-03-15 19:18:30,Sunday,19,207.5,60.1,low_battery,navigation
2026-03-15 19:19:00,Sunday,19,230.1,60.0,none,navigation
2026-03-15 19:19:30,Sunday,19,196.3,60.0,none,standby
2026-03-15 19:20:00,Sunday,19,172.1,60.0,obstacle_medium,indoor_assist
2026-03-15 19:20:30,Sunday,19,259.1,60.0,none,navigation
2026-03-15 19:21:00,Sunday,19,226.3,60.0,obstacle_medium,indoor_assist
2026-03-15 19:21:30,Sunday,19,129.4,59.9,none,indoor_assist
2026-03-15 19:22:00,Sunday,19,168.9,59.9,none,navigation
2026-03-15 19:22:30,Sunday,19,192.0,59.9,none,navigation
2026-03-15 19:23:00,Sunday,19,257.2,59.9,none,indoor_assist
2026-03-15 19:23:30,Sunday,19,177.9,59.9,none,navigation
2026-03-15 19:24:00,Sunday,19,190.9,59.8,none,navigation
2026-03-15 19:24:30,Sunday,19,187.4,59.8,none,navigation
2026-03-15 19:25:00,Sunday,19,196.3,59.8,obstacle_near,navigation
2026-03-15 19:25:30,Sunday,19,191.7,59.8,none,standby
2026-03-15 19:26:00,Sunday,19,212.9,59.8,obstacle_medium,navigation
2026-03-15 19:26:30,Sunday,19,245.9,59.7,obstacle_medium,navigation
2026-03-15 19:27:00,Sunday,19,232.7,59.7,none,navigation
2026-03-15 19:27:30,Sunday,19,245.8,59.7,none,indoor_assist
2026-03-15 19:28:00,Sunday,19,158.7,59.7,none,standby
2026-03-15 19:28:30,Sunday,19,194.1,59.7,none,navigation
2026-03-15 19:29:00,Sunday,19,209.8,59.6,none,navigation
2026-03-15 19:29:30,Sunday,19,197.2,59.6,none,indoor_assist
2026-03-15 19:30:00,Sunday,19,202.8,59.6,obstacle_medium,indoor_assist
2026-03-15 19:30:30,Sunday,19,219.8,59.6,none,navigation
2026-03-15 19:31:00,Sunday,19,177.0,59.6,none,indoor_assist
2026-03-15 19:31:30,Sunday,19,213.8,59.5,low_battery,navigation
2026-03-15 19:32:00,Sunday,19,228.5,59.5,none,navigation
2026-03-15 19:32:30,Sunday,19,238.9,59.5,obstacle_medium,navigation
2026-03-15 19:33:00,Sunday,19,217.2,59.5,low_battery,indoor_assist
2026-03-15 19:33:30,Sunday,19,183.5,59.5,none,indoor_assist
2026-03-15 19:34:00,Sunday,19,192.1,59.4,none,navigation
2026-03-15 19:34:30,Sunday,19,245.8,59.4,obstacle_near,standby
2026-03-15 19:35:00,Sunday,19,230.9,59.4,obstacle_medium,indoor_assist
2026-03-15 19:35:30,Sunday,19,184.5,59.4,none,navigation
2026-03-15 19:36:00,Sunday,19,218.5,59.4,none,indoor_assist
2026-03-15 19:36:30,Sunday,19,172.0,59.3,none,indoor_assist
2026-03-15 19:37:00,Sunday,19,183.3,59.3,obstacle_medium,navigation
2026-03-15 19:37:30,Sunday,19,247.6,59.3,none,navigation
2026-03-15 19:38:00,Sunday,19,229.2,59.3,none,standby
2026-03-15 19:38:30,Sunday,19,219.2,59.3,none,indoor_assist
2026-03-15 19:39:00,Sunday,19,156.3,59.2,none,indoor_assist
2026-03-15 19:39:30,Sunday,19,199.4,59.2,none,navigation
2026-03-15 19:40:00,Sunday,19,169.9,59.2,none,navigation
2026-03-15 19:40:30,Sunday,19,275.0,59.2,none,indoor_assist
2026-03-15 19:41:00,Sunday,19,180.7,59.2,none,indoor_assist
2026-03-15 19:41:30,Sunday,19,208.3,59.1,none,navigation
2026-03-15 19:42:00,Sunday,19,226.0,59.1,obstacle_medium,navigation
2026-03-15 19:42:30,Sunday,19,190.5,59.1,none,indoor_assist
2026-03-15 19:43:00,Sunday,19,215.9,59.1,none,standby
2026-03-15 19:43:30,Sunday,19,194.9,59.1,none,navigation
2026-03-15 19:44:00,Sunday,19,181.4,59.0,obstacle_medium,navigation
2026-03-15 19:44:30,Sunday,19,246.2,59.0,none,navigation
2026-03-15 19:45:00,Sunday,19,164.2,59.0,none,navigation
2026-03-15 19:45:30,Sunday,19,207.8,59.0,obstacle_near,navigation
2026-03-15 19:46:00,Sunday,19,200.1,59.0,fall_detected,indoor_assist
2026-03-15 19:46:30,Sunday,19,227.2,58.9,obstacle_medium,standby
2026-03-15 19:47:00,Sunday,19,247.9,58.9,none,navigation
2026-03-15 19:47:30,Sunday,19,274.3,58.9,none,navigation
2026-03-15 19:48:00,Sunday,19,215.1,58.9,none,navigation
2026-03-15 19:48:30,Sunday,19,204.3,58.9,none,indoor_assist
2026-03-15 19:49:00,Sunday,19,187.8,58.8,none,navigation
2026-03-15 19:49:30,Sunday,19,200.0,58.8,none,navigation
2026-03-15 19:50:00,Sunday,19,177.6,58.8,none,navigation
2026-03-15 19:50:30,Sunday,19,149.0,58.8,none,navigation
2026-03-15 19:51:00,Sunday,19,165.5,58.8,obstacle_medium,navigation
2026-03-15 19:51:30,Sunday,19,236.1,58.7,none,navigation
2026-03-15 19:52:00,Sunday,19,225.7,58.7,none,navigation
2026-03-15 19:52:30,Sunday,19,160.3,58.7,none,navigation
2026-03-15 19:53:00,Sunday,19,189.9,58.7,none,navigation
2026-03-15 19:53:30,Sunday,19,188.5,58.7,none,navigation
2026-03-15 19:54:00,Sunday,19,149.3,58.6,none,navigation
2026-03-15 19:54:30,Sunday,19,167.4,58.6,none,navigation
2026-03-15 19:55:00,Sunday,19,218.9,58.6,none,indoor_assist
2026-03-15 19:55:30,Sunday,19,191.3,58.6,none,indoor_assist
2026-03-15 19:56:00,Sunday,19,188.5,58.6,obstacle_medium,navigation
2026-03-15 19:56:30,Sunday,19,174.0,58.5,low_battery,indoor_assist
2026-03-15 19:57:00,Sunday,19,160.1,58.5,none,navigation
2026-03-15 19:57:30,Sunday,19,212.7,58.5,obstacle_medium,indoor_assist
2026-03-15 19:58:00,Sunday,19,198.8,58.5,none,navigation
2026-03-15 19:58:30,Sunday,19,146.9,58.5,none,navigation
2026-03-15 19:59:00,Sunday,19,197.4,58.4,none,indoor_assist
2026-03-15 19:59:30,Sunday,19,162.6,58.4,none,navigation
